ISO-10303-21;
HEADER;
/* Generated by software containing ST-Developer
 * from STEP Tools, Inc. (www.steptools.com) 
 */

FILE_DESCRIPTION(
/* description */ (''),
/* implementation_level */ '2;1');

FILE_NAME(
/* name */ 'Insert.step',
/* time_stamp */ '2025-12-20T12:13:41-05:00',
/* author */ (''),
/* organization */ (''),
/* preprocessor_version */ 'ST-DEVELOPER v20.1',
/* originating_system */ 'Autodesk Translation Framework v14.21.0.0',
/* authorisation */ '');

FILE_SCHEMA (('AUTOMOTIVE_DESIGN { 1 0 10303 214 3 1 1 }'));
ENDSEC;

DATA;
#10=MECHANICAL_DESIGN_GEOMETRIC_PRESENTATION_REPRESENTATION('',(#13),#9322);
#11=SHAPE_REPRESENTATION_RELATIONSHIP('SRR','None',#9329,#12);
#12=ADVANCED_BREP_SHAPE_REPRESENTATION('',(#14),#9321);
#13=STYLED_ITEM('',(#9338),#14);
#14=MANIFOLD_SOLID_BREP('Pelican 1010 Insert',#4696);
#15=(
BOUNDED_SURFACE()
B_SPLINE_SURFACE(2,2,((#9220,#9221,#9222),(#9223,#9224,#9225),(#9226,#9227,
#9228)),.UNSPECIFIED.,.F.,.F.,.F.)
B_SPLINE_SURFACE_WITH_KNOTS((3,3),(3,3),(0.0872664625997159,1.5707963267949),
(-1.5707963267949,0.),.UNSPECIFIED.)
GEOMETRIC_REPRESENTATION_ITEM()
RATIONAL_B_SPLINE_SURFACE(((1.,0.707106781186548,1.),(0.737277336810122,
0.521333804473595,0.737277336810122),(1.,0.707106781186548,1.)))
REPRESENTATION_ITEM('')
SURFACE()
);
#16=(
BOUNDED_SURFACE()
B_SPLINE_SURFACE(2,2,((#9234,#9235,#9236),(#9237,#9238,#9239),(#9240,#9241,
#9242)),.UNSPECIFIED.,.F.,.F.,.F.)
B_SPLINE_SURFACE_WITH_KNOTS((3,3),(3,3),(0.087266462599716,1.5707963267949),
(0.,1.5707963267949),.UNSPECIFIED.)
GEOMETRIC_REPRESENTATION_ITEM()
RATIONAL_B_SPLINE_SURFACE(((1.,0.707106781186548,1.),(0.737277336810126,
0.521333804473598,0.737277336810126),(1.,0.707106781186548,1.)))
REPRESENTATION_ITEM('')
SURFACE()
);
#17=(
BOUNDED_SURFACE()
B_SPLINE_SURFACE(2,2,((#9244,#9245,#9246),(#9247,#9248,#9249),(#9250,#9251,
#9252)),.UNSPECIFIED.,.F.,.F.,.F.)
B_SPLINE_SURFACE_WITH_KNOTS((3,3),(3,3),(0.0872664625997159,1.5707963267949),
(1.5707963267949,3.14159265358979),.UNSPECIFIED.)
GEOMETRIC_REPRESENTATION_ITEM()
RATIONAL_B_SPLINE_SURFACE(((1.,0.707106781186547,1.),(0.737277336810127,
0.521333804473599,0.737277336810127),(1.,0.707106781186547,1.)))
REPRESENTATION_ITEM('')
SURFACE()
);
#18=(
BOUNDED_SURFACE()
B_SPLINE_SURFACE(2,2,((#9259,#9260,#9261),(#9262,#9263,#9264),(#9265,#9266,
#9267)),.UNSPECIFIED.,.F.,.F.,.F.)
B_SPLINE_SURFACE_WITH_KNOTS((3,3),(3,3),(0.0872664625997153,1.5707963267949),
(-3.14159265358979,-1.5707963267949),.UNSPECIFIED.)
GEOMETRIC_REPRESENTATION_ITEM()
RATIONAL_B_SPLINE_SURFACE(((1.,0.707106781186548,1.),(0.737277336810127,
0.5213338044736,0.737277336810127),(1.,0.707106781186548,1.)))
REPRESENTATION_ITEM('')
SURFACE()
);
#19=FACE_BOUND('',#1569,.T.);
#20=(
BOUNDED_CURVE()
B_SPLINE_CURVE(2,(#8423,#8424,#8425),.UNSPECIFIED.,.F.,.F.)
B_SPLINE_CURVE_WITH_KNOTS((3,3),(0.,0.202708275609113),.UNSPECIFIED.)
CURVE()
GEOMETRIC_REPRESENTATION_ITEM()
RATIONAL_B_SPLINE_CURVE((1.,1.22474487139155,1.))
REPRESENTATION_ITEM('')
);
#21=(
BOUNDED_CURVE()
B_SPLINE_CURVE(2,(#8520,#8521,#8522),.UNSPECIFIED.,.F.,.F.)
B_SPLINE_CURVE_WITH_KNOTS((3,3),(0.,0.202708275609112),.UNSPECIFIED.)
CURVE()
GEOMETRIC_REPRESENTATION_ITEM()
RATIONAL_B_SPLINE_CURVE((1.,1.22474487139165,1.))
REPRESENTATION_ITEM('')
);
#22=(
BOUNDED_CURVE()
B_SPLINE_CURVE(2,(#8596,#8597,#8598),.UNSPECIFIED.,.F.,.F.)
B_SPLINE_CURVE_WITH_KNOTS((3,3),(0.202708275609112,0.405416551218224),
 .UNSPECIFIED.)
CURVE()
GEOMETRIC_REPRESENTATION_ITEM()
RATIONAL_B_SPLINE_CURVE((1.,1.22474487139162,1.))
REPRESENTATION_ITEM('')
);
#23=(
BOUNDED_CURVE()
B_SPLINE_CURVE(2,(#8662,#8663,#8664),.UNSPECIFIED.,.F.,.F.)
B_SPLINE_CURVE_WITH_KNOTS((3,3),(0.202708275609112,0.405416551218223),
 .UNSPECIFIED.)
CURVE()
GEOMETRIC_REPRESENTATION_ITEM()
RATIONAL_B_SPLINE_CURVE((1.,1.22474487139161,1.))
REPRESENTATION_ITEM('')
);
#24=CONICAL_SURFACE('',#4825,26.4999999999994,0.785398163397447);
#25=CONICAL_SURFACE('',#4915,11.0189788109965,0.829031394697309);
#26=CONICAL_SURFACE('',#4919,11.0189788109967,0.829031394697309);
#27=CONICAL_SURFACE('',#4922,11.0189788109975,0.829031394697309);
#28=CONICAL_SURFACE('',#4927,1.5,0.785398163397451);
#29=CONICAL_SURFACE('',#4930,11.,0.0872664625997165);
#30=CONICAL_SURFACE('',#4948,1.5,0.785398163397447);
#31=CONICAL_SURFACE('',#4954,1.5,0.785398163397447);
#32=CONICAL_SURFACE('',#4962,1.5,0.785398163397446);
#33=CONICAL_SURFACE('',#4966,11.0189788109963,0.829031394697309);
#34=CONICAL_SURFACE('',#4982,1.5,0.785398163397448);
#35=CONICAL_SURFACE('',#4985,16.5,0.785398163397449);
#36=CONICAL_SURFACE('',#4989,1.5,0.785398163397445);
#37=CONICAL_SURFACE('',#4993,1.5,0.785398163397445);
#38=CONICAL_SURFACE('',#4997,1.5,0.785398163397448);
#39=CONICAL_SURFACE('',#5001,1.5,0.785398163397447);
#40=CONICAL_SURFACE('',#5005,16.5,0.785398163397448);
#41=CONICAL_SURFACE('',#5009,1.5,0.785398163397446);
#42=CONICAL_SURFACE('',#5013,1.5,0.785398163397451);
#43=CONICAL_SURFACE('',#5017,1.5,0.785398163397447);
#44=CONICAL_SURFACE('',#5021,1.5,0.785398163397447);
#45=CONICAL_SURFACE('',#5025,16.5,0.785398163397448);
#46=CONICAL_SURFACE('',#5029,1.5,0.785398163397447);
#47=CONICAL_SURFACE('',#5033,1.5,0.78539816339745);
#48=CONICAL_SURFACE('',#5037,1.5,0.785398163397447);
#49=CONICAL_SURFACE('',#5041,1.5,0.785398163397447);
#50=CONICAL_SURFACE('',#5045,16.5,0.785398163397451);
#51=CONICAL_SURFACE('',#5049,1.5,0.785398163397449);
#52=CONICAL_SURFACE('',#5053,1.5,0.785398163397449);
#53=CONICAL_SURFACE('',#5057,1.5,0.785398163397448);
#54=CONICAL_SURFACE('',#5130,10.9999999999998,0.0872664625997165);
#55=CONICAL_SURFACE('',#5132,11.0000000000009,0.0872664625997165);
#56=CONICAL_SURFACE('',#5133,11.0000000000001,0.0872664625997165);
#57=SPHERICAL_SURFACE('',#4821,25.9999999999994);
#58=TOROIDAL_SURFACE('',#4746,6.69999999999999,0.7);
#59=TOROIDAL_SURFACE('',#4815,9.29999999999992,0.7);
#60=TOROIDAL_SURFACE('',#4875,6.7,0.7);
#61=TOROIDAL_SURFACE('',#4878,6.7,0.7);
#62=TOROIDAL_SURFACE('',#4884,6.7,0.7);
#63=TOROIDAL_SURFACE('',#4889,6.7,0.7);
#64=TOROIDAL_SURFACE('',#4893,6.7,0.7);
#65=TOROIDAL_SURFACE('',#4903,6.7,0.7);
#66=TOROIDAL_SURFACE('',#4911,6.7,0.7);
#67=PLANE('',#4724);
#68=PLANE('',#4733);
#69=PLANE('',#4748);
#70=PLANE('',#4767);
#71=PLANE('',#4783);
#72=PLANE('',#4788);
#73=PLANE('',#4804);
#74=PLANE('',#4808);
#75=PLANE('',#4809);
#76=PLANE('',#4827);
#77=PLANE('',#4834);
#78=PLANE('',#4836);
#79=PLANE('',#4841);
#80=PLANE('',#4843);
#81=PLANE('',#4847);
#82=PLANE('',#4852);
#83=PLANE('',#4859);
#84=PLANE('',#4862);
#85=PLANE('',#4867);
#86=PLANE('',#4870);
#87=PLANE('',#4877);
#88=PLANE('',#4882);
#89=PLANE('',#4883);
#90=PLANE('',#4887);
#91=PLANE('',#4888);
#92=PLANE('',#4897);
#93=PLANE('',#4898);
#94=PLANE('',#4905);
#95=PLANE('',#4910);
#96=PLANE('',#4912);
#97=PLANE('',#4914);
#98=PLANE('',#4918);
#99=PLANE('',#4925);
#100=PLANE('',#4926);
#101=PLANE('',#4933);
#102=PLANE('',#4934);
#103=PLANE('',#4950);
#104=PLANE('',#4951);
#105=PLANE('',#4952);
#106=PLANE('',#4953);
#107=PLANE('',#4956);
#108=PLANE('',#4957);
#109=PLANE('',#4959);
#110=PLANE('',#4961);
#111=PLANE('',#4965);
#112=PLANE('',#4969);
#113=PLANE('',#4970);
#114=PLANE('',#4972);
#115=PLANE('',#4978);
#116=PLANE('',#4979);
#117=PLANE('',#4980);
#118=PLANE('',#4981);
#119=PLANE('',#4988);
#120=PLANE('',#4992);
#121=PLANE('',#4996);
#122=PLANE('',#5000);
#123=PLANE('',#5004);
#124=PLANE('',#5008);
#125=PLANE('',#5012);
#126=PLANE('',#5016);
#127=PLANE('',#5020);
#128=PLANE('',#5024);
#129=PLANE('',#5028);
#130=PLANE('',#5032);
#131=PLANE('',#5036);
#132=PLANE('',#5040);
#133=PLANE('',#5044);
#134=PLANE('',#5048);
#135=PLANE('',#5052);
#136=PLANE('',#5056);
#137=PLANE('',#5061);
#138=PLANE('',#5063);
#139=PLANE('',#5066);
#140=PLANE('',#5068);
#141=PLANE('',#5070);
#142=PLANE('',#5072);
#143=PLANE('',#5074);
#144=PLANE('',#5076);
#145=PLANE('',#5078);
#146=PLANE('',#5079);
#147=PLANE('',#5080);
#148=PLANE('',#5086);
#149=PLANE('',#5089);
#150=PLANE('',#5092);
#151=PLANE('',#5095);
#152=PLANE('',#5097);
#153=PLANE('',#5099);
#154=PLANE('',#5101);
#155=PLANE('',#5103);
#156=PLANE('',#5105);
#157=PLANE('',#5107);
#158=PLANE('',#5113);
#159=PLANE('',#5131);
#160=PLANE('',#5134);
#161=PLANE('',#5135);
#162=PLANE('',#5136);
#163=PLANE('',#5137);
#164=PLANE('',#5138);
#165=PLANE('',#5140);
#166=PLANE('',#5143);
#167=PLANE('',#5144);
#168=PLANE('',#5149);
#169=PLANE('',#5151);
#170=PLANE('',#5153);
#171=LINE('',#6558,#550);
#172=LINE('',#6559,#551);
#173=LINE('',#6564,#552);
#174=LINE('',#6708,#553);
#175=LINE('',#6709,#554);
#176=LINE('',#6712,#555);
#177=LINE('',#6716,#556);
#178=LINE('',#6719,#557);
#179=LINE('',#6720,#558);
#180=LINE('',#6722,#559);
#181=LINE('',#6850,#560);
#182=LINE('',#6851,#561);
#183=LINE('',#6854,#562);
#184=LINE('',#6856,#563);
#185=LINE('',#6858,#564);
#186=LINE('',#6860,#565);
#187=LINE('',#6864,#566);
#188=LINE('',#6868,#567);
#189=LINE('',#6993,#568);
#190=LINE('',#6998,#569);
#191=LINE('',#7019,#570);
#192=LINE('',#7023,#571);
#193=LINE('',#7027,#572);
#194=LINE('',#7036,#573);
#195=LINE('',#7045,#574);
#196=LINE('',#7054,#575);
#197=LINE('',#7063,#576);
#198=LINE('',#7067,#577);
#199=LINE('',#7070,#578);
#200=LINE('',#7071,#579);
#201=LINE('',#7191,#580);
#202=LINE('',#7192,#581);
#203=LINE('',#7197,#582);
#204=LINE('',#7333,#583);
#205=LINE('',#7334,#584);
#206=LINE('',#7337,#585);
#207=LINE('',#7341,#586);
#208=LINE('',#7343,#587);
#209=LINE('',#7344,#588);
#210=LINE('',#7345,#589);
#211=LINE('',#7473,#590);
#212=LINE('',#7474,#591);
#213=LINE('',#7479,#592);
#214=LINE('',#7600,#593);
#215=LINE('',#7601,#594);
#216=LINE('',#7604,#595);
#217=LINE('',#7606,#596);
#218=LINE('',#7608,#597);
#219=LINE('',#7611,#598);
#220=LINE('',#7612,#599);
#221=LINE('',#7630,#600);
#222=LINE('',#7633,#601);
#223=LINE('',#7638,#602);
#224=LINE('',#7642,#603);
#225=LINE('',#7643,#604);
#226=LINE('',#7648,#605);
#227=LINE('',#7651,#606);
#228=LINE('',#7761,#607);
#229=LINE('',#7763,#608);
#230=LINE('',#7780,#609);
#231=LINE('',#7781,#610);
#232=LINE('',#7783,#611);
#233=LINE('',#7787,#612);
#234=LINE('',#7790,#613);
#235=LINE('',#7792,#614);
#236=LINE('',#7793,#615);
#237=LINE('',#7796,#616);
#238=LINE('',#7803,#617);
#239=LINE('',#7834,#618);
#240=LINE('',#7904,#619);
#241=LINE('',#7935,#620);
#242=LINE('',#8007,#621);
#243=LINE('',#8011,#622);
#244=LINE('',#8024,#623);
#245=LINE('',#8028,#624);
#246=LINE('',#8032,#625);
#247=LINE('',#8045,#626);
#248=LINE('',#8049,#627);
#249=LINE('',#8051,#628);
#250=LINE('',#8052,#629);
#251=LINE('',#8054,#630);
#252=LINE('',#8069,#631);
#253=LINE('',#8072,#632);
#254=LINE('',#8076,#633);
#255=LINE('',#8078,#634);
#256=LINE('',#8080,#635);
#257=LINE('',#8082,#636);
#258=LINE('',#8084,#637);
#259=LINE('',#8087,#638);
#260=LINE('',#8090,#639);
#261=LINE('',#8093,#640);
#262=LINE('',#8094,#641);
#263=LINE('',#8098,#642);
#264=LINE('',#8101,#643);
#265=LINE('',#8104,#644);
#266=LINE('',#8106,#645);
#267=LINE('',#8123,#646);
#268=LINE('',#8126,#647);
#269=LINE('',#8132,#648);
#270=LINE('',#8136,#649);
#271=LINE('',#8137,#650);
#272=LINE('',#8138,#651);
#273=LINE('',#8142,#652);
#274=LINE('',#8145,#653);
#275=LINE('',#8146,#654);
#276=LINE('',#8150,#655);
#277=LINE('',#8153,#656);
#278=LINE('',#8156,#657);
#279=LINE('',#8158,#658);
#280=LINE('',#8175,#659);
#281=LINE('',#8178,#660);
#282=LINE('',#8180,#661);
#283=LINE('',#8186,#662);
#284=LINE('',#8191,#663);
#285=LINE('',#8196,#664);
#286=LINE('',#8200,#665);
#287=LINE('',#8201,#666);
#288=LINE('',#8204,#667);
#289=LINE('',#8205,#668);
#290=LINE('',#8210,#669);
#291=LINE('',#8213,#670);
#292=LINE('',#8215,#671);
#293=LINE('',#8216,#672);
#294=LINE('',#8222,#673);
#295=LINE('',#8228,#674);
#296=LINE('',#8232,#675);
#297=LINE('',#8234,#676);
#298=LINE('',#8236,#677);
#299=LINE('',#8237,#678);
#300=LINE('',#8242,#679);
#301=LINE('',#8246,#680);
#302=LINE('',#8250,#681);
#303=LINE('',#8256,#682);
#304=LINE('',#8260,#683);
#305=LINE('',#8264,#684);
#306=LINE('',#8268,#685);
#307=LINE('',#8272,#686);
#308=LINE('',#8274,#687);
#309=LINE('',#8276,#688);
#310=LINE('',#8277,#689);
#311=LINE('',#8284,#690);
#312=LINE('',#8286,#691);
#313=LINE('',#8287,#692);
#314=LINE('',#8310,#693);
#315=LINE('',#8317,#694);
#316=LINE('',#8325,#695);
#317=LINE('',#8326,#696);
#318=LINE('',#8330,#697);
#319=LINE('',#8336,#698);
#320=LINE('',#8337,#699);
#321=LINE('',#8338,#700);
#322=LINE('',#8345,#701);
#323=LINE('',#8351,#702);
#324=LINE('',#8352,#703);
#325=LINE('',#8353,#704);
#326=LINE('',#8376,#705);
#327=LINE('',#8414,#706);
#328=LINE('',#8416,#707);
#329=LINE('',#8418,#708);
#330=LINE('',#8419,#709);
#331=LINE('',#8455,#710);
#332=LINE('',#8457,#711);
#333=LINE('',#8460,#712);
#334=LINE('',#8462,#713);
#335=LINE('',#8463,#714);
#336=LINE('',#8466,#715);
#337=LINE('',#8468,#716);
#338=LINE('',#8470,#717);
#339=LINE('',#8476,#718);
#340=LINE('',#8480,#719);
#341=LINE('',#8484,#720);
#342=LINE('',#8488,#721);
#343=LINE('',#8492,#722);
#344=LINE('',#8496,#723);
#345=LINE('',#8500,#724);
#346=LINE('',#8504,#725);
#347=LINE('',#8508,#726);
#348=LINE('',#8512,#727);
#349=LINE('',#8516,#728);
#350=LINE('',#8524,#729);
#351=LINE('',#8528,#730);
#352=LINE('',#8529,#731);
#353=LINE('',#8551,#732);
#354=LINE('',#8558,#733);
#355=LINE('',#8580,#734);
#356=LINE('',#8587,#735);
#357=LINE('',#8590,#736);
#358=LINE('',#8592,#737);
#359=LINE('',#8593,#738);
#360=LINE('',#8641,#739);
#361=LINE('',#8643,#740);
#362=LINE('',#8645,#741);
#363=LINE('',#8647,#742);
#364=LINE('',#8649,#743);
#365=LINE('',#8653,#744);
#366=LINE('',#8655,#745);
#367=LINE('',#8657,#746);
#368=LINE('',#8658,#747);
#369=LINE('',#8689,#748);
#370=LINE('',#8696,#749);
#371=LINE('',#8704,#750);
#372=LINE('',#8705,#751);
#373=LINE('',#8710,#752);
#374=LINE('',#8714,#753);
#375=LINE('',#8716,#754);
#376=LINE('',#8717,#755);
#377=LINE('',#8740,#756);
#378=LINE('',#8756,#757);
#379=LINE('',#8758,#758);
#380=LINE('',#8759,#759);
#381=LINE('',#8812,#760);
#382=LINE('',#8816,#761);
#383=LINE('',#8820,#762);
#384=LINE('',#8824,#763);
#385=LINE('',#8828,#764);
#386=LINE('',#8829,#765);
#387=LINE('',#8833,#766);
#388=LINE('',#8835,#767);
#389=LINE('',#8837,#768);
#390=LINE('',#8838,#769);
#391=LINE('',#8841,#770);
#392=LINE('',#8847,#771);
#393=LINE('',#8850,#772);
#394=LINE('',#8852,#773);
#395=LINE('',#8853,#774);
#396=LINE('',#8856,#775);
#397=LINE('',#8858,#776);
#398=LINE('',#8859,#777);
#399=LINE('',#8863,#778);
#400=LINE('',#8870,#779);
#401=LINE('',#8874,#780);
#402=LINE('',#8876,#781);
#403=LINE('',#8877,#782);
#404=LINE('',#8881,#783);
#405=LINE('',#8886,#784);
#406=LINE('',#8888,#785);
#407=LINE('',#8889,#786);
#408=LINE('',#8893,#787);
#409=LINE('',#8898,#788);
#410=LINE('',#8900,#789);
#411=LINE('',#8901,#790);
#412=LINE('',#8905,#791);
#413=LINE('',#8910,#792);
#414=LINE('',#8912,#793);
#415=LINE('',#8913,#794);
#416=LINE('',#8917,#795);
#417=LINE('',#8922,#796);
#418=LINE('',#8924,#797);
#419=LINE('',#8925,#798);
#420=LINE('',#8930,#799);
#421=LINE('',#8934,#800);
#422=LINE('',#8936,#801);
#423=LINE('',#8937,#802);
#424=LINE('',#8941,#803);
#425=LINE('',#8946,#804);
#426=LINE('',#8948,#805);
#427=LINE('',#8949,#806);
#428=LINE('',#8953,#807);
#429=LINE('',#8958,#808);
#430=LINE('',#8960,#809);
#431=LINE('',#8961,#810);
#432=LINE('',#8965,#811);
#433=LINE('',#8970,#812);
#434=LINE('',#8972,#813);
#435=LINE('',#8973,#814);
#436=LINE('',#8977,#815);
#437=LINE('',#8982,#816);
#438=LINE('',#8984,#817);
#439=LINE('',#8985,#818);
#440=LINE('',#8990,#819);
#441=LINE('',#8994,#820);
#442=LINE('',#8996,#821);
#443=LINE('',#8997,#822);
#444=LINE('',#9000,#823);
#445=LINE('',#9005,#824);
#446=LINE('',#9006,#825);
#447=LINE('',#9010,#826);
#448=LINE('',#9015,#827);
#449=LINE('',#9017,#828);
#450=LINE('',#9018,#829);
#451=LINE('',#9022,#830);
#452=LINE('',#9027,#831);
#453=LINE('',#9029,#832);
#454=LINE('',#9030,#833);
#455=LINE('',#9034,#834);
#456=LINE('',#9039,#835);
#457=LINE('',#9041,#836);
#458=LINE('',#9042,#837);
#459=LINE('',#9047,#838);
#460=LINE('',#9051,#839);
#461=LINE('',#9053,#840);
#462=LINE('',#9054,#841);
#463=LINE('',#9058,#842);
#464=LINE('',#9063,#843);
#465=LINE('',#9065,#844);
#466=LINE('',#9066,#845);
#467=LINE('',#9070,#846);
#468=LINE('',#9075,#847);
#469=LINE('',#9077,#848);
#470=LINE('',#9078,#849);
#471=LINE('',#9083,#850);
#472=LINE('',#9084,#851);
#473=LINE('',#9086,#852);
#474=LINE('',#9088,#853);
#475=LINE('',#9090,#854);
#476=LINE('',#9093,#855);
#477=LINE('',#9095,#856);
#478=LINE('',#9096,#857);
#479=LINE('',#9098,#858);
#480=LINE('',#9100,#859);
#481=LINE('',#9101,#860);
#482=LINE('',#9103,#861);
#483=LINE('',#9105,#862);
#484=LINE('',#9107,#863);
#485=LINE('',#9109,#864);
#486=LINE('',#9111,#865);
#487=LINE('',#9113,#866);
#488=LINE('',#9115,#867);
#489=LINE('',#9117,#868);
#490=LINE('',#9119,#869);
#491=LINE('',#9121,#870);
#492=LINE('',#9123,#871);
#493=LINE('',#9125,#872);
#494=LINE('',#9127,#873);
#495=LINE('',#9128,#874);
#496=LINE('',#9134,#875);
#497=LINE('',#9138,#876);
#498=LINE('',#9142,#877);
#499=LINE('',#9145,#878);
#500=LINE('',#9147,#879);
#501=LINE('',#9149,#880);
#502=LINE('',#9153,#881);
#503=LINE('',#9156,#882);
#504=LINE('',#9157,#883);
#505=LINE('',#9160,#884);
#506=LINE('',#9164,#885);
#507=LINE('',#9168,#886);
#508=LINE('',#9171,#887);
#509=LINE('',#9173,#888);
#510=LINE('',#9174,#889);
#511=LINE('',#9177,#890);
#512=LINE('',#9178,#891);
#513=LINE('',#9181,#892);
#514=LINE('',#9182,#893);
#515=LINE('',#9184,#894);
#516=LINE('',#9186,#895);
#517=LINE('',#9188,#896);
#518=LINE('',#9190,#897);
#519=LINE('',#9191,#898);
#520=LINE('',#9194,#899);
#521=LINE('',#9197,#900);
#522=LINE('',#9199,#901);
#523=LINE('',#9200,#902);
#524=LINE('',#9201,#903);
#525=LINE('',#9204,#904);
#526=LINE('',#9205,#905);
#527=LINE('',#9207,#906);
#528=LINE('',#9209,#907);
#529=LINE('',#9211,#908);
#530=LINE('',#9212,#909);
#531=LINE('',#9214,#910);
#532=LINE('',#9233,#911);
#533=LINE('',#9270,#912);
#534=LINE('',#9273,#913);
#535=LINE('',#9276,#914);
#536=LINE('',#9279,#915);
#537=LINE('',#9284,#916);
#538=LINE('',#9290,#917);
#539=LINE('',#9291,#918);
#540=LINE('',#9294,#919);
#541=LINE('',#9295,#920);
#542=LINE('',#9298,#921);
#543=LINE('',#9302,#922);
#544=LINE('',#9306,#923);
#545=LINE('',#9309,#924);
#546=LINE('',#9311,#925);
#547=LINE('',#9313,#926);
#548=LINE('',#9315,#927);
#549=LINE('',#9317,#928);
#550=VECTOR('',#5166,10.);
#551=VECTOR('',#5167,10.);
#552=VECTOR('',#5172,10.);
#553=VECTOR('',#5187,10.);
#554=VECTOR('',#5188,10.);
#555=VECTOR('',#5191,10.);
#556=VECTOR('',#5194,10.);
#557=VECTOR('',#5197,10.);
#558=VECTOR('',#5198,10.);
#559=VECTOR('',#5201,10.);
#560=VECTOR('',#5212,10.);
#561=VECTOR('',#5213,10.);
#562=VECTOR('',#5216,10.);
#563=VECTOR('',#5217,10.);
#564=VECTOR('',#5218,10.);
#565=VECTOR('',#5219,10.);
#566=VECTOR('',#5222,10.);
#567=VECTOR('',#5227,10.);
#568=VECTOR('',#5238,10.);
#569=VECTOR('',#5243,10.);
#570=VECTOR('',#5254,6.);
#571=VECTOR('',#5257,10.);
#572=VECTOR('',#5260,10.);
#573=VECTOR('',#5261,10.);
#574=VECTOR('',#5262,10.);
#575=VECTOR('',#5263,10.);
#576=VECTOR('',#5264,10.);
#577=VECTOR('',#5267,10.);
#578=VECTOR('',#5270,6.);
#579=VECTOR('',#5271,10.);
#580=VECTOR('',#5282,10.);
#581=VECTOR('',#5283,10.);
#582=VECTOR('',#5288,10.);
#583=VECTOR('',#5303,10.);
#584=VECTOR('',#5304,10.);
#585=VECTOR('',#5307,10.);
#586=VECTOR('',#5310,10.);
#587=VECTOR('',#5311,10.);
#588=VECTOR('',#5312,10.);
#589=VECTOR('',#5313,10.);
#590=VECTOR('',#5326,10.);
#591=VECTOR('',#5327,10.);
#592=VECTOR('',#5332,10.);
#593=VECTOR('',#5345,10.);
#594=VECTOR('',#5346,10.);
#595=VECTOR('',#5349,10.);
#596=VECTOR('',#5350,10.);
#597=VECTOR('',#5351,10.);
#598=VECTOR('',#5354,10.);
#599=VECTOR('',#5355,10.);
#600=VECTOR('',#5360,10.);
#601=VECTOR('',#5363,10.);
#602=VECTOR('',#5368,10.);
#603=VECTOR('',#5371,10.);
#604=VECTOR('',#5372,10.);
#605=VECTOR('',#5377,10.);
#606=VECTOR('',#5380,10.);
#607=VECTOR('',#5399,10.);
#608=VECTOR('',#5400,10.);
#609=VECTOR('',#5405,10.);
#610=VECTOR('',#5406,10.);
#611=VECTOR('',#5409,10.);
#612=VECTOR('',#5416,10.);
#613=VECTOR('',#5419,10.);
#614=VECTOR('',#5420,10.);
#615=VECTOR('',#5421,10.);
#616=VECTOR('',#5424,10.);
#617=VECTOR('',#5431,10.);
#618=VECTOR('',#5434,10.);
#619=VECTOR('',#5445,10.);
#620=VECTOR('',#5448,10.);
#621=VECTOR('',#5465,10.);
#622=VECTOR('',#5468,10.);
#623=VECTOR('',#5469,10.);
#624=VECTOR('',#5472,10.);
#625=VECTOR('',#5475,10.);
#626=VECTOR('',#5476,10.);
#627=VECTOR('',#5479,10.);
#628=VECTOR('',#5482,10.);
#629=VECTOR('',#5483,10.);
#630=VECTOR('',#5486,10.);
#631=VECTOR('',#5489,10.);
#632=VECTOR('',#5494,10.);
#633=VECTOR('',#5501,10.);
#634=VECTOR('',#5504,10.);
#635=VECTOR('',#5507,10.);
#636=VECTOR('',#5510,10.);
#637=VECTOR('',#5513,10.);
#638=VECTOR('',#5516,10.);
#639=VECTOR('',#5519,10.);
#640=VECTOR('',#5522,10.);
#641=VECTOR('',#5523,10.);
#642=VECTOR('',#5528,10.);
#643=VECTOR('',#5531,10.);
#644=VECTOR('',#5534,10.);
#645=VECTOR('',#5537,10.);
#646=VECTOR('',#5540,10.);
#647=VECTOR('',#5543,10.);
#648=VECTOR('',#5550,10.);
#649=VECTOR('',#5555,10.);
#650=VECTOR('',#5556,10.);
#651=VECTOR('',#5557,10.);
#652=VECTOR('',#5562,10.);
#653=VECTOR('',#5565,10.);
#654=VECTOR('',#5566,10.);
#655=VECTOR('',#5571,10.);
#656=VECTOR('',#5574,10.);
#657=VECTOR('',#5577,10.);
#658=VECTOR('',#5580,10.);
#659=VECTOR('',#5583,10.);
#660=VECTOR('',#5586,10.);
#661=VECTOR('',#5589,10.);
#662=VECTOR('',#5596,10.);
#663=VECTOR('',#5605,10.);
#664=VECTOR('',#5612,6.);
#665=VECTOR('',#5617,10.);
#666=VECTOR('',#5618,10.);
#667=VECTOR('',#5621,10.);
#668=VECTOR('',#5622,10.);
#669=VECTOR('',#5631,10.);
#670=VECTOR('',#5634,10.);
#671=VECTOR('',#5635,10.);
#672=VECTOR('',#5636,10.);
#673=VECTOR('',#5643,10.);
#674=VECTOR('',#5652,10.);
#675=VECTOR('',#5657,10.);
#676=VECTOR('',#5658,10.);
#677=VECTOR('',#5659,10.);
#678=VECTOR('',#5660,10.);
#679=VECTOR('',#5665,10.);
#680=VECTOR('',#5668,10.);
#681=VECTOR('',#5671,10.);
#682=VECTOR('',#5680,10.);
#683=VECTOR('',#5683,10.);
#684=VECTOR('',#5686,10.);
#685=VECTOR('',#5689,10.);
#686=VECTOR('',#5694,10.);
#687=VECTOR('',#5695,10.);
#688=VECTOR('',#5696,10.);
#689=VECTOR('',#5697,10.);
#690=VECTOR('',#5704,10.);
#691=VECTOR('',#5705,10.);
#692=VECTOR('',#5706,10.);
#693=VECTOR('',#5707,10.);
#694=VECTOR('',#5708,10.);
#695=VECTOR('',#5711,10.);
#696=VECTOR('',#5712,10.);
#697=VECTOR('',#5715,10.);
#698=VECTOR('',#5722,10.);
#699=VECTOR('',#5723,10.);
#700=VECTOR('',#5724,10.);
#701=VECTOR('',#5733,10.);
#702=VECTOR('',#5740,10.);
#703=VECTOR('',#5741,10.);
#704=VECTOR('',#5742,10.);
#705=VECTOR('',#5743,10.);
#706=VECTOR('',#5746,10.);
#707=VECTOR('',#5747,10.);
#708=VECTOR('',#5748,10.);
#709=VECTOR('',#5749,10.);
#710=VECTOR('',#5760,10.);
#711=VECTOR('',#5763,10.);
#712=VECTOR('',#5766,10.);
#713=VECTOR('',#5767,10.);
#714=VECTOR('',#5768,10.);
#715=VECTOR('',#5771,10.);
#716=VECTOR('',#5772,10.);
#717=VECTOR('',#5773,10.);
#718=VECTOR('',#5778,10.);
#719=VECTOR('',#5781,10.);
#720=VECTOR('',#5784,10.);
#721=VECTOR('',#5787,10.);
#722=VECTOR('',#5790,10.);
#723=VECTOR('',#5793,10.);
#724=VECTOR('',#5796,10.);
#725=VECTOR('',#5799,10.);
#726=VECTOR('',#5802,10.);
#727=VECTOR('',#5805,10.);
#728=VECTOR('',#5808,10.);
#729=VECTOR('',#5813,10.);
#730=VECTOR('',#5818,10.);
#731=VECTOR('',#5819,10.);
#732=VECTOR('',#5820,10.);
#733=VECTOR('',#5823,10.);
#734=VECTOR('',#5824,10.);
#735=VECTOR('',#5827,10.);
#736=VECTOR('',#5830,10.);
#737=VECTOR('',#5831,10.);
#738=VECTOR('',#5832,10.);
#739=VECTOR('',#5839,10.);
#740=VECTOR('',#5842,10.);
#741=VECTOR('',#5845,10.);
#742=VECTOR('',#5848,10.);
#743=VECTOR('',#5851,10.);
#744=VECTOR('',#5854,10.);
#745=VECTOR('',#5855,10.);
#746=VECTOR('',#5856,10.);
#747=VECTOR('',#5857,10.);
#748=VECTOR('',#5864,10.);
#749=VECTOR('',#5865,10.);
#750=VECTOR('',#5868,10.);
#751=VECTOR('',#5869,10.);
#752=VECTOR('',#5874,10.);
#753=VECTOR('',#5879,10.);
#754=VECTOR('',#5880,10.);
#755=VECTOR('',#5881,10.);
#756=VECTOR('',#5882,10.);
#757=VECTOR('',#5887,10.);
#758=VECTOR('',#5888,10.);
#759=VECTOR('',#5889,10.);
#760=VECTOR('',#5894,10.);
#761=VECTOR('',#5897,10.);
#762=VECTOR('',#5900,10.);
#763=VECTOR('',#5903,10.);
#764=VECTOR('',#5906,10.);
#765=VECTOR('',#5907,10.);
#766=VECTOR('',#5910,10.);
#767=VECTOR('',#5911,10.);
#768=VECTOR('',#5912,10.);
#769=VECTOR('',#5913,10.);
#770=VECTOR('',#5916,10.);
#771=VECTOR('',#5917,10.);
#772=VECTOR('',#5920,10.);
#773=VECTOR('',#5921,10.);
#774=VECTOR('',#5922,10.);
#775=VECTOR('',#5925,10.);
#776=VECTOR('',#5926,10.);
#777=VECTOR('',#5927,10.);
#778=VECTOR('',#5930,10.);
#779=VECTOR('',#5939,10.);
#780=VECTOR('',#5944,10.);
#781=VECTOR('',#5945,10.);
#782=VECTOR('',#5946,10.);
#783=VECTOR('',#5949,10.);
#784=VECTOR('',#5956,10.);
#785=VECTOR('',#5957,10.);
#786=VECTOR('',#5958,10.);
#787=VECTOR('',#5961,10.);
#788=VECTOR('',#5968,10.);
#789=VECTOR('',#5969,10.);
#790=VECTOR('',#5970,10.);
#791=VECTOR('',#5973,10.);
#792=VECTOR('',#5980,10.);
#793=VECTOR('',#5981,10.);
#794=VECTOR('',#5982,10.);
#795=VECTOR('',#5985,10.);
#796=VECTOR('',#5992,10.);
#797=VECTOR('',#5993,10.);
#798=VECTOR('',#5994,10.);
#799=VECTOR('',#5999,10.);
#800=VECTOR('',#6004,10.);
#801=VECTOR('',#6005,10.);
#802=VECTOR('',#6006,10.);
#803=VECTOR('',#6009,10.);
#804=VECTOR('',#6016,10.);
#805=VECTOR('',#6017,10.);
#806=VECTOR('',#6018,10.);
#807=VECTOR('',#6021,10.);
#808=VECTOR('',#6028,10.);
#809=VECTOR('',#6029,10.);
#810=VECTOR('',#6030,10.);
#811=VECTOR('',#6033,10.);
#812=VECTOR('',#6040,10.);
#813=VECTOR('',#6041,10.);
#814=VECTOR('',#6042,10.);
#815=VECTOR('',#6045,10.);
#816=VECTOR('',#6052,10.);
#817=VECTOR('',#6053,10.);
#818=VECTOR('',#6054,10.);
#819=VECTOR('',#6059,10.);
#820=VECTOR('',#6064,10.);
#821=VECTOR('',#6065,10.);
#822=VECTOR('',#6066,10.);
#823=VECTOR('',#6069,10.);
#824=VECTOR('',#6076,10.);
#825=VECTOR('',#6077,10.);
#826=VECTOR('',#6080,10.);
#827=VECTOR('',#6087,10.);
#828=VECTOR('',#6088,10.);
#829=VECTOR('',#6089,10.);
#830=VECTOR('',#6092,10.);
#831=VECTOR('',#6099,10.);
#832=VECTOR('',#6100,10.);
#833=VECTOR('',#6101,10.);
#834=VECTOR('',#6104,10.);
#835=VECTOR('',#6111,10.);
#836=VECTOR('',#6112,10.);
#837=VECTOR('',#6113,10.);
#838=VECTOR('',#6118,10.);
#839=VECTOR('',#6123,10.);
#840=VECTOR('',#6124,10.);
#841=VECTOR('',#6125,10.);
#842=VECTOR('',#6128,10.);
#843=VECTOR('',#6135,10.);
#844=VECTOR('',#6136,10.);
#845=VECTOR('',#6137,10.);
#846=VECTOR('',#6140,10.);
#847=VECTOR('',#6147,10.);
#848=VECTOR('',#6148,10.);
#849=VECTOR('',#6149,10.);
#850=VECTOR('',#6158,10.);
#851=VECTOR('',#6159,10.);
#852=VECTOR('',#6162,10.);
#853=VECTOR('',#6165,10.);
#854=VECTOR('',#6168,10.);
#855=VECTOR('',#6173,10.);
#856=VECTOR('',#6176,10.);
#857=VECTOR('',#6177,10.);
#858=VECTOR('',#6180,10.);
#859=VECTOR('',#6183,10.);
#860=VECTOR('',#6184,10.);
#861=VECTOR('',#6187,10.);
#862=VECTOR('',#6190,10.);
#863=VECTOR('',#6193,10.);
#864=VECTOR('',#6196,10.);
#865=VECTOR('',#6199,10.);
#866=VECTOR('',#6202,10.);
#867=VECTOR('',#6205,10.);
#868=VECTOR('',#6208,10.);
#869=VECTOR('',#6211,10.);
#870=VECTOR('',#6214,10.);
#871=VECTOR('',#6217,10.);
#872=VECTOR('',#6218,10.);
#873=VECTOR('',#6219,10.);
#874=VECTOR('',#6220,10.);
#875=VECTOR('',#6225,10.);
#876=VECTOR('',#6228,10.);
#877=VECTOR('',#6231,10.);
#878=VECTOR('',#6234,10.);
#879=VECTOR('',#6237,10.);
#880=VECTOR('',#6240,10.);
#881=VECTOR('',#6245,10.);
#882=VECTOR('',#6248,10.);
#883=VECTOR('',#6249,10.);
#884=VECTOR('',#6252,10.);
#885=VECTOR('',#6257,10.);
#886=VECTOR('',#6260,10.);
#887=VECTOR('',#6265,10.);
#888=VECTOR('',#6268,10.);
#889=VECTOR('',#6269,10.);
#890=VECTOR('',#6274,10.);
#891=VECTOR('',#6275,10.);
#892=VECTOR('',#6280,10.);
#893=VECTOR('',#6281,10.);
#894=VECTOR('',#6284,10.);
#895=VECTOR('',#6287,10.);
#896=VECTOR('',#6290,10.);
#897=VECTOR('',#6293,10.);
#898=VECTOR('',#6294,10.);
#899=VECTOR('',#6299,10.);
#900=VECTOR('',#6302,10.);
#901=VECTOR('',#6303,10.);
#902=VECTOR('',#6304,10.);
#903=VECTOR('',#6305,10.);
#904=VECTOR('',#6310,2.);
#905=VECTOR('',#6311,2.);
#906=VECTOR('',#6314,10.);
#907=VECTOR('',#6317,10.);
#908=VECTOR('',#6320,10.);
#909=VECTOR('',#6321,10.);
#910=VECTOR('',#6324,10.);
#911=VECTOR('',#6341,10.);
#912=VECTOR('',#6358,6.);
#913=VECTOR('',#6363,10.);
#914=VECTOR('',#6368,10.);
#915=VECTOR('',#6373,10.);
#916=VECTOR('',#6382,10.);
#917=VECTOR('',#6389,10.);
#918=VECTOR('',#6390,10.);
#919=VECTOR('',#6393,10.);
#920=VECTOR('',#6394,10.);
#921=VECTOR('',#6397,10.);
#922=VECTOR('',#6400,10.);
#923=VECTOR('',#6403,10.);
#924=VECTOR('',#6408,10.);
#925=VECTOR('',#6411,10.);
#926=VECTOR('',#6414,10.);
#927=VECTOR('',#6417,10.);
#928=VECTOR('',#6420,10.);
#929=ELLIPSE('',#4714,0.993730939903071,0.7);
#930=ELLIPSE('',#4717,1.03613106304558,0.7);
#931=ELLIPSE('',#4718,0.993730939903071,0.7);
#932=ELLIPSE('',#4723,0.993730939903071,0.7);
#933=ELLIPSE('',#4725,1.25042695900558,0.7);
#934=ELLIPSE('',#4726,1.25042695900559,0.7);
#935=ELLIPSE('',#4732,0.993730939903071,0.7);
#936=ELLIPSE('',#4734,1.25042695900559,0.7);
#937=ELLIPSE('',#4735,1.25042695900559,0.7);
#938=ELLIPSE('',#4741,0.993730939903069,0.7);
#939=ELLIPSE('',#4744,1.03613106304558,0.7);
#940=ELLIPSE('',#4745,0.993730939903069,0.7);
#941=ELLIPSE('',#4757,0.993730939903073,0.7);
#942=ELLIPSE('',#4760,1.03613106304558,0.7);
#943=ELLIPSE('',#4761,0.993730939903073,0.7);
#944=ELLIPSE('',#4766,0.744924440733138,0.7);
#945=ELLIPSE('',#4768,1.2504269590056,0.7);
#946=ELLIPSE('',#4774,0.744924440733139,0.7);
#947=ELLIPSE('',#4777,0.744924440733138,0.7);
#948=ELLIPSE('',#4782,0.993730939903071,0.7);
#949=ELLIPSE('',#4784,1.25042695900558,0.7);
#950=ELLIPSE('',#4787,1.25042695900559,0.7);
#951=ELLIPSE('',#4789,1.03613106304558,0.7);
#952=ELLIPSE('',#4790,1.03613106304558,0.7);
#953=ELLIPSE('',#4792,0.99373093990307,0.7);
#954=ELLIPSE('',#4795,10.7408722617137,10.6999999999999);
#955=ELLIPSE('',#4796,10.0437212696516,9.99999999999992);
#956=ELLIPSE('',#4799,10.7408722617137,10.6999999999999);
#957=ELLIPSE('',#4800,10.0437212696516,9.99999999999992);
#958=ELLIPSE('',#4802,1.03613106304558,0.7);
#959=ELLIPSE('',#4803,0.993730939903071,0.7);
#960=ELLIPSE('',#4811,1.25042695900559,0.7);
#961=ELLIPSE('',#4814,0.989949493661166,0.7);
#962=ELLIPSE('',#4820,0.989949493661166,0.7);
#963=ELLIPSE('',#4828,1.25042695900559,0.7);
#964=ELLIPSE('',#4829,1.25042695900559,0.7);
#965=ELLIPSE('',#4832,1.25042695900558,0.7);
#966=ELLIPSE('',#4833,1.25042695900561,0.7);
#967=ELLIPSE('',#4837,0.993730939903071,0.7);
#968=ELLIPSE('',#4846,1.25042695900559,0.7);
#969=ELLIPSE('',#4849,1.2504269590056,0.7);
#970=ELLIPSE('',#4851,1.25042695900559,0.7);
#971=ELLIPSE('',#4854,1.25042695900559,0.7);
#972=ELLIPSE('',#4856,0.993730939903071,0.7);
#973=ELLIPSE('',#4857,1.03613106304558,0.7);
#974=ELLIPSE('',#4861,1.2504269590056,0.7);
#975=ELLIPSE('',#4864,1.25042695900559,0.7);
#976=ELLIPSE('',#4866,1.2504269590056,0.7);
#977=ELLIPSE('',#4869,1.25042695900558,0.7);
#978=ELLIPSE('',#4871,0.993730939903071,0.7);
#979=ELLIPSE('',#4873,1.03613106304558,0.7);
#980=ELLIPSE('',#4891,0.744924440733139,0.7);
#981=ELLIPSE('',#4899,2.12835554495182,2.);
#982=ELLIPSE('',#4900,1.03527618041008,1.);
#983=ELLIPSE('',#4901,1.03527618041008,1.);
#984=ELLIPSE('',#4902,2.12835554495182,2.);
#985=ELLIPSE('',#4906,2.12835554495182,2.);
#986=ELLIPSE('',#4907,1.03527618041008,1.);
#987=ELLIPSE('',#4908,1.03527618041008,1.);
#988=ELLIPSE('',#4909,2.12835554495182,2.);
#989=ELLIPSE('',#4913,2.8284271247462,2.);
#990=ELLIPSE('',#4971,2.8284271247462,2.);
#991=ELLIPSE('',#5088,1.10337791896249,1.);
#992=ELLIPSE('',#5091,1.10337791896249,1.);
#993=ELLIPSE('',#5093,2.3094010767585,2.);
#994=ELLIPSE('',#5094,2.3094010767585,2.);
#995=CYLINDRICAL_SURFACE('',#4713,0.7);
#996=CYLINDRICAL_SURFACE('',#4715,0.7);
#997=CYLINDRICAL_SURFACE('',#4722,0.7);
#998=CYLINDRICAL_SURFACE('',#4727,6.);
#999=CYLINDRICAL_SURFACE('',#4731,0.7);
#1000=CYLINDRICAL_SURFACE('',#4736,6.);
#1001=CYLINDRICAL_SURFACE('',#4740,0.7);
#1002=CYLINDRICAL_SURFACE('',#4742,0.7);
#1003=CYLINDRICAL_SURFACE('',#4756,0.7);
#1004=CYLINDRICAL_SURFACE('',#4758,0.7);
#1005=CYLINDRICAL_SURFACE('',#4765,0.7);
#1006=CYLINDRICAL_SURFACE('',#4769,6.);
#1007=CYLINDRICAL_SURFACE('',#4773,0.7);
#1008=CYLINDRICAL_SURFACE('',#4775,0.7);
#1009=CYLINDRICAL_SURFACE('',#4781,0.7);
#1010=CYLINDRICAL_SURFACE('',#4785,6.);
#1011=CYLINDRICAL_SURFACE('',#4786,0.7);
#1012=CYLINDRICAL_SURFACE('',#4791,0.7);
#1013=CYLINDRICAL_SURFACE('',#4801,0.7);
#1014=CYLINDRICAL_SURFACE('',#4805,6.);
#1015=CYLINDRICAL_SURFACE('',#4810,0.7);
#1016=CYLINDRICAL_SURFACE('',#4812,0.7);
#1017=CYLINDRICAL_SURFACE('',#4819,0.7);
#1018=CYLINDRICAL_SURFACE('',#4823,25.9999999999994);
#1019=CYLINDRICAL_SURFACE('',#4835,0.7);
#1020=CYLINDRICAL_SURFACE('',#4838,0.7);
#1021=CYLINDRICAL_SURFACE('',#4840,0.7);
#1022=CYLINDRICAL_SURFACE('',#4842,0.7);
#1023=CYLINDRICAL_SURFACE('',#4844,0.7);
#1024=CYLINDRICAL_SURFACE('',#4845,0.7);
#1025=CYLINDRICAL_SURFACE('',#4848,0.7);
#1026=CYLINDRICAL_SURFACE('',#4850,0.7);
#1027=CYLINDRICAL_SURFACE('',#4853,0.7);
#1028=CYLINDRICAL_SURFACE('',#4855,0.7);
#1029=CYLINDRICAL_SURFACE('',#4860,0.7);
#1030=CYLINDRICAL_SURFACE('',#4863,0.7);
#1031=CYLINDRICAL_SURFACE('',#4865,0.7);
#1032=CYLINDRICAL_SURFACE('',#4868,0.7);
#1033=CYLINDRICAL_SURFACE('',#4872,0.7);
#1034=CYLINDRICAL_SURFACE('',#4880,6.);
#1035=CYLINDRICAL_SURFACE('',#4886,6.);
#1036=CYLINDRICAL_SURFACE('',#4890,0.7);
#1037=CYLINDRICAL_SURFACE('',#4895,6.);
#1038=CYLINDRICAL_SURFACE('',#4932,2.);
#1039=CYLINDRICAL_SURFACE('',#4958,2.);
#1040=CYLINDRICAL_SURFACE('',#4960,1.);
#1041=CYLINDRICAL_SURFACE('',#5060,2.);
#1042=CYLINDRICAL_SURFACE('',#5062,16.);
#1043=CYLINDRICAL_SURFACE('',#5064,2.);
#1044=CYLINDRICAL_SURFACE('',#5065,1.);
#1045=CYLINDRICAL_SURFACE('',#5067,1.);
#1046=CYLINDRICAL_SURFACE('',#5069,2.);
#1047=CYLINDRICAL_SURFACE('',#5071,16.);
#1048=CYLINDRICAL_SURFACE('',#5073,2.);
#1049=CYLINDRICAL_SURFACE('',#5075,1.);
#1050=CYLINDRICAL_SURFACE('',#5077,2.);
#1051=CYLINDRICAL_SURFACE('',#5085,1.);
#1052=CYLINDRICAL_SURFACE('',#5087,1.);
#1053=CYLINDRICAL_SURFACE('',#5090,1.);
#1054=CYLINDRICAL_SURFACE('',#5096,1.);
#1055=CYLINDRICAL_SURFACE('',#5098,1.);
#1056=CYLINDRICAL_SURFACE('',#5100,1.);
#1057=CYLINDRICAL_SURFACE('',#5102,1.);
#1058=CYLINDRICAL_SURFACE('',#5104,2.);
#1059=CYLINDRICAL_SURFACE('',#5106,2.);
#1060=CYLINDRICAL_SURFACE('',#5108,2.);
#1061=CYLINDRICAL_SURFACE('',#5109,2.);
#1062=CYLINDRICAL_SURFACE('',#5110,16.);
#1063=CYLINDRICAL_SURFACE('',#5111,2.);
#1064=CYLINDRICAL_SURFACE('',#5112,2.);
#1065=CYLINDRICAL_SURFACE('',#5114,2.);
#1066=CYLINDRICAL_SURFACE('',#5115,2.);
#1067=CYLINDRICAL_SURFACE('',#5116,9.99999999999992);
#1068=CYLINDRICAL_SURFACE('',#5117,6.);
#1069=CYLINDRICAL_SURFACE('',#5120,6.);
#1070=CYLINDRICAL_SURFACE('',#5126,6.);
#1071=CYLINDRICAL_SURFACE('',#5129,6.);
#1072=CYLINDRICAL_SURFACE('',#5139,16.);
#1073=CYLINDRICAL_SURFACE('',#5141,7.);
#1074=CYLINDRICAL_SURFACE('',#5148,7.);
#1075=CYLINDRICAL_SURFACE('',#5150,7.);
#1076=CYLINDRICAL_SURFACE('',#5152,7.);
#1077=FACE_OUTER_BOUND('',#1351,.T.);
#1078=FACE_OUTER_BOUND('',#1352,.T.);
#1079=FACE_OUTER_BOUND('',#1353,.T.);
#1080=FACE_OUTER_BOUND('',#1354,.T.);
#1081=FACE_OUTER_BOUND('',#1355,.T.);
#1082=FACE_OUTER_BOUND('',#1356,.T.);
#1083=FACE_OUTER_BOUND('',#1357,.T.);
#1084=FACE_OUTER_BOUND('',#1358,.T.);
#1085=FACE_OUTER_BOUND('',#1359,.T.);
#1086=FACE_OUTER_BOUND('',#1360,.T.);
#1087=FACE_OUTER_BOUND('',#1361,.T.);
#1088=FACE_OUTER_BOUND('',#1362,.T.);
#1089=FACE_OUTER_BOUND('',#1363,.T.);
#1090=FACE_OUTER_BOUND('',#1364,.T.);
#1091=FACE_OUTER_BOUND('',#1365,.T.);
#1092=FACE_OUTER_BOUND('',#1366,.T.);
#1093=FACE_OUTER_BOUND('',#1367,.T.);
#1094=FACE_OUTER_BOUND('',#1368,.T.);
#1095=FACE_OUTER_BOUND('',#1369,.T.);
#1096=FACE_OUTER_BOUND('',#1370,.T.);
#1097=FACE_OUTER_BOUND('',#1371,.T.);
#1098=FACE_OUTER_BOUND('',#1372,.T.);
#1099=FACE_OUTER_BOUND('',#1373,.T.);
#1100=FACE_OUTER_BOUND('',#1374,.T.);
#1101=FACE_OUTER_BOUND('',#1375,.T.);
#1102=FACE_OUTER_BOUND('',#1376,.T.);
#1103=FACE_OUTER_BOUND('',#1377,.T.);
#1104=FACE_OUTER_BOUND('',#1378,.T.);
#1105=FACE_OUTER_BOUND('',#1379,.T.);
#1106=FACE_OUTER_BOUND('',#1380,.T.);
#1107=FACE_OUTER_BOUND('',#1381,.T.);
#1108=FACE_OUTER_BOUND('',#1382,.T.);
#1109=FACE_OUTER_BOUND('',#1383,.T.);
#1110=FACE_OUTER_BOUND('',#1384,.T.);
#1111=FACE_OUTER_BOUND('',#1385,.T.);
#1112=FACE_OUTER_BOUND('',#1386,.T.);
#1113=FACE_OUTER_BOUND('',#1387,.T.);
#1114=FACE_OUTER_BOUND('',#1388,.T.);
#1115=FACE_OUTER_BOUND('',#1389,.T.);
#1116=FACE_OUTER_BOUND('',#1390,.T.);
#1117=FACE_OUTER_BOUND('',#1391,.T.);
#1118=FACE_OUTER_BOUND('',#1392,.T.);
#1119=FACE_OUTER_BOUND('',#1393,.T.);
#1120=FACE_OUTER_BOUND('',#1394,.T.);
#1121=FACE_OUTER_BOUND('',#1395,.T.);
#1122=FACE_OUTER_BOUND('',#1396,.T.);
#1123=FACE_OUTER_BOUND('',#1397,.T.);
#1124=FACE_OUTER_BOUND('',#1398,.T.);
#1125=FACE_OUTER_BOUND('',#1399,.T.);
#1126=FACE_OUTER_BOUND('',#1400,.T.);
#1127=FACE_OUTER_BOUND('',#1401,.T.);
#1128=FACE_OUTER_BOUND('',#1402,.T.);
#1129=FACE_OUTER_BOUND('',#1403,.T.);
#1130=FACE_OUTER_BOUND('',#1404,.T.);
#1131=FACE_OUTER_BOUND('',#1405,.T.);
#1132=FACE_OUTER_BOUND('',#1406,.T.);
#1133=FACE_OUTER_BOUND('',#1407,.T.);
#1134=FACE_OUTER_BOUND('',#1408,.T.);
#1135=FACE_OUTER_BOUND('',#1409,.T.);
#1136=FACE_OUTER_BOUND('',#1410,.T.);
#1137=FACE_OUTER_BOUND('',#1411,.T.);
#1138=FACE_OUTER_BOUND('',#1412,.T.);
#1139=FACE_OUTER_BOUND('',#1413,.T.);
#1140=FACE_OUTER_BOUND('',#1414,.T.);
#1141=FACE_OUTER_BOUND('',#1415,.T.);
#1142=FACE_OUTER_BOUND('',#1416,.T.);
#1143=FACE_OUTER_BOUND('',#1417,.T.);
#1144=FACE_OUTER_BOUND('',#1418,.T.);
#1145=FACE_OUTER_BOUND('',#1419,.T.);
#1146=FACE_OUTER_BOUND('',#1420,.T.);
#1147=FACE_OUTER_BOUND('',#1421,.T.);
#1148=FACE_OUTER_BOUND('',#1422,.T.);
#1149=FACE_OUTER_BOUND('',#1423,.T.);
#1150=FACE_OUTER_BOUND('',#1424,.T.);
#1151=FACE_OUTER_BOUND('',#1425,.T.);
#1152=FACE_OUTER_BOUND('',#1426,.T.);
#1153=FACE_OUTER_BOUND('',#1427,.T.);
#1154=FACE_OUTER_BOUND('',#1428,.T.);
#1155=FACE_OUTER_BOUND('',#1429,.T.);
#1156=FACE_OUTER_BOUND('',#1430,.T.);
#1157=FACE_OUTER_BOUND('',#1431,.T.);
#1158=FACE_OUTER_BOUND('',#1432,.T.);
#1159=FACE_OUTER_BOUND('',#1433,.T.);
#1160=FACE_OUTER_BOUND('',#1434,.T.);
#1161=FACE_OUTER_BOUND('',#1435,.T.);
#1162=FACE_OUTER_BOUND('',#1436,.T.);
#1163=FACE_OUTER_BOUND('',#1437,.T.);
#1164=FACE_OUTER_BOUND('',#1438,.T.);
#1165=FACE_OUTER_BOUND('',#1439,.T.);
#1166=FACE_OUTER_BOUND('',#1440,.T.);
#1167=FACE_OUTER_BOUND('',#1441,.T.);
#1168=FACE_OUTER_BOUND('',#1442,.T.);
#1169=FACE_OUTER_BOUND('',#1443,.T.);
#1170=FACE_OUTER_BOUND('',#1444,.T.);
#1171=FACE_OUTER_BOUND('',#1445,.T.);
#1172=FACE_OUTER_BOUND('',#1446,.T.);
#1173=FACE_OUTER_BOUND('',#1447,.T.);
#1174=FACE_OUTER_BOUND('',#1448,.T.);
#1175=FACE_OUTER_BOUND('',#1449,.T.);
#1176=FACE_OUTER_BOUND('',#1450,.T.);
#1177=FACE_OUTER_BOUND('',#1451,.T.);
#1178=FACE_OUTER_BOUND('',#1452,.T.);
#1179=FACE_OUTER_BOUND('',#1453,.T.);
#1180=FACE_OUTER_BOUND('',#1454,.T.);
#1181=FACE_OUTER_BOUND('',#1455,.T.);
#1182=FACE_OUTER_BOUND('',#1456,.T.);
#1183=FACE_OUTER_BOUND('',#1457,.T.);
#1184=FACE_OUTER_BOUND('',#1458,.T.);
#1185=FACE_OUTER_BOUND('',#1459,.T.);
#1186=FACE_OUTER_BOUND('',#1460,.T.);
#1187=FACE_OUTER_BOUND('',#1461,.T.);
#1188=FACE_OUTER_BOUND('',#1462,.T.);
#1189=FACE_OUTER_BOUND('',#1463,.T.);
#1190=FACE_OUTER_BOUND('',#1464,.T.);
#1191=FACE_OUTER_BOUND('',#1465,.T.);
#1192=FACE_OUTER_BOUND('',#1466,.T.);
#1193=FACE_OUTER_BOUND('',#1467,.T.);
#1194=FACE_OUTER_BOUND('',#1468,.T.);
#1195=FACE_OUTER_BOUND('',#1469,.T.);
#1196=FACE_OUTER_BOUND('',#1470,.T.);
#1197=FACE_OUTER_BOUND('',#1471,.T.);
#1198=FACE_OUTER_BOUND('',#1472,.T.);
#1199=FACE_OUTER_BOUND('',#1473,.T.);
#1200=FACE_OUTER_BOUND('',#1474,.T.);
#1201=FACE_OUTER_BOUND('',#1475,.T.);
#1202=FACE_OUTER_BOUND('',#1476,.T.);
#1203=FACE_OUTER_BOUND('',#1477,.T.);
#1204=FACE_OUTER_BOUND('',#1478,.T.);
#1205=FACE_OUTER_BOUND('',#1479,.T.);
#1206=FACE_OUTER_BOUND('',#1480,.T.);
#1207=FACE_OUTER_BOUND('',#1481,.T.);
#1208=FACE_OUTER_BOUND('',#1482,.T.);
#1209=FACE_OUTER_BOUND('',#1483,.T.);
#1210=FACE_OUTER_BOUND('',#1484,.T.);
#1211=FACE_OUTER_BOUND('',#1485,.T.);
#1212=FACE_OUTER_BOUND('',#1486,.T.);
#1213=FACE_OUTER_BOUND('',#1487,.T.);
#1214=FACE_OUTER_BOUND('',#1488,.T.);
#1215=FACE_OUTER_BOUND('',#1489,.T.);
#1216=FACE_OUTER_BOUND('',#1490,.T.);
#1217=FACE_OUTER_BOUND('',#1491,.T.);
#1218=FACE_OUTER_BOUND('',#1492,.T.);
#1219=FACE_OUTER_BOUND('',#1493,.T.);
#1220=FACE_OUTER_BOUND('',#1494,.T.);
#1221=FACE_OUTER_BOUND('',#1495,.T.);
#1222=FACE_OUTER_BOUND('',#1496,.T.);
#1223=FACE_OUTER_BOUND('',#1497,.T.);
#1224=FACE_OUTER_BOUND('',#1498,.T.);
#1225=FACE_OUTER_BOUND('',#1499,.T.);
#1226=FACE_OUTER_BOUND('',#1500,.T.);
#1227=FACE_OUTER_BOUND('',#1501,.T.);
#1228=FACE_OUTER_BOUND('',#1502,.T.);
#1229=FACE_OUTER_BOUND('',#1503,.T.);
#1230=FACE_OUTER_BOUND('',#1504,.T.);
#1231=FACE_OUTER_BOUND('',#1505,.T.);
#1232=FACE_OUTER_BOUND('',#1506,.T.);
#1233=FACE_OUTER_BOUND('',#1507,.T.);
#1234=FACE_OUTER_BOUND('',#1508,.T.);
#1235=FACE_OUTER_BOUND('',#1509,.T.);
#1236=FACE_OUTER_BOUND('',#1510,.T.);
#1237=FACE_OUTER_BOUND('',#1511,.T.);
#1238=FACE_OUTER_BOUND('',#1512,.T.);
#1239=FACE_OUTER_BOUND('',#1513,.T.);
#1240=FACE_OUTER_BOUND('',#1514,.T.);
#1241=FACE_OUTER_BOUND('',#1515,.T.);
#1242=FACE_OUTER_BOUND('',#1516,.T.);
#1243=FACE_OUTER_BOUND('',#1517,.T.);
#1244=FACE_OUTER_BOUND('',#1518,.T.);
#1245=FACE_OUTER_BOUND('',#1519,.T.);
#1246=FACE_OUTER_BOUND('',#1520,.T.);
#1247=FACE_OUTER_BOUND('',#1521,.T.);
#1248=FACE_OUTER_BOUND('',#1522,.T.);
#1249=FACE_OUTER_BOUND('',#1523,.T.);
#1250=FACE_OUTER_BOUND('',#1524,.T.);
#1251=FACE_OUTER_BOUND('',#1525,.T.);
#1252=FACE_OUTER_BOUND('',#1526,.T.);
#1253=FACE_OUTER_BOUND('',#1527,.T.);
#1254=FACE_OUTER_BOUND('',#1528,.T.);
#1255=FACE_OUTER_BOUND('',#1529,.T.);
#1256=FACE_OUTER_BOUND('',#1530,.T.);
#1257=FACE_OUTER_BOUND('',#1531,.T.);
#1258=FACE_OUTER_BOUND('',#1532,.T.);
#1259=FACE_OUTER_BOUND('',#1533,.T.);
#1260=FACE_OUTER_BOUND('',#1534,.T.);
#1261=FACE_OUTER_BOUND('',#1535,.T.);
#1262=FACE_OUTER_BOUND('',#1536,.T.);
#1263=FACE_OUTER_BOUND('',#1537,.T.);
#1264=FACE_OUTER_BOUND('',#1538,.T.);
#1265=FACE_OUTER_BOUND('',#1539,.T.);
#1266=FACE_OUTER_BOUND('',#1540,.T.);
#1267=FACE_OUTER_BOUND('',#1541,.T.);
#1268=FACE_OUTER_BOUND('',#1542,.T.);
#1269=FACE_OUTER_BOUND('',#1543,.T.);
#1270=FACE_OUTER_BOUND('',#1544,.T.);
#1271=FACE_OUTER_BOUND('',#1545,.T.);
#1272=FACE_OUTER_BOUND('',#1546,.T.);
#1273=FACE_OUTER_BOUND('',#1547,.T.);
#1274=FACE_OUTER_BOUND('',#1548,.T.);
#1275=FACE_OUTER_BOUND('',#1549,.T.);
#1276=FACE_OUTER_BOUND('',#1550,.T.);
#1277=FACE_OUTER_BOUND('',#1551,.T.);
#1278=FACE_OUTER_BOUND('',#1552,.T.);
#1279=FACE_OUTER_BOUND('',#1553,.T.);
#1280=FACE_OUTER_BOUND('',#1554,.T.);
#1281=FACE_OUTER_BOUND('',#1555,.T.);
#1282=FACE_OUTER_BOUND('',#1556,.T.);
#1283=FACE_OUTER_BOUND('',#1557,.T.);
#1284=FACE_OUTER_BOUND('',#1558,.T.);
#1285=FACE_OUTER_BOUND('',#1559,.T.);
#1286=FACE_OUTER_BOUND('',#1560,.T.);
#1287=FACE_OUTER_BOUND('',#1561,.T.);
#1288=FACE_OUTER_BOUND('',#1562,.T.);
#1289=FACE_OUTER_BOUND('',#1563,.T.);
#1290=FACE_OUTER_BOUND('',#1564,.T.);
#1291=FACE_OUTER_BOUND('',#1565,.T.);
#1292=FACE_OUTER_BOUND('',#1566,.T.);
#1293=FACE_OUTER_BOUND('',#1567,.T.);
#1294=FACE_OUTER_BOUND('',#1568,.T.);
#1295=FACE_OUTER_BOUND('',#1570,.T.);
#1296=FACE_OUTER_BOUND('',#1571,.T.);
#1297=FACE_OUTER_BOUND('',#1572,.T.);
#1298=FACE_OUTER_BOUND('',#1573,.T.);
#1299=FACE_OUTER_BOUND('',#1574,.T.);
#1300=FACE_OUTER_BOUND('',#1575,.T.);
#1301=FACE_OUTER_BOUND('',#1576,.T.);
#1302=FACE_OUTER_BOUND('',#1577,.T.);
#1303=FACE_OUTER_BOUND('',#1578,.T.);
#1304=FACE_OUTER_BOUND('',#1579,.T.);
#1305=FACE_OUTER_BOUND('',#1580,.T.);
#1306=FACE_OUTER_BOUND('',#1581,.T.);
#1307=FACE_OUTER_BOUND('',#1582,.T.);
#1308=FACE_OUTER_BOUND('',#1583,.T.);
#1309=FACE_OUTER_BOUND('',#1584,.T.);
#1310=FACE_OUTER_BOUND('',#1585,.T.);
#1311=FACE_OUTER_BOUND('',#1586,.T.);
#1312=FACE_OUTER_BOUND('',#1587,.T.);
#1313=FACE_OUTER_BOUND('',#1588,.T.);
#1314=FACE_OUTER_BOUND('',#1589,.T.);
#1315=FACE_OUTER_BOUND('',#1590,.T.);
#1316=FACE_OUTER_BOUND('',#1591,.T.);
#1317=FACE_OUTER_BOUND('',#1592,.T.);
#1318=FACE_OUTER_BOUND('',#1593,.T.);
#1319=FACE_OUTER_BOUND('',#1594,.T.);
#1320=FACE_OUTER_BOUND('',#1595,.T.);
#1321=FACE_OUTER_BOUND('',#1596,.T.);
#1322=FACE_OUTER_BOUND('',#1597,.T.);
#1323=FACE_OUTER_BOUND('',#1598,.T.);
#1324=FACE_OUTER_BOUND('',#1599,.T.);
#1325=FACE_OUTER_BOUND('',#1600,.T.);
#1326=FACE_OUTER_BOUND('',#1601,.T.);
#1327=FACE_OUTER_BOUND('',#1602,.T.);
#1328=FACE_OUTER_BOUND('',#1603,.T.);
#1329=FACE_OUTER_BOUND('',#1604,.T.);
#1330=FACE_OUTER_BOUND('',#1605,.T.);
#1331=FACE_OUTER_BOUND('',#1606,.T.);
#1332=FACE_OUTER_BOUND('',#1607,.T.);
#1333=FACE_OUTER_BOUND('',#1608,.T.);
#1334=FACE_OUTER_BOUND('',#1609,.T.);
#1335=FACE_OUTER_BOUND('',#1610,.T.);
#1336=FACE_OUTER_BOUND('',#1611,.T.);
#1337=FACE_OUTER_BOUND('',#1612,.T.);
#1338=FACE_OUTER_BOUND('',#1613,.T.);
#1339=FACE_OUTER_BOUND('',#1614,.T.);
#1340=FACE_OUTER_BOUND('',#1615,.T.);
#1341=FACE_OUTER_BOUND('',#1616,.T.);
#1342=FACE_OUTER_BOUND('',#1617,.T.);
#1343=FACE_OUTER_BOUND('',#1618,.T.);
#1344=FACE_OUTER_BOUND('',#1619,.T.);
#1345=FACE_OUTER_BOUND('',#1620,.T.);
#1346=FACE_OUTER_BOUND('',#1621,.T.);
#1347=FACE_OUTER_BOUND('',#1622,.T.);
#1348=FACE_OUTER_BOUND('',#1623,.T.);
#1349=FACE_OUTER_BOUND('',#1624,.T.);
#1350=FACE_OUTER_BOUND('',#1625,.T.);
#1351=EDGE_LOOP('',(#2991,#2992,#2993,#2994));
#1352=EDGE_LOOP('',(#2995,#2996,#2997));
#1353=EDGE_LOOP('',(#2998,#2999,#3000,#3001));
#1354=EDGE_LOOP('',(#3002,#3003,#3004,#3005));
#1355=EDGE_LOOP('',(#3006,#3007,#3008,#3009,#3010,#3011,#3012));
#1356=EDGE_LOOP('',(#3013,#3014,#3015,#3016));
#1357=EDGE_LOOP('',(#3017,#3018,#3019));
#1358=EDGE_LOOP('',(#3020,#3021,#3022,#3023));
#1359=EDGE_LOOP('',(#3024,#3025,#3026,#3027));
#1360=EDGE_LOOP('',(#3028,#3029,#3030,#3031,#3032,#3033,#3034,#3035));
#1361=EDGE_LOOP('',(#3036,#3037,#3038,#3039,#3040,#3041));
#1362=EDGE_LOOP('',(#3042,#3043,#3044,#3045));
#1363=EDGE_LOOP('',(#3046,#3047,#3048));
#1364=EDGE_LOOP('',(#3049,#3050,#3051,#3052));
#1365=EDGE_LOOP('',(#3053,#3054,#3055,#3056));
#1366=EDGE_LOOP('',(#3057,#3058,#3059,#3060,#3061,#3062,#3063,#3064));
#1367=EDGE_LOOP('',(#3065,#3066,#3067,#3068,#3069,#3070));
#1368=EDGE_LOOP('',(#3071,#3072,#3073,#3074));
#1369=EDGE_LOOP('',(#3075,#3076,#3077));
#1370=EDGE_LOOP('',(#3078,#3079,#3080,#3081));
#1371=EDGE_LOOP('',(#3082,#3083,#3084,#3085));
#1372=EDGE_LOOP('',(#3086,#3087,#3088,#3089,#3090,#3091,#3092));
#1373=EDGE_LOOP('',(#3093,#3094,#3095,#3096));
#1374=EDGE_LOOP('',(#3097,#3098,#3099,#3100,#3101,#3102,#3103,#3104,#3105,
#3106,#3107,#3108,#3109,#3110,#3111,#3112,#3113,#3114,#3115,#3116,#3117,
#3118,#3119,#3120));
#1375=EDGE_LOOP('',(#3121,#3122,#3123,#3124));
#1376=EDGE_LOOP('',(#3125,#3126,#3127));
#1377=EDGE_LOOP('',(#3128,#3129,#3130,#3131));
#1378=EDGE_LOOP('',(#3132,#3133,#3134,#3135));
#1379=EDGE_LOOP('',(#3136,#3137,#3138,#3139,#3140,#3141,#3142));
#1380=EDGE_LOOP('',(#3143,#3144,#3145,#3146));
#1381=EDGE_LOOP('',(#3147,#3148,#3149));
#1382=EDGE_LOOP('',(#3150,#3151,#3152,#3153));
#1383=EDGE_LOOP('',(#3154,#3155,#3156,#3157));
#1384=EDGE_LOOP('',(#3158,#3159,#3160,#3161,#3162,#3163,#3164,#3165));
#1385=EDGE_LOOP('',(#3166,#3167,#3168,#3169,#3170,#3171));
#1386=EDGE_LOOP('',(#3172,#3173,#3174,#3175));
#1387=EDGE_LOOP('',(#3176,#3177,#3178));
#1388=EDGE_LOOP('',(#3179,#3180,#3181,#3182));
#1389=EDGE_LOOP('',(#3183,#3184,#3185,#3186));
#1390=EDGE_LOOP('',(#3187,#3188,#3189,#3190,#3191));
#1391=EDGE_LOOP('',(#3192,#3193,#3194,#3195));
#1392=EDGE_LOOP('',(#3196,#3197,#3198));
#1393=EDGE_LOOP('',(#3199,#3200,#3201,#3202));
#1394=EDGE_LOOP('',(#3203,#3204,#3205,#3206));
#1395=EDGE_LOOP('',(#3207,#3208,#3209,#3210,#3211,#3212,#3213,#3214));
#1396=EDGE_LOOP('',(#3215,#3216,#3217,#3218,#3219,#3220));
#1397=EDGE_LOOP('',(#3221,#3222,#3223,#3224));
#1398=EDGE_LOOP('',(#3225,#3226,#3227,#3228,#3229,#3230));
#1399=EDGE_LOOP('',(#3231,#3232,#3233,#3234,#3235,#3236));
#1400=EDGE_LOOP('',(#3237,#3238,#3239,#3240));
#1401=EDGE_LOOP('',(#3241,#3242,#3243,#3244));
#1402=EDGE_LOOP('',(#3245,#3246,#3247,#3248));
#1403=EDGE_LOOP('',(#3249,#3250,#3251,#3252,#3253,#3254));
#1404=EDGE_LOOP('',(#3255,#3256,#3257,#3258,#3259));
#1405=EDGE_LOOP('',(#3260,#3261,#3262,#3263,#3264,#3265));
#1406=EDGE_LOOP('',(#3266,#3267,#3268,#3269,#3270));
#1407=EDGE_LOOP('',(#3271,#3272,#3273,#3274,#3275,#3276));
#1408=EDGE_LOOP('',(#3277,#3278,#3279,#3280));
#1409=EDGE_LOOP('',(#3281,#3282,#3283,#3284,#3285,#3286));
#1410=EDGE_LOOP('',(#3287,#3288,#3289,#3290,#3291,#3292));
#1411=EDGE_LOOP('',(#3293,#3294,#3295,#3296));
#1412=EDGE_LOOP('',(#3297,#3298,#3299,#3300,#3301,#3302));
#1413=EDGE_LOOP('',(#3303,#3304,#3305,#3306,#3307,#3308));
#1414=EDGE_LOOP('',(#3309,#3310));
#1415=EDGE_LOOP('',(#3311,#3312,#3313,#3314));
#1416=EDGE_LOOP('',(#3315,#3316,#3317,#3318,#3319,#3320,#3321,#3322));
#1417=EDGE_LOOP('',(#3323,#3324,#3325,#3326,#3327,#3328,#3329,#3330,#3331,
#3332,#3333,#3334,#3335,#3336,#3337,#3338,#3339,#3340,#3341,#3342,#3343,
#3344,#3345,#3346,#3347,#3348));
#1418=EDGE_LOOP('',(#3349,#3350,#3351,#3352,#3353,#3354,#3355));
#1419=EDGE_LOOP('',(#3356,#3357,#3358,#3359));
#1420=EDGE_LOOP('',(#3360,#3361,#3362,#3363,#3364,#3365));
#1421=EDGE_LOOP('',(#3366,#3367,#3368,#3369,#3370,#3371,#3372));
#1422=EDGE_LOOP('',(#3373,#3374,#3375,#3376));
#1423=EDGE_LOOP('',(#3377,#3378,#3379,#3380));
#1424=EDGE_LOOP('',(#3381,#3382,#3383,#3384));
#1425=EDGE_LOOP('',(#3385,#3386,#3387,#3388,#3389,#3390));
#1426=EDGE_LOOP('',(#3391,#3392,#3393,#3394));
#1427=EDGE_LOOP('',(#3395,#3396,#3397,#3398));
#1428=EDGE_LOOP('',(#3399,#3400,#3401,#3402,#3403,#3404));
#1429=EDGE_LOOP('',(#3405,#3406,#3407,#3408));
#1430=EDGE_LOOP('',(#3409,#3410,#3411,#3412));
#1431=EDGE_LOOP('',(#3413,#3414,#3415,#3416));
#1432=EDGE_LOOP('',(#3417,#3418,#3419,#3420));
#1433=EDGE_LOOP('',(#3421,#3422,#3423,#3424,#3425,#3426,#3427));
#1434=EDGE_LOOP('',(#3428,#3429,#3430,#3431,#3432,#3433));
#1435=EDGE_LOOP('',(#3434,#3435,#3436,#3437));
#1436=EDGE_LOOP('',(#3438,#3439,#3440,#3441,#3442,#3443));
#1437=EDGE_LOOP('',(#3444,#3445,#3446,#3447));
#1438=EDGE_LOOP('',(#3448,#3449,#3450,#3451));
#1439=EDGE_LOOP('',(#3452,#3453,#3454,#3455));
#1440=EDGE_LOOP('',(#3456,#3457,#3458,#3459));
#1441=EDGE_LOOP('',(#3460,#3461,#3462,#3463,#3464,#3465));
#1442=EDGE_LOOP('',(#3466,#3467,#3468,#3469,#3470,#3471,#3472));
#1443=EDGE_LOOP('',(#3473,#3474,#3475,#3476));
#1444=EDGE_LOOP('',(#3477,#3478,#3479,#3480));
#1445=EDGE_LOOP('',(#3481,#3482,#3483,#3484));
#1446=EDGE_LOOP('',(#3485,#3486,#3487,#3488));
#1447=EDGE_LOOP('',(#3489,#3490,#3491,#3492));
#1448=EDGE_LOOP('',(#3493,#3494,#3495,#3496,#3497));
#1449=EDGE_LOOP('',(#3498,#3499,#3500,#3501));
#1450=EDGE_LOOP('',(#3502,#3503,#3504,#3505));
#1451=EDGE_LOOP('',(#3506,#3507,#3508,#3509,#3510,#3511));
#1452=EDGE_LOOP('',(#3512,#3513,#3514,#3515,#3516));
#1453=EDGE_LOOP('',(#3517,#3518,#3519,#3520));
#1454=EDGE_LOOP('',(#3521,#3522,#3523,#3524,#3525));
#1455=EDGE_LOOP('',(#3526,#3527,#3528,#3529));
#1456=EDGE_LOOP('',(#3530,#3531,#3532,#3533));
#1457=EDGE_LOOP('',(#3534,#3535,#3536,#3537,#3538,#3539));
#1458=EDGE_LOOP('',(#3540,#3541,#3542,#3543,#3544,#3545,#3546,#3547,#3548,
#3549,#3550));
#1459=EDGE_LOOP('',(#3551,#3552,#3553,#3554));
#1460=EDGE_LOOP('',(#3555,#3556,#3557,#3558,#3559,#3560,#3561,#3562,#3563,
#3564,#3565));
#1461=EDGE_LOOP('',(#3566,#3567,#3568,#3569,#3570,#3571));
#1462=EDGE_LOOP('',(#3572,#3573,#3574,#3575));
#1463=EDGE_LOOP('',(#3576,#3577,#3578,#3579));
#1464=EDGE_LOOP('',(#3580,#3581,#3582,#3583));
#1465=EDGE_LOOP('',(#3584,#3585,#3586,#3587));
#1466=EDGE_LOOP('',(#3588,#3589,#3590,#3591));
#1467=EDGE_LOOP('',(#3592,#3593,#3594,#3595));
#1468=EDGE_LOOP('',(#3596,#3597,#3598,#3599));
#1469=EDGE_LOOP('',(#3600,#3601,#3602,#3603));
#1470=EDGE_LOOP('',(#3604,#3605,#3606,#3607));
#1471=EDGE_LOOP('',(#3608,#3609,#3610,#3611));
#1472=EDGE_LOOP('',(#3612,#3613,#3614,#3615));
#1473=EDGE_LOOP('',(#3616,#3617,#3618,#3619));
#1474=EDGE_LOOP('',(#3620,#3621,#3622,#3623));
#1475=EDGE_LOOP('',(#3624,#3625,#3626,#3627));
#1476=EDGE_LOOP('',(#3628,#3629,#3630,#3631));
#1477=EDGE_LOOP('',(#3632,#3633,#3634,#3635));
#1478=EDGE_LOOP('',(#3636,#3637,#3638,#3639,#3640,#3641,#3642));
#1479=EDGE_LOOP('',(#3643,#3644,#3645,#3646,#3647,#3648,#3649,#3650,#3651,
#3652,#3653,#3654,#3655,#3656,#3657,#3658,#3659,#3660,#3661,#3662,#3663,
#3664,#3665,#3666,#3667,#3668,#3669,#3670,#3671,#3672,#3673,#3674,#3675,
#3676,#3677,#3678,#3679,#3680,#3681,#3682,#3683,#3684,#3685,#3686,#3687,
#3688,#3689,#3690,#3691,#3692,#3693,#3694,#3695,#3696,#3697,#3698,#3699));
#1480=EDGE_LOOP('',(#3700,#3701,#3702,#3703));
#1481=EDGE_LOOP('',(#3704,#3705,#3706,#3707));
#1482=EDGE_LOOP('',(#3708,#3709,#3710,#3711));
#1483=EDGE_LOOP('',(#3712,#3713,#3714,#3715));
#1484=EDGE_LOOP('',(#3716,#3717,#3718,#3719));
#1485=EDGE_LOOP('',(#3720,#3721,#3722,#3723,#3724,#3725,#3726));
#1486=EDGE_LOOP('',(#3727,#3728,#3729,#3730));
#1487=EDGE_LOOP('',(#3731,#3732,#3733,#3734));
#1488=EDGE_LOOP('',(#3735,#3736,#3737,#3738));
#1489=EDGE_LOOP('',(#3739,#3740,#3741,#3742));
#1490=EDGE_LOOP('',(#3743,#3744,#3745,#3746));
#1491=EDGE_LOOP('',(#3747,#3748,#3749,#3750));
#1492=EDGE_LOOP('',(#3751,#3752,#3753,#3754));
#1493=EDGE_LOOP('',(#3755,#3756,#3757,#3758,#3759));
#1494=EDGE_LOOP('',(#3760,#3761,#3762,#3763));
#1495=EDGE_LOOP('',(#3764,#3765,#3766,#3767));
#1496=EDGE_LOOP('',(#3768,#3769,#3770,#3771));
#1497=EDGE_LOOP('',(#3772,#3773,#3774,#3775));
#1498=EDGE_LOOP('',(#3776,#3777,#3778,#3779));
#1499=EDGE_LOOP('',(#3780,#3781,#3782,#3783));
#1500=EDGE_LOOP('',(#3784,#3785,#3786,#3787));
#1501=EDGE_LOOP('',(#3788,#3789,#3790,#3791));
#1502=EDGE_LOOP('',(#3792,#3793,#3794,#3795));
#1503=EDGE_LOOP('',(#3796,#3797,#3798,#3799));
#1504=EDGE_LOOP('',(#3800,#3801,#3802,#3803));
#1505=EDGE_LOOP('',(#3804,#3805,#3806,#3807,#3808,#3809,#3810,#3811,#3812,
#3813,#3814,#3815,#3816,#3817,#3818,#3819,#3820,#3821,#3822,#3823,#3824));
#1506=EDGE_LOOP('',(#3825,#3826,#3827,#3828));
#1507=EDGE_LOOP('',(#3829,#3830,#3831,#3832));
#1508=EDGE_LOOP('',(#3833,#3834,#3835,#3836));
#1509=EDGE_LOOP('',(#3837,#3838,#3839,#3840));
#1510=EDGE_LOOP('',(#3841,#3842,#3843,#3844));
#1511=EDGE_LOOP('',(#3845,#3846,#3847,#3848));
#1512=EDGE_LOOP('',(#3849,#3850,#3851,#3852));
#1513=EDGE_LOOP('',(#3853,#3854,#3855,#3856));
#1514=EDGE_LOOP('',(#3857,#3858,#3859,#3860));
#1515=EDGE_LOOP('',(#3861,#3862,#3863,#3864));
#1516=EDGE_LOOP('',(#3865,#3866,#3867,#3868));
#1517=EDGE_LOOP('',(#3869,#3870,#3871,#3872));
#1518=EDGE_LOOP('',(#3873,#3874,#3875,#3876));
#1519=EDGE_LOOP('',(#3877,#3878,#3879,#3880));
#1520=EDGE_LOOP('',(#3881,#3882,#3883,#3884));
#1521=EDGE_LOOP('',(#3885,#3886,#3887,#3888));
#1522=EDGE_LOOP('',(#3889,#3890,#3891,#3892));
#1523=EDGE_LOOP('',(#3893,#3894,#3895,#3896));
#1524=EDGE_LOOP('',(#3897,#3898,#3899,#3900));
#1525=EDGE_LOOP('',(#3901,#3902,#3903,#3904));
#1526=EDGE_LOOP('',(#3905,#3906,#3907,#3908));
#1527=EDGE_LOOP('',(#3909,#3910,#3911,#3912));
#1528=EDGE_LOOP('',(#3913,#3914,#3915,#3916));
#1529=EDGE_LOOP('',(#3917,#3918,#3919,#3920));
#1530=EDGE_LOOP('',(#3921,#3922,#3923,#3924));
#1531=EDGE_LOOP('',(#3925,#3926,#3927,#3928));
#1532=EDGE_LOOP('',(#3929,#3930,#3931,#3932));
#1533=EDGE_LOOP('',(#3933,#3934,#3935,#3936));
#1534=EDGE_LOOP('',(#3937,#3938,#3939,#3940));
#1535=EDGE_LOOP('',(#3941,#3942,#3943,#3944));
#1536=EDGE_LOOP('',(#3945,#3946,#3947,#3948));
#1537=EDGE_LOOP('',(#3949,#3950,#3951,#3952));
#1538=EDGE_LOOP('',(#3953,#3954,#3955,#3956));
#1539=EDGE_LOOP('',(#3957,#3958,#3959,#3960));
#1540=EDGE_LOOP('',(#3961,#3962,#3963,#3964));
#1541=EDGE_LOOP('',(#3965,#3966,#3967,#3968));
#1542=EDGE_LOOP('',(#3969,#3970,#3971,#3972));
#1543=EDGE_LOOP('',(#3973,#3974,#3975,#3976));
#1544=EDGE_LOOP('',(#3977,#3978,#3979,#3980));
#1545=EDGE_LOOP('',(#3981,#3982,#3983,#3984));
#1546=EDGE_LOOP('',(#3985,#3986,#3987,#3988));
#1547=EDGE_LOOP('',(#3989,#3990,#3991,#3992));
#1548=EDGE_LOOP('',(#3993,#3994,#3995,#3996));
#1549=EDGE_LOOP('',(#3997,#3998,#3999,#4000));
#1550=EDGE_LOOP('',(#4001,#4002,#4003,#4004));
#1551=EDGE_LOOP('',(#4005,#4006,#4007,#4008));
#1552=EDGE_LOOP('',(#4009,#4010,#4011,#4012,#4013));
#1553=EDGE_LOOP('',(#4014,#4015,#4016,#4017));
#1554=EDGE_LOOP('',(#4018,#4019,#4020,#4021,#4022,#4023,#4024,#4025,#4026,
#4027));
#1555=EDGE_LOOP('',(#4028,#4029,#4030,#4031));
#1556=EDGE_LOOP('',(#4032,#4033,#4034,#4035,#4036,#4037,#4038));
#1557=EDGE_LOOP('',(#4039,#4040,#4041,#4042,#4043));
#1558=EDGE_LOOP('',(#4044,#4045,#4046,#4047));
#1559=EDGE_LOOP('',(#4048,#4049,#4050,#4051));
#1560=EDGE_LOOP('',(#4052,#4053,#4054,#4055));
#1561=EDGE_LOOP('',(#4056,#4057,#4058,#4059));
#1562=EDGE_LOOP('',(#4060,#4061,#4062,#4063));
#1563=EDGE_LOOP('',(#4064,#4065,#4066,#4067));
#1564=EDGE_LOOP('',(#4068,#4069,#4070,#4071));
#1565=EDGE_LOOP('',(#4072,#4073,#4074,#4075));
#1566=EDGE_LOOP('',(#4076,#4077,#4078,#4079));
#1567=EDGE_LOOP('',(#4080,#4081,#4082,#4083,#4084,#4085,#4086,#4087,#4088,
#4089));
#1568=EDGE_LOOP('',(#4090,#4091,#4092,#4093,#4094,#4095,#4096,#4097));
#1569=EDGE_LOOP('',(#4098,#4099,#4100,#4101,#4102,#4103,#4104,#4105,#4106,
#4107,#4108,#4109,#4110,#4111,#4112,#4113,#4114,#4115,#4116,#4117,#4118,
#4119,#4120,#4121,#4122,#4123,#4124,#4125,#4126,#4127,#4128,#4129,#4130,
#4131,#4132,#4133,#4134,#4135,#4136,#4137,#4138,#4139));
#1570=EDGE_LOOP('',(#4140,#4141,#4142,#4143));
#1571=EDGE_LOOP('',(#4144,#4145,#4146,#4147,#4148));
#1572=EDGE_LOOP('',(#4149,#4150,#4151,#4152));
#1573=EDGE_LOOP('',(#4153,#4154,#4155,#4156,#4157));
#1574=EDGE_LOOP('',(#4158,#4159,#4160,#4161));
#1575=EDGE_LOOP('',(#4162,#4163,#4164,#4165,#4166,#4167,#4168,#4169));
#1576=EDGE_LOOP('',(#4170,#4171,#4172,#4173,#4174));
#1577=EDGE_LOOP('',(#4175,#4176,#4177,#4178));
#1578=EDGE_LOOP('',(#4179,#4180,#4181,#4182));
#1579=EDGE_LOOP('',(#4183,#4184,#4185,#4186));
#1580=EDGE_LOOP('',(#4187,#4188,#4189,#4190));
#1581=EDGE_LOOP('',(#4191,#4192,#4193,#4194));
#1582=EDGE_LOOP('',(#4195,#4196,#4197,#4198));
#1583=EDGE_LOOP('',(#4199,#4200,#4201,#4202));
#1584=EDGE_LOOP('',(#4203,#4204,#4205,#4206));
#1585=EDGE_LOOP('',(#4207,#4208,#4209,#4210));
#1586=EDGE_LOOP('',(#4211,#4212,#4213,#4214));
#1587=EDGE_LOOP('',(#4215,#4216,#4217,#4218));
#1588=EDGE_LOOP('',(#4219,#4220,#4221,#4222,#4223,#4224,#4225,#4226));
#1589=EDGE_LOOP('',(#4227,#4228,#4229,#4230));
#1590=EDGE_LOOP('',(#4231,#4232,#4233,#4234));
#1591=EDGE_LOOP('',(#4235,#4236,#4237,#4238));
#1592=EDGE_LOOP('',(#4239,#4240,#4241,#4242));
#1593=EDGE_LOOP('',(#4243,#4244,#4245,#4246));
#1594=EDGE_LOOP('',(#4247,#4248,#4249,#4250));
#1595=EDGE_LOOP('',(#4251,#4252,#4253,#4254));
#1596=EDGE_LOOP('',(#4255,#4256,#4257,#4258));
#1597=EDGE_LOOP('',(#4259,#4260,#4261,#4262,#4263,#4264));
#1598=EDGE_LOOP('',(#4265,#4266,#4267,#4268));
#1599=EDGE_LOOP('',(#4269,#4270,#4271,#4272));
#1600=EDGE_LOOP('',(#4273,#4274,#4275,#4276));
#1601=EDGE_LOOP('',(#4277,#4278,#4279,#4280));
#1602=EDGE_LOOP('',(#4281,#4282,#4283,#4284));
#1603=EDGE_LOOP('',(#4285,#4286,#4287,#4288));
#1604=EDGE_LOOP('',(#4289,#4290,#4291,#4292));
#1605=EDGE_LOOP('',(#4293,#4294,#4295,#4296));
#1606=EDGE_LOOP('',(#4297,#4298,#4299,#4300));
#1607=EDGE_LOOP('',(#4301,#4302,#4303,#4304));
#1608=EDGE_LOOP('',(#4305,#4306,#4307,#4308));
#1609=EDGE_LOOP('',(#4309,#4310,#4311,#4312));
#1610=EDGE_LOOP('',(#4313,#4314,#4315,#4316));
#1611=EDGE_LOOP('',(#4317,#4318,#4319,#4320));
#1612=EDGE_LOOP('',(#4321,#4322,#4323,#4324));
#1613=EDGE_LOOP('',(#4325,#4326,#4327,#4328));
#1614=EDGE_LOOP('',(#4329,#4330,#4331,#4332));
#1615=EDGE_LOOP('',(#4333,#4334,#4335,#4336));
#1616=EDGE_LOOP('',(#4337,#4338,#4339,#4340));
#1617=EDGE_LOOP('',(#4341,#4342,#4343,#4344));
#1618=EDGE_LOOP('',(#4345,#4346,#4347,#4348));
#1619=EDGE_LOOP('',(#4349,#4350,#4351,#4352,#4353,#4354,#4355,#4356));
#1620=EDGE_LOOP('',(#4357,#4358,#4359,#4360));
#1621=EDGE_LOOP('',(#4361,#4362,#4363,#4364));
#1622=EDGE_LOOP('',(#4365,#4366,#4367,#4368));
#1623=EDGE_LOOP('',(#4369,#4370,#4371,#4372));
#1624=EDGE_LOOP('',(#4373,#4374,#4375,#4376));
#1625=EDGE_LOOP('',(#4377,#4378,#4379,#4380));
#1626=B_SPLINE_CURVE_WITH_KNOTS('',3,(#6468,#6469,#6470,#6471,#6472,#6473,
#6474,#6475),.UNSPECIFIED.,.F.,.F.,(4,1,1,1,1,4),(-0.781652871423273,-0.558323479588052,
-0.334994087752831,-0.223329391835221,-0.11166469591761,0.),
 .UNSPECIFIED.);
#1627=B_SPLINE_CURVE_WITH_KNOTS('',3,(#6478,#6479,#6480,#6481,#6482,#6483,
#6484,#6485),.UNSPECIFIED.,.F.,.F.,(4,1,1,1,1,4),(0.,0.11166469591761,0.223329391835221,
0.334994087752831,0.558323479588052,0.781652871423273),.UNSPECIFIED.);
#1628=B_SPLINE_CURVE_WITH_KNOTS('',3,(#6511,#6512,#6513,#6514,#6515,#6516),
 .UNSPECIFIED.,.F.,.F.,(4,2,4),(-0.155046194791644,0.,0.00102956276437962),
 .UNSPECIFIED.);
#1629=B_SPLINE_CURVE_WITH_KNOTS('',3,(#6517,#6518,#6519,#6520,#6521,#6522),
 .UNSPECIFIED.,.F.,.F.,(4,2,4),(-0.00102956276437962,0.,0.155046194791644),
 .UNSPECIFIED.);
#1630=B_SPLINE_CURVE_WITH_KNOTS('',3,(#6544,#6545,#6546,#6547),
 .UNSPECIFIED.,.F.,.F.,(4,4),(-0.0122028821328997,0.),.UNSPECIFIED.);
#1631=B_SPLINE_CURVE_WITH_KNOTS('',3,(#6550,#6551,#6552,#6553),
 .UNSPECIFIED.,.F.,.F.,(4,4),(0.,0.0122028821328997),.UNSPECIFIED.);
#1632=B_SPLINE_CURVE_WITH_KNOTS('',3,(#6568,#6569,#6570,#6571,#6572,#6573,
#6574,#6575,#6576,#6577,#6578,#6579),.UNSPECIFIED.,.F.,.F.,(4,2,2,2,2,4),
(0.599761105539868,0.600357366679587,0.622232019935183,0.640752033626152,
0.662200664325927,0.668107371796217),.UNSPECIFIED.);
#1633=B_SPLINE_CURVE_WITH_KNOTS('',3,(#6620,#6621,#6622,#6623,#6624,#6625,
#6626),.UNSPECIFIED.,.F.,.F.,(4,1,1,1,4),(-0.781652871423268,-0.669988175505658,
-0.558323479588049,-0.334994087752829,0.),.UNSPECIFIED.);
#1634=B_SPLINE_CURVE_WITH_KNOTS('',3,(#6629,#6630,#6631,#6632,#6633,#6634,
#6635),.UNSPECIFIED.,.F.,.F.,(4,1,1,1,4),(0.,0.334994087752829,0.558323479588049,
0.669988175505658,0.781652871423268),.UNSPECIFIED.);
#1635=B_SPLINE_CURVE_WITH_KNOTS('',3,(#6661,#6662,#6663,#6664,#6665,#6666),
 .UNSPECIFIED.,.F.,.F.,(4,2,4),(0.,0.155046194792086,0.156075757556068),
 .UNSPECIFIED.);
#1636=B_SPLINE_CURVE_WITH_KNOTS('',3,(#6667,#6668,#6669,#6670,#6671,#6672),
 .UNSPECIFIED.,.F.,.F.,(4,2,4),(-0.156075757556068,-0.155046194792086,0.),
 .UNSPECIFIED.);
#1637=B_SPLINE_CURVE_WITH_KNOTS('',3,(#6694,#6695,#6696,#6697),
 .UNSPECIFIED.,.F.,.F.,(4,4),(-0.0122028821328944,0.),.UNSPECIFIED.);
#1638=B_SPLINE_CURVE_WITH_KNOTS('',3,(#6700,#6701,#6702,#6703),
 .UNSPECIFIED.,.F.,.F.,(4,4),(0.,0.0122028821328944),.UNSPECIFIED.);
#1639=B_SPLINE_CURVE_WITH_KNOTS('',3,(#6762,#6763,#6764,#6765,#6766,#6767,
#6768),.UNSPECIFIED.,.F.,.F.,(4,1,1,1,4),(-0.78165287142328,-0.669988175505669,
-0.558323479588058,-0.334994087752834,0.),.UNSPECIFIED.);
#1640=B_SPLINE_CURVE_WITH_KNOTS('',3,(#6771,#6772,#6773,#6774,#6775,#6776,
#6777),.UNSPECIFIED.,.F.,.F.,(4,1,1,1,4),(0.,0.334994087752834,0.558323479588058,
0.669988175505669,0.78165287142328),.UNSPECIFIED.);
#1641=B_SPLINE_CURVE_WITH_KNOTS('',3,(#6803,#6804,#6805,#6806,#6807,#6808),
 .UNSPECIFIED.,.F.,.F.,(4,2,4),(0.,0.155046194791567,0.156075757555946),
 .UNSPECIFIED.);
#1642=B_SPLINE_CURVE_WITH_KNOTS('',3,(#6809,#6810,#6811,#6812,#6813,#6814),
 .UNSPECIFIED.,.F.,.F.,(4,2,4),(-0.156075757555946,-0.155046194791567,0.),
 .UNSPECIFIED.);
#1643=B_SPLINE_CURVE_WITH_KNOTS('',3,(#6838,#6839,#6840,#6841),
 .UNSPECIFIED.,.F.,.F.,(4,4),(-0.0122028821329019,-7.95634064317045E-15),
 .UNSPECIFIED.);
#1644=B_SPLINE_CURVE_WITH_KNOTS('',3,(#6842,#6843,#6844,#6845),
 .UNSPECIFIED.,.F.,.F.,(4,4),(7.95634064317045E-15,0.0122028821329019),
 .UNSPECIFIED.);
#1645=B_SPLINE_CURVE_WITH_KNOTS('',3,(#6870,#6871,#6872,#6873,#6874,#6875,
#6876),.UNSPECIFIED.,.F.,.F.,(4,1,1,1,4),(0.,0.334994087752835,0.558323479588059,
0.669988175505671,0.781652871423282),.UNSPECIFIED.);
#1646=B_SPLINE_CURVE_WITH_KNOTS('',3,(#6877,#6878,#6879,#6880),
 .UNSPECIFIED.,.F.,.F.,(4,4),(-0.0122028821328863,0.),.UNSPECIFIED.);
#1647=B_SPLINE_CURVE_WITH_KNOTS('',3,(#6919,#6920,#6921,#6922,#6923,#6924,
#6925),.UNSPECIFIED.,.F.,.F.,(4,1,1,1,4),(-0.781652871423282,-0.669988175505671,
-0.558323479588059,-0.334994087752835,0.),.UNSPECIFIED.);
#1648=B_SPLINE_CURVE_WITH_KNOTS('',3,(#6952,#6953,#6954,#6955,#6956,#6957),
 .UNSPECIFIED.,.F.,.F.,(4,2,4),(-0.155046194791681,0.,0.0010295627642718),
 .UNSPECIFIED.);
#1649=B_SPLINE_CURVE_WITH_KNOTS('',3,(#6958,#6959,#6960,#6961,#6962,#6963),
 .UNSPECIFIED.,.F.,.F.,(4,2,4),(-0.0010295627642718,0.,0.155046194791681),
 .UNSPECIFIED.);
#1650=B_SPLINE_CURVE_WITH_KNOTS('',3,(#6986,#6987,#6988,#6989),
 .UNSPECIFIED.,.F.,.F.,(4,4),(0.,0.0122028821328863),.UNSPECIFIED.);
#1651=B_SPLINE_CURVE_WITH_KNOTS('',3,(#7002,#7003,#7004,#7005,#7006,#7007,
#7008,#7009,#7010,#7011,#7012,#7013),.UNSPECIFIED.,.F.,.F.,(4,2,2,2,2,4),
(0.599761105539892,0.600357366679604,0.622232019935203,0.640752033626173,
0.662200664325948,0.668107371796239),.UNSPECIFIED.);
#1652=B_SPLINE_CURVE_WITH_KNOTS('',3,(#7029,#7030,#7031,#7032,#7033,#7034),
 .UNSPECIFIED.,.F.,.F.,(4,2,4),(-0.155046194791447,0.,0.00102956276437922),
 .UNSPECIFIED.);
#1653=B_SPLINE_CURVE_WITH_KNOTS('',3,(#7038,#7039,#7040,#7041,#7042,#7043),
 .UNSPECIFIED.,.F.,.F.,(4,2,4),(-0.156075757555833,-0.155046194791454,0.),
 .UNSPECIFIED.);
#1654=B_SPLINE_CURVE_WITH_KNOTS('',3,(#7047,#7048,#7049,#7050,#7051,#7052),
 .UNSPECIFIED.,.F.,.F.,(4,2,4),(-0.155046194791561,0.,0.00102956276437922),
 .UNSPECIFIED.);
#1655=B_SPLINE_CURVE_WITH_KNOTS('',3,(#7056,#7057,#7058,#7059,#7060,#7061),
 .UNSPECIFIED.,.F.,.F.,(4,2,4),(-0.156075757555998,-0.155046194791618,0.),
 .UNSPECIFIED.);
#1656=B_SPLINE_CURVE_WITH_KNOTS('',3,(#7110,#7111,#7112,#7113,#7114,#7115,
#7116),.UNSPECIFIED.,.F.,.F.,(4,1,1,1,4),(-0.781652871423284,-0.55832347958806,
-0.334994087752836,-0.111664695917612,0.),.UNSPECIFIED.);
#1657=B_SPLINE_CURVE_WITH_KNOTS('',3,(#7119,#7120,#7121,#7122,#7123,#7124,
#7125),.UNSPECIFIED.,.F.,.F.,(4,1,1,1,4),(0.,0.111664695917612,0.334994087752836,
0.55832347958806,0.781652871423284),.UNSPECIFIED.);
#1658=B_SPLINE_CURVE_WITH_KNOTS('',3,(#7150,#7151,#7152,#7153,#7154,#7155),
 .UNSPECIFIED.,.F.,.F.,(4,2,4),(-0.00102956276437922,0.,0.155046194791561),
 .UNSPECIFIED.);
#1659=B_SPLINE_CURVE_WITH_KNOTS('',3,(#7177,#7178,#7179,#7180),
 .UNSPECIFIED.,.F.,.F.,(4,4),(-0.0122028821328921,0.),.UNSPECIFIED.);
#1660=B_SPLINE_CURVE_WITH_KNOTS('',3,(#7183,#7184,#7185,#7186),
 .UNSPECIFIED.,.F.,.F.,(4,4),(0.,0.0122028821328921),.UNSPECIFIED.);
#1661=B_SPLINE_CURVE_WITH_KNOTS('',3,(#7201,#7202,#7203,#7204,#7205,#7206,
#7207,#7208,#7209,#7210,#7211,#7212),.UNSPECIFIED.,.F.,.F.,(4,2,2,2,2,4),
(0.599761105539869,0.600357366679586,0.622232019935184,0.640752033626152,
0.662200664325927,0.668107371796217),.UNSPECIFIED.);
#1662=B_SPLINE_CURVE_WITH_KNOTS('',3,(#7252,#7253,#7254,#7255,#7256,#7257,
#7258),.UNSPECIFIED.,.F.,.F.,(4,1,1,1,4),(-0.781652871423275,-0.669988175505664,
-0.558323479588054,-0.334994087752832,0.),.UNSPECIFIED.);
#1663=B_SPLINE_CURVE_WITH_KNOTS('',3,(#7261,#7262,#7263,#7264,#7265,#7266,
#7267),.UNSPECIFIED.,.F.,.F.,(4,1,1,1,4),(0.,0.334994087752832,0.558323479588054,
0.669988175505664,0.781652871423275),.UNSPECIFIED.);
#1664=B_SPLINE_CURVE_WITH_KNOTS('',3,(#7292,#7293,#7294,#7295,#7296,#7297),
 .UNSPECIFIED.,.F.,.F.,(4,2,4),(0.,0.155046194791618,0.156075757555998),
 .UNSPECIFIED.);
#1665=B_SPLINE_CURVE_WITH_KNOTS('',3,(#7321,#7322,#7323,#7324),
 .UNSPECIFIED.,.F.,.F.,(4,4),(-0.012202882132906,-6.51975610394085E-15),
 .UNSPECIFIED.);
#1666=B_SPLINE_CURVE_WITH_KNOTS('',3,(#7325,#7326,#7327,#7328),
 .UNSPECIFIED.,.F.,.F.,(4,4),(6.51975610394085E-15,0.012202882132906),
 .UNSPECIFIED.);
#1667=B_SPLINE_CURVE_WITH_KNOTS('',3,(#7390,#7391,#7392,#7393,#7394,#7395,
#7396,#7397),.UNSPECIFIED.,.F.,.F.,(4,1,1,1,1,4),(-0.781652871423296,-0.558323479588069,
-0.334994087752841,-0.223329391835228,-0.111664695917614,0.),
 .UNSPECIFIED.);
#1668=B_SPLINE_CURVE_WITH_KNOTS('',3,(#7400,#7401,#7402,#7403,#7404,#7405,
#7406,#7407),.UNSPECIFIED.,.F.,.F.,(4,1,1,1,1,4),(0.,0.111664695917614,
0.223329391835228,0.334994087752841,0.558323479588069,0.781652871423296),
 .UNSPECIFIED.);
#1669=B_SPLINE_CURVE_WITH_KNOTS('',3,(#7432,#7433,#7434,#7435,#7436,#7437),
 .UNSPECIFIED.,.F.,.F.,(4,2,4),(-0.00102956276437922,0.,0.155046194791447),
 .UNSPECIFIED.);
#1670=B_SPLINE_CURVE_WITH_KNOTS('',3,(#7459,#7460,#7461,#7462),
 .UNSPECIFIED.,.F.,.F.,(4,4),(-0.0122028821328831,0.),.UNSPECIFIED.);
#1671=B_SPLINE_CURVE_WITH_KNOTS('',3,(#7465,#7466,#7467,#7468),
 .UNSPECIFIED.,.F.,.F.,(4,4),(0.,0.0122028821328831),.UNSPECIFIED.);
#1672=B_SPLINE_CURVE_WITH_KNOTS('',3,(#7519,#7520,#7521,#7522,#7523,#7524,
#7525),.UNSPECIFIED.,.F.,.F.,(4,1,1,1,4),(-0.781652871423296,-0.669988175505682,
-0.446658783670455,-0.223329391835227,0.),.UNSPECIFIED.);
#1673=B_SPLINE_CURVE_WITH_KNOTS('',3,(#7528,#7529,#7530,#7531,#7532,#7533,
#7534),.UNSPECIFIED.,.F.,.F.,(4,1,1,1,4),(0.,0.223329391835227,0.446658783670455,
0.669988175505682,0.781652871423296),.UNSPECIFIED.);
#1674=B_SPLINE_CURVE_WITH_KNOTS('',3,(#7559,#7560,#7561,#7562,#7563,#7564),
 .UNSPECIFIED.,.F.,.F.,(4,2,4),(0.,0.155046194791454,0.156075757555833),
 .UNSPECIFIED.);
#1675=B_SPLINE_CURVE_WITH_KNOTS('',3,(#7588,#7589,#7590,#7591),
 .UNSPECIFIED.,.F.,.F.,(4,4),(-0.0122028821328918,-6.73232022007239E-15),
 .UNSPECIFIED.);
#1676=B_SPLINE_CURVE_WITH_KNOTS('',3,(#7592,#7593,#7594,#7595),
 .UNSPECIFIED.,.F.,.F.,(4,4),(6.73232022007239E-15,0.0122028821328918),
 .UNSPECIFIED.);
#1677=B_SPLINE_CURVE_WITH_KNOTS('',3,(#7617,#7618,#7619,#7620,#7621,#7622,
#7623,#7624,#7625,#7626,#7627,#7628),.UNSPECIFIED.,.F.,.F.,(4,2,2,2,2,4),
(0.59976110553988,0.600357366679594,0.622232019935192,0.640752033626162,
0.662200664325936,0.668107371796227),.UNSPECIFIED.);
#1678=B_SPLINE_CURVE_WITH_KNOTS('',3,(#7715,#7716,#7717,#7718,#7719,#7720),
 .UNSPECIFIED.,.F.,.F.,(4,1,1,4),(-0.987005441494832,-0.564003109425619,
-0.28200155471281,-4.22263606495252E-16),.UNSPECIFIED.);
#1679=B_SPLINE_CURVE_WITH_KNOTS('',3,(#7721,#7722,#7723,#7724,#7725,#7726),
 .UNSPECIFIED.,.F.,.F.,(4,1,1,4),(4.22263606495252E-16,0.28200155471281,
0.564003109425619,0.987005441494832),.UNSPECIFIED.);
#1680=B_SPLINE_CURVE_WITH_KNOTS('',3,(#7766,#7767,#7768,#7769,#7770,#7771,
#7772,#7773,#7774,#7775,#7776,#7777),.UNSPECIFIED.,.F.,.F.,(4,2,2,2,2,4),
(0.916921487119215,0.920812106413736,0.942260737113511,0.960780750804479,
0.982655404060077,0.985376576237663),.UNSPECIFIED.);
#1681=B_SPLINE_CURVE_WITH_KNOTS('',3,(#7805,#7806,#7807,#7808),
 .UNSPECIFIED.,.F.,.F.,(4,4),(0.13062781312363,0.144030121652359),
 .UNSPECIFIED.);
#1682=B_SPLINE_CURVE_WITH_KNOTS('',3,(#7810,#7811,#7812,#7813,#7814,#7815,
#7816,#7817,#7818,#7819,#7820,#7821,#7822,#7823,#7824,#7825,#7826,#7827,
#7828,#7829,#7830,#7831),.UNSPECIFIED.,.F.,.F.,(4,3,3,3,3,3,3,4),(-0.0575653813405532,
-0.0472555427847232,-0.0416179664948626,-0.0313479416142077,-0.0258176562368653,
-0.0156562421825951,-0.0053912948694381,0.),.UNSPECIFIED.);
#1683=B_SPLINE_CURVE_WITH_KNOTS('',3,(#7853,#7854,#7855,#7856),
 .UNSPECIFIED.,.F.,.F.,(4,4),(0.355449393321024,0.511796151338672),
 .UNSPECIFIED.);
#1684=B_SPLINE_CURVE_WITH_KNOTS('',3,(#7858,#7859,#7860,#7861,#7862,#7863,
#7864,#7865,#7866,#7867,#7868,#7869,#7870,#7871,#7872,#7873,#7874,#7875,
#7876,#7877,#7878,#7879,#7880,#7881,#7882),.UNSPECIFIED.,.F.,.F.,(4,3,3,
3,3,3,3,3,4),(0.,0.009520550069703,0.0185077033044795,0.0205262938176442,
0.0309015858371304,0.0386261711390899,0.0475531420758111,0.0569862139754736,
0.0583075206029381),.UNSPECIFIED.);
#1685=B_SPLINE_CURVE_WITH_KNOTS('',3,(#7884,#7885,#7886,#7887),
 .UNSPECIFIED.,.F.,.F.,(4,4),(-0.511796153209401,-0.355449393321024),
 .UNSPECIFIED.);
#1686=B_SPLINE_CURVE_WITH_KNOTS('',3,(#7888,#7889,#7890,#7891),
 .UNSPECIFIED.,.F.,.F.,(4,4),(0.353520084788037,0.355449393321024),
 .UNSPECIFIED.);
#1687=B_SPLINE_CURVE_WITH_KNOTS('',3,(#7892,#7893,#7894,#7895),
 .UNSPECIFIED.,.F.,.F.,(4,4),(-0.355449393321024,-0.353486659469578),
 .UNSPECIFIED.);
#1688=B_SPLINE_CURVE_WITH_KNOTS('',3,(#7908,#7909,#7910,#7911,#7912,#7913,
#7914,#7915,#7916,#7917,#7918,#7919,#7920,#7921,#7922,#7923,#7924,#7925,
#7926,#7927,#7928,#7929),.UNSPECIFIED.,.F.,.F.,(4,3,3,3,3,3,3,4),(-0.0575646886765287,
-0.0472802895707276,-0.041616073998911,-0.0313533617723671,-0.0257999690075039,
-0.0156254444164918,-0.00533518536269287,0.),.UNSPECIFIED.);
#1689=B_SPLINE_CURVE_WITH_KNOTS('',3,(#7931,#7932,#7933,#7934),
 .UNSPECIFIED.,.F.,.F.,(4,4),(0.1172255045949,0.13062781312363),
 .UNSPECIFIED.);
#1690=B_SPLINE_CURVE_WITH_KNOTS('',3,(#7954,#7955,#7956,#7957),
 .UNSPECIFIED.,.F.,.F.,(4,4),(0.337462891652642,0.493809666439423),
 .UNSPECIFIED.);
#1691=B_SPLINE_CURVE_WITH_KNOTS('',3,(#7959,#7960,#7961,#7962,#7963,#7964,
#7965,#7966,#7967,#7968,#7969,#7970,#7971,#7972,#7973,#7974,#7975,#7976,
#7977,#7978,#7979,#7980,#7981,#7982,#7983),.UNSPECIFIED.,.F.,.F.,(4,3,3,
3,3,3,3,3,4),(0.,0.00948995104709186,0.0184422216923412,0.0205208877945822,
0.0309124582397054,0.0386383955779297,0.0476005583599918,0.0570641070312315,
0.0583093117735606),.UNSPECIFIED.);
#1692=B_SPLINE_CURVE_WITH_KNOTS('',3,(#7985,#7986,#7987,#7988),
 .UNSPECIFIED.,.F.,.F.,(4,4),(-0.49380966526869,-0.337462891652642),
 .UNSPECIFIED.);
#1693=B_SPLINE_CURVE_WITH_KNOTS('',3,(#7989,#7990,#7991,#7992),
 .UNSPECIFIED.,.F.,.F.,(4,4),(0.33550015783803,0.337462891652643),
 .UNSPECIFIED.);
#1694=B_SPLINE_CURVE_WITH_KNOTS('',3,(#7993,#7994,#7995,#7996),
 .UNSPECIFIED.,.F.,.F.,(4,4),(-0.337462891652642,-0.335533583155799),
 .UNSPECIFIED.);
#1695=B_SPLINE_CURVE_WITH_KNOTS('',3,(#8013,#8014,#8015,#8016,#8017),
 .UNSPECIFIED.,.F.,.F.,(4,1,4),(-1.52724578454902,-0.87271187688516,-7.66053886991358E-15),
 .UNSPECIFIED.);
#1696=B_SPLINE_CURVE_WITH_KNOTS('',3,(#8019,#8020,#8021,#8022),
 .UNSPECIFIED.,.F.,.F.,(4,4),(-1.57079632679491,-1.52724578454902),
 .UNSPECIFIED.);
#1697=B_SPLINE_CURVE_WITH_KNOTS('',3,(#8034,#8035,#8036,#8037),
 .UNSPECIFIED.,.F.,.F.,(4,4),(1.527245784549,1.5707963267949),
 .UNSPECIFIED.);
#1698=B_SPLINE_CURVE_WITH_KNOTS('',3,(#8039,#8040,#8041,#8042,#8043),
 .UNSPECIFIED.,.F.,.F.,(4,1,4),(3.95516952522712E-14,0.654533907663886,
1.52724578454901),.UNSPECIFIED.);
#1699=B_SPLINE_CURVE_WITH_KNOTS('',3,(#8057,#8058,#8059,#8060,#8061,#8062,
#8063,#8064,#8065,#8066,#8067,#8068),.UNSPECIFIED.,.F.,.F.,(4,2,2,2,2,4),
(0.914905398943455,0.920812106413745,0.94226073711352,0.960780750804489,
0.982655404060088,0.983251665199801),.UNSPECIFIED.);
#1700=B_SPLINE_CURVE_WITH_KNOTS('',3,(#8110,#8111,#8112,#8113,#8114,#8115,
#8116,#8117,#8118,#8119,#8120,#8121),.UNSPECIFIED.,.F.,.F.,(4,2,2,2,2,4),
(0.91490539894344,0.920812106413731,0.942260737113505,0.960780750804474,
0.982655404060072,0.983251665199788),.UNSPECIFIED.);
#1701=B_SPLINE_CURVE_WITH_KNOTS('',3,(#8162,#8163,#8164,#8165,#8166,#8167,
#8168,#8169,#8170,#8171,#8172,#8173),.UNSPECIFIED.,.F.,.F.,(4,2,2,2,2,4),
(0.914905398943445,0.920812106413734,0.942260737113509,0.960780750804478,
0.982655404060074,0.983251665199791),.UNSPECIFIED.);
#1702=B_SPLINE_CURVE_WITH_KNOTS('',3,(#8311,#8312,#8313,#8314,#8315),
 .UNSPECIFIED.,.F.,.F.,(4,1,4),(-1.52724578454902,-0.654533907663775,1.5568301937928E-13),
 .UNSPECIFIED.);
#1703=B_SPLINE_CURVE_WITH_KNOTS('',3,(#8318,#8319,#8320,#8321,#8322),
 .UNSPECIFIED.,.F.,.F.,(4,1,4),(-1.5568301937928E-13,0.654533907663775,
1.52724578454902),.UNSPECIFIED.);
#1704=B_SPLINE_CURVE_WITH_KNOTS('',3,(#8377,#8378,#8379,#8380,#8381),
 .UNSPECIFIED.,.F.,.F.,(4,1,4),(-1.52724578454901,-0.872711876885364,-5.0022402228841E-13),
 .UNSPECIFIED.);
#1705=B_SPLINE_CURVE_WITH_KNOTS('',3,(#8382,#8383,#8384,#8385,#8386),
 .UNSPECIFIED.,.F.,.F.,(4,1,4),(5.0022402228841E-13,0.872711876885364,1.52724578454901),
 .UNSPECIFIED.);
#1706=B_SPLINE_CURVE_WITH_KNOTS('',3,(#8403,#8404,#8405,#8406),
 .UNSPECIFIED.,.F.,.F.,(4,4),(1.52724578454907,1.57079632679489),
 .UNSPECIFIED.);
#1707=B_SPLINE_CURVE_WITH_KNOTS('',3,(#8407,#8408,#8409,#8410),
 .UNSPECIFIED.,.F.,.F.,(4,4),(-1.57079632679489,-1.52724578454907),
 .UNSPECIFIED.);
#1708=B_SPLINE_CURVE_WITH_KNOTS('',3,(#8444,#8445,#8446,#8447),
 .UNSPECIFIED.,.F.,.F.,(4,4),(-1.57079632679489,-1.52724578454907),
 .UNSPECIFIED.);
#1709=B_SPLINE_CURVE_WITH_KNOTS('',3,(#8448,#8449,#8450,#8451),
 .UNSPECIFIED.,.F.,.F.,(4,4),(1.52724578454907,1.57079632679489),
 .UNSPECIFIED.);
#1710=B_SPLINE_CURVE_WITH_KNOTS('',3,(#8552,#8553,#8554,#8555,#8556),
 .UNSPECIFIED.,.F.,.F.,(4,1,4),(7.66053886991358E-15,0.87271187688516,1.52724578454902),
 .UNSPECIFIED.);
#1711=B_SPLINE_CURVE_WITH_KNOTS('',3,(#8581,#8582,#8583,#8584,#8585),
 .UNSPECIFIED.,.F.,.F.,(4,1,4),(-1.52724578454901,-0.654533907663886,-3.95516952522712E-14),
 .UNSPECIFIED.);
#1712=B_SPLINE_CURVE_WITH_KNOTS('',3,(#8616,#8617,#8618,#8619),
 .UNSPECIFIED.,.F.,.F.,(4,4),(-1.5707963267949,-1.527245784549),
 .UNSPECIFIED.);
#1713=B_SPLINE_CURVE_WITH_KNOTS('',3,(#8636,#8637,#8638,#8639),
 .UNSPECIFIED.,.F.,.F.,(4,4),(1.52724578454902,1.57079632679491),
 .UNSPECIFIED.);
#1714=B_SPLINE_CURVE_WITH_KNOTS('',3,(#8691,#8692,#8693,#8694,#8695),
 .UNSPECIFIED.,.F.,.F.,(4,1,4),(-1.52724578454902,-0.872711876885089,1.48619225385102E-13),
 .UNSPECIFIED.);
#1715=B_SPLINE_CURVE_WITH_KNOTS('',3,(#8697,#8698,#8699,#8700,#8701),
 .UNSPECIFIED.,.F.,.F.,(4,1,4),(-1.48619225385102E-13,0.872711876885089,
1.52724578454902),.UNSPECIFIED.);
#1716=B_SPLINE_CURVE_WITH_KNOTS('',3,(#8741,#8742,#8743,#8744,#8745),
 .UNSPECIFIED.,.F.,.F.,(4,1,4),(-1.52724578454902,-0.654533907663862,3.74700270810999E-15),
 .UNSPECIFIED.);
#1717=B_SPLINE_CURVE_WITH_KNOTS('',3,(#8746,#8747,#8748,#8749,#8750),
 .UNSPECIFIED.,.F.,.F.,(4,1,4),(-3.74700270810999E-15,0.654533907663862,
1.52724578454902),.UNSPECIFIED.);
#1718=B_SPLINE_CURVE_WITH_KNOTS('',3,(#8776,#8777,#8778,#8779),
 .UNSPECIFIED.,.F.,.F.,(4,4),(-1.5707963267949,-1.52724578454908),
 .UNSPECIFIED.);
#1719=B_SPLINE_CURVE_WITH_KNOTS('',3,(#8780,#8781,#8782,#8783),
 .UNSPECIFIED.,.F.,.F.,(4,4),(1.52724578454908,1.5707963267949),
 .UNSPECIFIED.);
#1720=B_SPLINE_CURVE_WITH_KNOTS('',3,(#8800,#8801,#8802,#8803),
 .UNSPECIFIED.,.F.,.F.,(4,4),(1.52724578454907,1.5707963267949),
 .UNSPECIFIED.);
#1721=B_SPLINE_CURVE_WITH_KNOTS('',3,(#8804,#8805,#8806,#8807),
 .UNSPECIFIED.,.F.,.F.,(4,4),(-1.5707963267949,-1.52724578454907),
 .UNSPECIFIED.);
#1722=B_SPLINE_CURVE_WITH_KNOTS('',3,(#8843,#8844,#8845,#8846),
 .UNSPECIFIED.,.F.,.F.,(4,4),(-0.143808826705878,0.),.UNSPECIFIED.);
#1723=CIRCLE('',#4710,0.700000000000002);
#1724=CIRCLE('',#4711,0.699999999999998);
#1725=CIRCLE('',#4712,0.700000000000002);
#1726=CIRCLE('',#4716,0.699999999999998);
#1727=CIRCLE('',#4719,0.699999999999995);
#1728=CIRCLE('',#4720,0.700000000000002);
#1729=CIRCLE('',#4721,0.700000000000001);
#1730=CIRCLE('',#4728,0.699999999999996);
#1731=CIRCLE('',#4729,0.699999999999993);
#1732=CIRCLE('',#4730,0.699999999999992);
#1733=CIRCLE('',#4737,0.699999999999998);
#1734=CIRCLE('',#4738,0.700000000000004);
#1735=CIRCLE('',#4739,0.699999999999999);
#1736=CIRCLE('',#4743,0.699999999999998);
#1737=CIRCLE('',#4747,6.);
#1738=CIRCLE('',#4749,2.87735305011785);
#1739=CIRCLE('',#4750,2.87735305011774);
#1740=CIRCLE('',#4751,2.8773530501175);
#1741=CIRCLE('',#4752,2.87735305011866);
#1742=CIRCLE('',#4753,0.7);
#1743=CIRCLE('',#4754,0.699999999999998);
#1744=CIRCLE('',#4755,0.699999999999999);
#1745=CIRCLE('',#4759,0.699999999999998);
#1746=CIRCLE('',#4762,0.7);
#1747=CIRCLE('',#4763,0.699999999999993);
#1748=CIRCLE('',#4764,0.700000000000002);
#1749=CIRCLE('',#4770,0.700000000000002);
#1750=CIRCLE('',#4771,0.699999999999998);
#1751=CIRCLE('',#4772,0.700000000000001);
#1752=CIRCLE('',#4776,0.699999999999998);
#1753=CIRCLE('',#4778,0.699999999999999);
#1754=CIRCLE('',#4779,0.699999999999991);
#1755=CIRCLE('',#4780,0.70000000000001);
#1756=CIRCLE('',#4793,0.700000000000077);
#1757=CIRCLE('',#4794,0.7);
#1758=CIRCLE('',#4797,0.7);
#1759=CIRCLE('',#4798,0.700000000000003);
#1760=CIRCLE('',#4806,6.);
#1761=CIRCLE('',#4807,6.);
#1762=CIRCLE('',#4813,0.700000000000123);
#1763=CIRCLE('',#4816,0.699999999999478);
#1764=CIRCLE('',#4817,9.55731225296435);
#1765=CIRCLE('',#4818,9.99999999999992);
#1766=CIRCLE('',#4822,25.9999999999994);
#1767=CIRCLE('',#4824,25.9999999999994);
#1768=CIRCLE('',#4826,26.9999999999994);
#1769=CIRCLE('',#4830,2.);
#1770=CIRCLE('',#4831,2.);
#1771=CIRCLE('',#4839,0.700000000000001);
#1772=CIRCLE('',#4858,0.700000000000006);
#1773=CIRCLE('',#4874,0.699999999999997);
#1774=CIRCLE('',#4876,6.);
#1775=CIRCLE('',#4879,6.);
#1776=CIRCLE('',#4881,6.);
#1777=CIRCLE('',#4885,6.);
#1778=CIRCLE('',#4892,0.700000000000001);
#1779=CIRCLE('',#4894,6.);
#1780=CIRCLE('',#4896,6.);
#1781=CIRCLE('',#4904,6.);
#1782=CIRCLE('',#4916,11.5625566823704);
#1783=CIRCLE('',#4917,10.4754009396227);
#1784=CIRCLE('',#4920,11.5625566823705);
#1785=CIRCLE('',#4921,10.4754009396228);
#1786=CIRCLE('',#4923,11.5625566823713);
#1787=CIRCLE('',#4924,10.4754009396236);
#1788=CIRCLE('',#4928,2.);
#1789=CIRCLE('',#4929,1.);
#1790=CIRCLE('',#4931,8.85452123866821);
#1791=CIRCLE('',#4935,2.);
#1792=CIRCLE('',#4936,16.);
#1793=CIRCLE('',#4937,2.);
#1794=CIRCLE('',#4938,1.);
#1795=CIRCLE('',#4939,1.);
#1796=CIRCLE('',#4940,2.);
#1797=CIRCLE('',#4941,16.);
#1798=CIRCLE('',#4942,2.);
#1799=CIRCLE('',#4943,1.);
#1800=CIRCLE('',#4944,1.);
#1801=CIRCLE('',#4945,2.);
#1802=CIRCLE('',#4946,16.);
#1803=CIRCLE('',#4947,2.);
#1804=CIRCLE('',#4949,1.);
#1805=CIRCLE('',#4955,1.);
#1806=CIRCLE('',#4963,1.);
#1807=CIRCLE('',#4964,2.);
#1808=CIRCLE('',#4967,11.5625566823701);
#1809=CIRCLE('',#4968,10.4754009396225);
#1810=CIRCLE('',#4973,2.);
#1811=CIRCLE('',#4974,16.);
#1812=CIRCLE('',#4975,2.);
#1813=CIRCLE('',#4976,1.);
#1814=CIRCLE('',#4977,2.);
#1815=CIRCLE('',#4983,2.);
#1816=CIRCLE('',#4984,0.999999999999998);
#1817=CIRCLE('',#4986,17.);
#1818=CIRCLE('',#4987,16.);
#1819=CIRCLE('',#4990,2.);
#1820=CIRCLE('',#4991,1.00000000000001);
#1821=CIRCLE('',#4994,1.);
#1822=CIRCLE('',#4995,1.99999999999999);
#1823=CIRCLE('',#4998,1.);
#1824=CIRCLE('',#4999,2.);
#1825=CIRCLE('',#5002,2.);
#1826=CIRCLE('',#5003,1.);
#1827=CIRCLE('',#5006,17.);
#1828=CIRCLE('',#5007,16.);
#1829=CIRCLE('',#5010,2.);
#1830=CIRCLE('',#5011,1.);
#1831=CIRCLE('',#5014,1.);
#1832=CIRCLE('',#5015,2.00000000000001);
#1833=CIRCLE('',#5018,1.);
#1834=CIRCLE('',#5019,2.);
#1835=CIRCLE('',#5022,2.);
#1836=CIRCLE('',#5023,1.);
#1837=CIRCLE('',#5026,17.);
#1838=CIRCLE('',#5027,16.);
#1839=CIRCLE('',#5030,2.);
#1840=CIRCLE('',#5031,1.);
#1841=CIRCLE('',#5034,1.);
#1842=CIRCLE('',#5035,2.);
#1843=CIRCLE('',#5038,1.);
#1844=CIRCLE('',#5039,2.);
#1845=CIRCLE('',#5042,2.);
#1846=CIRCLE('',#5043,1.);
#1847=CIRCLE('',#5046,17.);
#1848=CIRCLE('',#5047,16.);
#1849=CIRCLE('',#5050,2.);
#1850=CIRCLE('',#5051,0.999999999999999);
#1851=CIRCLE('',#5054,1.);
#1852=CIRCLE('',#5055,2.);
#1853=CIRCLE('',#5058,2.);
#1854=CIRCLE('',#5059,1.);
#1855=CIRCLE('',#5081,7.);
#1856=CIRCLE('',#5082,7.);
#1857=CIRCLE('',#5083,7.);
#1858=CIRCLE('',#5084,7.);
#1859=CIRCLE('',#5118,6.);
#1860=CIRCLE('',#5119,6.);
#1861=CIRCLE('',#5121,6.);
#1862=CIRCLE('',#5122,8.85452123866832);
#1863=CIRCLE('',#5123,6.);
#1864=CIRCLE('',#5124,6.);
#1865=CIRCLE('',#5125,8.85452123866913);
#1866=CIRCLE('',#5127,6.);
#1867=CIRCLE('',#5128,8.85452123866798);
#1868=CIRCLE('',#5142,7.);
#1869=CIRCLE('',#5145,7.);
#1870=CIRCLE('',#5146,7.);
#1871=CIRCLE('',#5147,7.);
#1872=VERTEX_POINT('',#6464);
#1873=VERTEX_POINT('',#6465);
#1874=VERTEX_POINT('',#6467);
#1875=VERTEX_POINT('',#6476);
#1876=VERTEX_POINT('',#6510);
#1877=VERTEX_POINT('',#6543);
#1878=VERTEX_POINT('',#6548);
#1879=VERTEX_POINT('',#6555);
#1880=VERTEX_POINT('',#6556);
#1881=VERTEX_POINT('',#6561);
#1882=VERTEX_POINT('',#6563);
#1883=VERTEX_POINT('',#6565);
#1884=VERTEX_POINT('',#6567);
#1885=VERTEX_POINT('',#6616);
#1886=VERTEX_POINT('',#6617);
#1887=VERTEX_POINT('',#6619);
#1888=VERTEX_POINT('',#6627);
#1889=VERTEX_POINT('',#6660);
#1890=VERTEX_POINT('',#6693);
#1891=VERTEX_POINT('',#6698);
#1892=VERTEX_POINT('',#6705);
#1893=VERTEX_POINT('',#6706);
#1894=VERTEX_POINT('',#6711);
#1895=VERTEX_POINT('',#6713);
#1896=VERTEX_POINT('',#6715);
#1897=VERTEX_POINT('',#6717);
#1898=VERTEX_POINT('',#6758);
#1899=VERTEX_POINT('',#6759);
#1900=VERTEX_POINT('',#6761);
#1901=VERTEX_POINT('',#6769);
#1902=VERTEX_POINT('',#6802);
#1903=VERTEX_POINT('',#6835);
#1904=VERTEX_POINT('',#6836);
#1905=VERTEX_POINT('',#6847);
#1906=VERTEX_POINT('',#6848);
#1907=VERTEX_POINT('',#6853);
#1908=VERTEX_POINT('',#6855);
#1909=VERTEX_POINT('',#6857);
#1910=VERTEX_POINT('',#6859);
#1911=VERTEX_POINT('',#6861);
#1912=VERTEX_POINT('',#6863);
#1913=VERTEX_POINT('',#6867);
#1914=VERTEX_POINT('',#6869);
#1915=VERTEX_POINT('',#6916);
#1916=VERTEX_POINT('',#6918);
#1917=VERTEX_POINT('',#6951);
#1918=VERTEX_POINT('',#6984);
#1919=VERTEX_POINT('',#6991);
#1920=VERTEX_POINT('',#6995);
#1921=VERTEX_POINT('',#6997);
#1922=VERTEX_POINT('',#6999);
#1923=VERTEX_POINT('',#7001);
#1924=VERTEX_POINT('',#7018);
#1925=VERTEX_POINT('',#7020);
#1926=VERTEX_POINT('',#7022);
#1927=VERTEX_POINT('',#7024);
#1928=VERTEX_POINT('',#7026);
#1929=VERTEX_POINT('',#7028);
#1930=VERTEX_POINT('',#7035);
#1931=VERTEX_POINT('',#7037);
#1932=VERTEX_POINT('',#7044);
#1933=VERTEX_POINT('',#7046);
#1934=VERTEX_POINT('',#7053);
#1935=VERTEX_POINT('',#7055);
#1936=VERTEX_POINT('',#7062);
#1937=VERTEX_POINT('',#7064);
#1938=VERTEX_POINT('',#7066);
#1939=VERTEX_POINT('',#7068);
#1940=VERTEX_POINT('',#7107);
#1941=VERTEX_POINT('',#7108);
#1942=VERTEX_POINT('',#7117);
#1943=VERTEX_POINT('',#7176);
#1944=VERTEX_POINT('',#7181);
#1945=VERTEX_POINT('',#7188);
#1946=VERTEX_POINT('',#7189);
#1947=VERTEX_POINT('',#7194);
#1948=VERTEX_POINT('',#7196);
#1949=VERTEX_POINT('',#7198);
#1950=VERTEX_POINT('',#7200);
#1951=VERTEX_POINT('',#7249);
#1952=VERTEX_POINT('',#7251);
#1953=VERTEX_POINT('',#7259);
#1954=VERTEX_POINT('',#7318);
#1955=VERTEX_POINT('',#7319);
#1956=VERTEX_POINT('',#7330);
#1957=VERTEX_POINT('',#7331);
#1958=VERTEX_POINT('',#7336);
#1959=VERTEX_POINT('',#7338);
#1960=VERTEX_POINT('',#7340);
#1961=VERTEX_POINT('',#7342);
#1962=VERTEX_POINT('',#7387);
#1963=VERTEX_POINT('',#7388);
#1964=VERTEX_POINT('',#7398);
#1965=VERTEX_POINT('',#7458);
#1966=VERTEX_POINT('',#7463);
#1967=VERTEX_POINT('',#7470);
#1968=VERTEX_POINT('',#7471);
#1969=VERTEX_POINT('',#7476);
#1970=VERTEX_POINT('',#7478);
#1971=VERTEX_POINT('',#7516);
#1972=VERTEX_POINT('',#7518);
#1973=VERTEX_POINT('',#7526);
#1974=VERTEX_POINT('',#7585);
#1975=VERTEX_POINT('',#7586);
#1976=VERTEX_POINT('',#7597);
#1977=VERTEX_POINT('',#7598);
#1978=VERTEX_POINT('',#7603);
#1979=VERTEX_POINT('',#7605);
#1980=VERTEX_POINT('',#7607);
#1981=VERTEX_POINT('',#7609);
#1982=VERTEX_POINT('',#7615);
#1983=VERTEX_POINT('',#7616);
#1984=VERTEX_POINT('',#7629);
#1985=VERTEX_POINT('',#7631);
#1986=VERTEX_POINT('',#7635);
#1987=VERTEX_POINT('',#7637);
#1988=VERTEX_POINT('',#7639);
#1989=VERTEX_POINT('',#7641);
#1990=VERTEX_POINT('',#7645);
#1991=VERTEX_POINT('',#7647);
#1992=VERTEX_POINT('',#7649);
#1993=VERTEX_POINT('',#7677);
#1994=VERTEX_POINT('',#7678);
#1995=VERTEX_POINT('',#7712);
#1996=VERTEX_POINT('',#7713);
#1997=VERTEX_POINT('',#7752);
#1998=VERTEX_POINT('',#7753);
#1999=VERTEX_POINT('',#7758);
#2000=VERTEX_POINT('',#7759);
#2001=VERTEX_POINT('',#7762);
#2002=VERTEX_POINT('',#7764);
#2003=VERTEX_POINT('',#7779);
#2004=VERTEX_POINT('',#7789);
#2005=VERTEX_POINT('',#7791);
#2006=VERTEX_POINT('',#7795);
#2007=VERTEX_POINT('',#7799);
#2008=VERTEX_POINT('',#7800);
#2009=VERTEX_POINT('',#7802);
#2010=VERTEX_POINT('',#7804);
#2011=VERTEX_POINT('',#7809);
#2012=VERTEX_POINT('',#7832);
#2013=VERTEX_POINT('',#7851);
#2014=VERTEX_POINT('',#7852);
#2015=VERTEX_POINT('',#7857);
#2016=VERTEX_POINT('',#7883);
#2017=VERTEX_POINT('',#7897);
#2018=VERTEX_POINT('',#7898);
#2019=VERTEX_POINT('',#7903);
#2020=VERTEX_POINT('',#7905);
#2021=VERTEX_POINT('',#7907);
#2022=VERTEX_POINT('',#7930);
#2023=VERTEX_POINT('',#7952);
#2024=VERTEX_POINT('',#7953);
#2025=VERTEX_POINT('',#7958);
#2026=VERTEX_POINT('',#7984);
#2027=VERTEX_POINT('',#8004);
#2028=VERTEX_POINT('',#8006);
#2029=VERTEX_POINT('',#8008);
#2030=VERTEX_POINT('',#8010);
#2031=VERTEX_POINT('',#8012);
#2032=VERTEX_POINT('',#8018);
#2033=VERTEX_POINT('',#8023);
#2034=VERTEX_POINT('',#8025);
#2035=VERTEX_POINT('',#8027);
#2036=VERTEX_POINT('',#8029);
#2037=VERTEX_POINT('',#8031);
#2038=VERTEX_POINT('',#8033);
#2039=VERTEX_POINT('',#8038);
#2040=VERTEX_POINT('',#8044);
#2041=VERTEX_POINT('',#8046);
#2042=VERTEX_POINT('',#8048);
#2043=VERTEX_POINT('',#8056);
#2044=VERTEX_POINT('',#8086);
#2045=VERTEX_POINT('',#8088);
#2046=VERTEX_POINT('',#8092);
#2047=VERTEX_POINT('',#8096);
#2048=VERTEX_POINT('',#8100);
#2049=VERTEX_POINT('',#8102);
#2050=VERTEX_POINT('',#8108);
#2051=VERTEX_POINT('',#8109);
#2052=VERTEX_POINT('',#8122);
#2053=VERTEX_POINT('',#8124);
#2054=VERTEX_POINT('',#8129);
#2055=VERTEX_POINT('',#8131);
#2056=VERTEX_POINT('',#8135);
#2057=VERTEX_POINT('',#8140);
#2058=VERTEX_POINT('',#8144);
#2059=VERTEX_POINT('',#8148);
#2060=VERTEX_POINT('',#8152);
#2061=VERTEX_POINT('',#8154);
#2062=VERTEX_POINT('',#8160);
#2063=VERTEX_POINT('',#8161);
#2064=VERTEX_POINT('',#8174);
#2065=VERTEX_POINT('',#8176);
#2066=VERTEX_POINT('',#8183);
#2067=VERTEX_POINT('',#8185);
#2068=VERTEX_POINT('',#8195);
#2069=VERTEX_POINT('',#8199);
#2070=VERTEX_POINT('',#8203);
#2071=VERTEX_POINT('',#8212);
#2072=VERTEX_POINT('',#8214);
#2073=VERTEX_POINT('',#8219);
#2074=VERTEX_POINT('',#8221);
#2075=VERTEX_POINT('',#8227);
#2076=VERTEX_POINT('',#8231);
#2077=VERTEX_POINT('',#8233);
#2078=VERTEX_POINT('',#8235);
#2079=VERTEX_POINT('',#8239);
#2080=VERTEX_POINT('',#8241);
#2081=VERTEX_POINT('',#8243);
#2082=VERTEX_POINT('',#8245);
#2083=VERTEX_POINT('',#8247);
#2084=VERTEX_POINT('',#8249);
#2085=VERTEX_POINT('',#8255);
#2086=VERTEX_POINT('',#8257);
#2087=VERTEX_POINT('',#8259);
#2088=VERTEX_POINT('',#8261);
#2089=VERTEX_POINT('',#8263);
#2090=VERTEX_POINT('',#8265);
#2091=VERTEX_POINT('',#8267);
#2092=VERTEX_POINT('',#8271);
#2093=VERTEX_POINT('',#8273);
#2094=VERTEX_POINT('',#8275);
#2095=VERTEX_POINT('',#8280);
#2096=VERTEX_POINT('',#8281);
#2097=VERTEX_POINT('',#8283);
#2098=VERTEX_POINT('',#8285);
#2099=VERTEX_POINT('',#8308);
#2100=VERTEX_POINT('',#8309);
#2101=VERTEX_POINT('',#8316);
#2102=VERTEX_POINT('',#8324);
#2103=VERTEX_POINT('',#8328);
#2104=VERTEX_POINT('',#8329);
#2105=VERTEX_POINT('',#8334);
#2106=VERTEX_POINT('',#8335);
#2107=VERTEX_POINT('',#8343);
#2108=VERTEX_POINT('',#8344);
#2109=VERTEX_POINT('',#8349);
#2110=VERTEX_POINT('',#8350);
#2111=VERTEX_POINT('',#8374);
#2112=VERTEX_POINT('',#8375);
#2113=VERTEX_POINT('',#8412);
#2114=VERTEX_POINT('',#8413);
#2115=VERTEX_POINT('',#8415);
#2116=VERTEX_POINT('',#8417);
#2117=VERTEX_POINT('',#8421);
#2118=VERTEX_POINT('',#8422);
#2119=VERTEX_POINT('',#8453);
#2120=VERTEX_POINT('',#8459);
#2121=VERTEX_POINT('',#8461);
#2122=VERTEX_POINT('',#8465);
#2123=VERTEX_POINT('',#8467);
#2124=VERTEX_POINT('',#8469);
#2125=VERTEX_POINT('',#8471);
#2126=VERTEX_POINT('',#8473);
#2127=VERTEX_POINT('',#8475);
#2128=VERTEX_POINT('',#8477);
#2129=VERTEX_POINT('',#8479);
#2130=VERTEX_POINT('',#8481);
#2131=VERTEX_POINT('',#8483);
#2132=VERTEX_POINT('',#8485);
#2133=VERTEX_POINT('',#8487);
#2134=VERTEX_POINT('',#8489);
#2135=VERTEX_POINT('',#8491);
#2136=VERTEX_POINT('',#8493);
#2137=VERTEX_POINT('',#8495);
#2138=VERTEX_POINT('',#8497);
#2139=VERTEX_POINT('',#8499);
#2140=VERTEX_POINT('',#8501);
#2141=VERTEX_POINT('',#8503);
#2142=VERTEX_POINT('',#8505);
#2143=VERTEX_POINT('',#8507);
#2144=VERTEX_POINT('',#8509);
#2145=VERTEX_POINT('',#8511);
#2146=VERTEX_POINT('',#8513);
#2147=VERTEX_POINT('',#8515);
#2148=VERTEX_POINT('',#8519);
#2149=VERTEX_POINT('',#8523);
#2150=VERTEX_POINT('',#8527);
#2151=VERTEX_POINT('',#8550);
#2152=VERTEX_POINT('',#8579);
#2153=VERTEX_POINT('',#8589);
#2154=VERTEX_POINT('',#8591);
#2155=VERTEX_POINT('',#8595);
#2156=VERTEX_POINT('',#8651);
#2157=VERTEX_POINT('',#8652);
#2158=VERTEX_POINT('',#8654);
#2159=VERTEX_POINT('',#8656);
#2160=VERTEX_POINT('',#8660);
#2161=VERTEX_POINT('',#8661);
#2162=VERTEX_POINT('',#8687);
#2163=VERTEX_POINT('',#8688);
#2164=VERTEX_POINT('',#8690);
#2165=VERTEX_POINT('',#8703);
#2166=VERTEX_POINT('',#8707);
#2167=VERTEX_POINT('',#8709);
#2168=VERTEX_POINT('',#8713);
#2169=VERTEX_POINT('',#8715);
#2170=VERTEX_POINT('',#8738);
#2171=VERTEX_POINT('',#8739);
#2172=VERTEX_POINT('',#8752);
#2173=VERTEX_POINT('',#8753);
#2174=VERTEX_POINT('',#8755);
#2175=VERTEX_POINT('',#8757);
#2176=VERTEX_POINT('',#8809);
#2177=VERTEX_POINT('',#8811);
#2178=VERTEX_POINT('',#8813);
#2179=VERTEX_POINT('',#8815);
#2180=VERTEX_POINT('',#8817);
#2181=VERTEX_POINT('',#8819);
#2182=VERTEX_POINT('',#8821);
#2183=VERTEX_POINT('',#8823);
#2184=VERTEX_POINT('',#8825);
#2185=VERTEX_POINT('',#8827);
#2186=VERTEX_POINT('',#8831);
#2187=VERTEX_POINT('',#8832);
#2188=VERTEX_POINT('',#8834);
#2189=VERTEX_POINT('',#8836);
#2190=VERTEX_POINT('',#8840);
#2191=VERTEX_POINT('',#8842);
#2192=VERTEX_POINT('',#8849);
#2193=VERTEX_POINT('',#8851);
#2194=VERTEX_POINT('',#8855);
#2195=VERTEX_POINT('',#8857);
#2196=VERTEX_POINT('',#8861);
#2197=VERTEX_POINT('',#8862);
#2198=VERTEX_POINT('',#8867);
#2199=VERTEX_POINT('',#8869);
#2200=VERTEX_POINT('',#8873);
#2201=VERTEX_POINT('',#8875);
#2202=VERTEX_POINT('',#8879);
#2203=VERTEX_POINT('',#8880);
#2204=VERTEX_POINT('',#8885);
#2205=VERTEX_POINT('',#8887);
#2206=VERTEX_POINT('',#8891);
#2207=VERTEX_POINT('',#8892);
#2208=VERTEX_POINT('',#8897);
#2209=VERTEX_POINT('',#8899);
#2210=VERTEX_POINT('',#8903);
#2211=VERTEX_POINT('',#8904);
#2212=VERTEX_POINT('',#8909);
#2213=VERTEX_POINT('',#8911);
#2214=VERTEX_POINT('',#8915);
#2215=VERTEX_POINT('',#8916);
#2216=VERTEX_POINT('',#8921);
#2217=VERTEX_POINT('',#8923);
#2218=VERTEX_POINT('',#8927);
#2219=VERTEX_POINT('',#8929);
#2220=VERTEX_POINT('',#8933);
#2221=VERTEX_POINT('',#8935);
#2222=VERTEX_POINT('',#8939);
#2223=VERTEX_POINT('',#8940);
#2224=VERTEX_POINT('',#8945);
#2225=VERTEX_POINT('',#8947);
#2226=VERTEX_POINT('',#8951);
#2227=VERTEX_POINT('',#8952);
#2228=VERTEX_POINT('',#8957);
#2229=VERTEX_POINT('',#8959);
#2230=VERTEX_POINT('',#8963);
#2231=VERTEX_POINT('',#8964);
#2232=VERTEX_POINT('',#8969);
#2233=VERTEX_POINT('',#8971);
#2234=VERTEX_POINT('',#8975);
#2235=VERTEX_POINT('',#8976);
#2236=VERTEX_POINT('',#8981);
#2237=VERTEX_POINT('',#8983);
#2238=VERTEX_POINT('',#8987);
#2239=VERTEX_POINT('',#8989);
#2240=VERTEX_POINT('',#8993);
#2241=VERTEX_POINT('',#8995);
#2242=VERTEX_POINT('',#8999);
#2243=VERTEX_POINT('',#9004);
#2244=VERTEX_POINT('',#9008);
#2245=VERTEX_POINT('',#9009);
#2246=VERTEX_POINT('',#9014);
#2247=VERTEX_POINT('',#9016);
#2248=VERTEX_POINT('',#9020);
#2249=VERTEX_POINT('',#9021);
#2250=VERTEX_POINT('',#9026);
#2251=VERTEX_POINT('',#9028);
#2252=VERTEX_POINT('',#9032);
#2253=VERTEX_POINT('',#9033);
#2254=VERTEX_POINT('',#9038);
#2255=VERTEX_POINT('',#9040);
#2256=VERTEX_POINT('',#9044);
#2257=VERTEX_POINT('',#9046);
#2258=VERTEX_POINT('',#9050);
#2259=VERTEX_POINT('',#9052);
#2260=VERTEX_POINT('',#9056);
#2261=VERTEX_POINT('',#9057);
#2262=VERTEX_POINT('',#9062);
#2263=VERTEX_POINT('',#9064);
#2264=VERTEX_POINT('',#9068);
#2265=VERTEX_POINT('',#9069);
#2266=VERTEX_POINT('',#9074);
#2267=VERTEX_POINT('',#9076);
#2268=VERTEX_POINT('',#9124);
#2269=VERTEX_POINT('',#9126);
#2270=VERTEX_POINT('',#9130);
#2271=VERTEX_POINT('',#9131);
#2272=VERTEX_POINT('',#9133);
#2273=VERTEX_POINT('',#9135);
#2274=VERTEX_POINT('',#9137);
#2275=VERTEX_POINT('',#9139);
#2276=VERTEX_POINT('',#9141);
#2277=VERTEX_POINT('',#9143);
#2278=VERTEX_POINT('',#9151);
#2279=VERTEX_POINT('',#9155);
#2280=VERTEX_POINT('',#9159);
#2281=VERTEX_POINT('',#9163);
#2282=VERTEX_POINT('',#9165);
#2283=VERTEX_POINT('',#9167);
#2284=VERTEX_POINT('',#9196);
#2285=VERTEX_POINT('',#9198);
#2286=VERTEX_POINT('',#9231);
#2287=VERTEX_POINT('',#9253);
#2288=VERTEX_POINT('',#9287);
#2289=VERTEX_POINT('',#9288);
#2290=VERTEX_POINT('',#9293);
#2291=VERTEX_POINT('',#9297);
#2292=VERTEX_POINT('',#9299);
#2293=VERTEX_POINT('',#9301);
#2294=VERTEX_POINT('',#9303);
#2295=VERTEX_POINT('',#9305);
#2296=EDGE_CURVE('',#1872,#1873,#1723,.T.);
#2297=EDGE_CURVE('',#1873,#1874,#1626,.T.);
#2298=EDGE_CURVE('',#1874,#1875,#1724,.T.);
#2299=EDGE_CURVE('',#1875,#1872,#1627,.T.);
#2300=EDGE_CURVE('',#1874,#1876,#1628,.T.);
#2301=EDGE_CURVE('',#1876,#1875,#1629,.T.);
#2302=EDGE_CURVE('',#1872,#1877,#1630,.T.);
#2303=EDGE_CURVE('',#1877,#1878,#1725,.T.);
#2304=EDGE_CURVE('',#1878,#1873,#1631,.T.);
#2305=EDGE_CURVE('',#1879,#1880,#929,.T.);
#2306=EDGE_CURVE('',#1880,#1878,#171,.T.);
#2307=EDGE_CURVE('',#1877,#1879,#172,.T.);
#2308=EDGE_CURVE('',#1872,#1881,#1726,.T.);
#2309=EDGE_CURVE('',#1881,#1882,#173,.T.);
#2310=EDGE_CURVE('',#1882,#1883,#930,.T.);
#2311=EDGE_CURVE('',#1884,#1883,#1632,.T.);
#2312=EDGE_CURVE('',#1884,#1879,#931,.T.);
#2313=EDGE_CURVE('',#1885,#1886,#1727,.T.);
#2314=EDGE_CURVE('',#1886,#1887,#1633,.T.);
#2315=EDGE_CURVE('',#1887,#1888,#1728,.T.);
#2316=EDGE_CURVE('',#1888,#1885,#1634,.T.);
#2317=EDGE_CURVE('',#1885,#1889,#1635,.T.);
#2318=EDGE_CURVE('',#1889,#1886,#1636,.T.);
#2319=EDGE_CURVE('',#1887,#1890,#1637,.T.);
#2320=EDGE_CURVE('',#1890,#1891,#1729,.T.);
#2321=EDGE_CURVE('',#1891,#1888,#1638,.T.);
#2322=EDGE_CURVE('',#1892,#1893,#932,.F.);
#2323=EDGE_CURVE('',#1892,#1891,#174,.T.);
#2324=EDGE_CURVE('',#1890,#1893,#175,.T.);
#2325=EDGE_CURVE('',#1880,#1894,#176,.T.);
#2326=EDGE_CURVE('',#1895,#1894,#933,.T.);
#2327=EDGE_CURVE('',#1896,#1895,#177,.T.);
#2328=EDGE_CURVE('',#1897,#1896,#934,.T.);
#2329=EDGE_CURVE('',#1897,#1893,#178,.T.);
#2330=EDGE_CURVE('',#1878,#1890,#179,.T.);
#2331=EDGE_CURVE('',#1886,#1874,#180,.T.);
#2332=EDGE_CURVE('',#1898,#1899,#1730,.T.);
#2333=EDGE_CURVE('',#1899,#1900,#1639,.T.);
#2334=EDGE_CURVE('',#1900,#1901,#1731,.T.);
#2335=EDGE_CURVE('',#1901,#1898,#1640,.T.);
#2336=EDGE_CURVE('',#1898,#1902,#1641,.T.);
#2337=EDGE_CURVE('',#1902,#1899,#1642,.T.);
#2338=EDGE_CURVE('',#1903,#1904,#1732,.T.);
#2339=EDGE_CURVE('',#1904,#1901,#1643,.T.);
#2340=EDGE_CURVE('',#1900,#1903,#1644,.T.);
#2341=EDGE_CURVE('',#1905,#1906,#935,.F.);
#2342=EDGE_CURVE('',#1905,#1904,#181,.T.);
#2343=EDGE_CURVE('',#1903,#1906,#182,.T.);
#2344=EDGE_CURVE('',#1907,#1906,#183,.T.);
#2345=EDGE_CURVE('',#1908,#1903,#184,.T.);
#2346=EDGE_CURVE('',#1909,#1908,#185,.T.);
#2347=EDGE_CURVE('',#1909,#1910,#186,.T.);
#2348=EDGE_CURVE('',#1911,#1910,#936,.T.);
#2349=EDGE_CURVE('',#1912,#1911,#187,.T.);
#2350=EDGE_CURVE('',#1907,#1912,#937,.T.);
#2351=EDGE_CURVE('',#1899,#1913,#188,.T.);
#2352=EDGE_CURVE('',#1914,#1913,#1645,.T.);
#2353=EDGE_CURVE('',#1908,#1914,#1646,.T.);
#2354=EDGE_CURVE('',#1913,#1915,#1733,.T.);
#2355=EDGE_CURVE('',#1915,#1916,#1647,.T.);
#2356=EDGE_CURVE('',#1916,#1914,#1734,.T.);
#2357=EDGE_CURVE('',#1913,#1917,#1648,.T.);
#2358=EDGE_CURVE('',#1917,#1915,#1649,.T.);
#2359=EDGE_CURVE('',#1918,#1908,#1735,.T.);
#2360=EDGE_CURVE('',#1916,#1918,#1650,.T.);
#2361=EDGE_CURVE('',#1919,#1909,#938,.T.);
#2362=EDGE_CURVE('',#1918,#1919,#189,.T.);
#2363=EDGE_CURVE('',#1916,#1920,#1736,.T.);
#2364=EDGE_CURVE('',#1920,#1921,#190,.T.);
#2365=EDGE_CURVE('',#1921,#1922,#939,.T.);
#2366=EDGE_CURVE('',#1923,#1922,#1651,.T.);
#2367=EDGE_CURVE('',#1923,#1919,#940,.T.);
#2368=EDGE_CURVE('',#1917,#1920,#1737,.T.);
#2369=EDGE_CURVE('',#1924,#1889,#191,.T.);
#2370=EDGE_CURVE('',#1925,#1924,#1738,.T.);
#2371=EDGE_CURVE('',#1926,#1925,#192,.T.);
#2372=EDGE_CURVE('',#1927,#1926,#1739,.T.);
#2373=EDGE_CURVE('',#1928,#1927,#193,.T.);
#2374=EDGE_CURVE('',#1929,#1928,#1652,.T.);
#2375=EDGE_CURVE('',#1930,#1929,#194,.T.);
#2376=EDGE_CURVE('',#1931,#1930,#1653,.T.);
#2377=EDGE_CURVE('',#1932,#1931,#195,.T.);
#2378=EDGE_CURVE('',#1933,#1932,#1654,.T.);
#2379=EDGE_CURVE('',#1934,#1933,#196,.T.);
#2380=EDGE_CURVE('',#1935,#1934,#1655,.T.);
#2381=EDGE_CURVE('',#1936,#1935,#197,.T.);
#2382=EDGE_CURVE('',#1937,#1936,#1740,.T.);
#2383=EDGE_CURVE('',#1938,#1937,#198,.T.);
#2384=EDGE_CURVE('',#1939,#1938,#1741,.T.);
#2385=EDGE_CURVE('',#1917,#1939,#199,.T.);
#2386=EDGE_CURVE('',#1876,#1902,#200,.T.);
#2387=EDGE_CURVE('',#1940,#1941,#1742,.T.);
#2388=EDGE_CURVE('',#1941,#1933,#1656,.T.);
#2389=EDGE_CURVE('',#1933,#1942,#1743,.T.);
#2390=EDGE_CURVE('',#1942,#1940,#1657,.T.);
#2391=EDGE_CURVE('',#1932,#1942,#1658,.T.);
#2392=EDGE_CURVE('',#1940,#1943,#1659,.T.);
#2393=EDGE_CURVE('',#1943,#1944,#1744,.T.);
#2394=EDGE_CURVE('',#1944,#1941,#1660,.T.);
#2395=EDGE_CURVE('',#1945,#1946,#941,.T.);
#2396=EDGE_CURVE('',#1946,#1944,#201,.T.);
#2397=EDGE_CURVE('',#1943,#1945,#202,.T.);
#2398=EDGE_CURVE('',#1940,#1947,#1745,.T.);
#2399=EDGE_CURVE('',#1947,#1948,#203,.T.);
#2400=EDGE_CURVE('',#1948,#1949,#942,.T.);
#2401=EDGE_CURVE('',#1950,#1949,#1661,.T.);
#2402=EDGE_CURVE('',#1950,#1945,#943,.T.);
#2403=EDGE_CURVE('',#1951,#1934,#1746,.T.);
#2404=EDGE_CURVE('',#1934,#1952,#1662,.T.);
#2405=EDGE_CURVE('',#1952,#1953,#1747,.T.);
#2406=EDGE_CURVE('',#1953,#1951,#1663,.T.);
#2407=EDGE_CURVE('',#1951,#1935,#1664,.T.);
#2408=EDGE_CURVE('',#1954,#1955,#1748,.T.);
#2409=EDGE_CURVE('',#1955,#1953,#1665,.T.);
#2410=EDGE_CURVE('',#1952,#1954,#1666,.T.);
#2411=EDGE_CURVE('',#1956,#1957,#944,.F.);
#2412=EDGE_CURVE('',#1956,#1955,#204,.T.);
#2413=EDGE_CURVE('',#1954,#1957,#205,.T.);
#2414=EDGE_CURVE('',#1946,#1958,#206,.T.);
#2415=EDGE_CURVE('',#1959,#1958,#945,.T.);
#2416=EDGE_CURVE('',#1960,#1959,#207,.T.);
#2417=EDGE_CURVE('',#1961,#1960,#208,.T.);
#2418=EDGE_CURVE('',#1957,#1961,#209,.T.);
#2419=EDGE_CURVE('',#1944,#1954,#210,.T.);
#2420=EDGE_CURVE('',#1962,#1963,#1749,.T.);
#2421=EDGE_CURVE('',#1963,#1929,#1667,.T.);
#2422=EDGE_CURVE('',#1929,#1964,#1750,.T.);
#2423=EDGE_CURVE('',#1964,#1962,#1668,.T.);
#2424=EDGE_CURVE('',#1928,#1964,#1669,.T.);
#2425=EDGE_CURVE('',#1962,#1965,#1670,.T.);
#2426=EDGE_CURVE('',#1965,#1966,#1751,.T.);
#2427=EDGE_CURVE('',#1966,#1963,#1671,.T.);
#2428=EDGE_CURVE('',#1967,#1968,#946,.T.);
#2429=EDGE_CURVE('',#1968,#1966,#211,.T.);
#2430=EDGE_CURVE('',#1965,#1967,#212,.T.);
#2431=EDGE_CURVE('',#1962,#1969,#1752,.T.);
#2432=EDGE_CURVE('',#1969,#1970,#213,.T.);
#2433=EDGE_CURVE('',#1970,#1967,#947,.T.);
#2434=EDGE_CURVE('',#1971,#1930,#1753,.T.);
#2435=EDGE_CURVE('',#1930,#1972,#1672,.T.);
#2436=EDGE_CURVE('',#1972,#1973,#1754,.T.);
#2437=EDGE_CURVE('',#1973,#1971,#1673,.T.);
#2438=EDGE_CURVE('',#1971,#1931,#1674,.T.);
#2439=EDGE_CURVE('',#1974,#1975,#1755,.T.);
#2440=EDGE_CURVE('',#1975,#1973,#1675,.T.);
#2441=EDGE_CURVE('',#1972,#1974,#1676,.T.);
#2442=EDGE_CURVE('',#1976,#1977,#948,.F.);
#2443=EDGE_CURVE('',#1976,#1975,#214,.T.);
#2444=EDGE_CURVE('',#1974,#1977,#215,.T.);
#2445=EDGE_CURVE('',#1978,#1968,#216,.T.);
#2446=EDGE_CURVE('',#1979,#1978,#217,.T.);
#2447=EDGE_CURVE('',#1980,#1979,#218,.T.);
#2448=EDGE_CURVE('',#1981,#1980,#949,.T.);
#2449=EDGE_CURVE('',#1981,#1977,#219,.T.);
#2450=EDGE_CURVE('',#1966,#1974,#220,.T.);
#2451=EDGE_CURVE('',#1982,#1983,#1677,.T.);
#2452=EDGE_CURVE('',#1983,#1984,#221,.T.);
#2453=EDGE_CURVE('',#1984,#1985,#950,.T.);
#2454=EDGE_CURVE('',#1985,#1982,#222,.T.);
#2455=EDGE_CURVE('',#1986,#1983,#951,.T.);
#2456=EDGE_CURVE('',#1986,#1987,#223,.T.);
#2457=EDGE_CURVE('',#1988,#1987,#952,.T.);
#2458=EDGE_CURVE('',#1989,#1988,#224,.T.);
#2459=EDGE_CURVE('',#1989,#1984,#225,.T.);
#2460=EDGE_CURVE('',#1982,#1990,#953,.T.);
#2461=EDGE_CURVE('',#1990,#1991,#226,.T.);
#2462=EDGE_CURVE('',#1991,#1992,#1756,.T.);
#2463=EDGE_CURVE('',#1992,#1986,#227,.T.);
#2464=EDGE_CURVE('',#1993,#1994,#1757,.T.);
#2465=EDGE_CURVE('',#1994,#1992,#954,.T.);
#2466=EDGE_CURVE('',#1991,#1993,#955,.T.);
#2467=EDGE_CURVE('',#1995,#1996,#1758,.T.);
#2468=EDGE_CURVE('',#1996,#1994,#1678,.T.);
#2469=EDGE_CURVE('',#1993,#1995,#1679,.T.);
#2470=EDGE_CURVE('',#1997,#1998,#1759,.T.);
#2471=EDGE_CURVE('',#1998,#1996,#956,.T.);
#2472=EDGE_CURVE('',#1995,#1997,#957,.T.);
#2473=EDGE_CURVE('',#1999,#2000,#958,.T.);
#2474=EDGE_CURVE('',#2000,#1998,#228,.T.);
#2475=EDGE_CURVE('',#1997,#2001,#229,.T.);
#2476=EDGE_CURVE('',#2001,#2002,#959,.T.);
#2477=EDGE_CURVE('',#2002,#1999,#1680,.T.);
#2478=EDGE_CURVE('',#2003,#1994,#230,.T.);
#2479=EDGE_CURVE('',#1987,#2003,#231,.T.);
#2480=EDGE_CURVE('',#1996,#1947,#232,.T.);
#2481=EDGE_CURVE('',#1932,#1947,#1760,.T.);
#2482=EDGE_CURVE('',#2003,#1931,#1761,.T.);
#2483=EDGE_CURVE('',#1948,#2000,#233,.T.);
#2484=EDGE_CURVE('',#2004,#1999,#234,.T.);
#2485=EDGE_CURVE('',#2004,#2005,#235,.T.);
#2486=EDGE_CURVE('',#1949,#2005,#236,.T.);
#2487=EDGE_CURVE('',#2002,#2006,#237,.T.);
#2488=EDGE_CURVE('',#2006,#2004,#960,.T.);
#2489=EDGE_CURVE('',#2007,#2008,#1762,.T.);
#2490=EDGE_CURVE('',#2008,#2009,#238,.T.);
#2491=EDGE_CURVE('',#2009,#2010,#1681,.T.);
#2492=EDGE_CURVE('',#2010,#2011,#1682,.T.);
#2493=EDGE_CURVE('',#2011,#2012,#961,.T.);
#2494=EDGE_CURVE('',#2012,#2007,#239,.T.);
#2495=EDGE_CURVE('',#2013,#2014,#1683,.T.);
#2496=EDGE_CURVE('',#2014,#2015,#1684,.T.);
#2497=EDGE_CURVE('',#2015,#2016,#1685,.T.);
#2498=EDGE_CURVE('',#2011,#2016,#1686,.T.);
#2499=EDGE_CURVE('',#2013,#2010,#1687,.T.);
#2500=EDGE_CURVE('',#2017,#2018,#1763,.T.);
#2501=EDGE_CURVE('',#2018,#2008,#1764,.T.);
#2502=EDGE_CURVE('',#2007,#2017,#1765,.T.);
#2503=EDGE_CURVE('',#2017,#2019,#240,.T.);
#2504=EDGE_CURVE('',#2019,#2020,#962,.T.);
#2505=EDGE_CURVE('',#2020,#2021,#1688,.T.);
#2506=EDGE_CURVE('',#2021,#2022,#1689,.T.);
#2507=EDGE_CURVE('',#2022,#2018,#241,.T.);
#2508=EDGE_CURVE('',#2023,#2024,#1690,.T.);
#2509=EDGE_CURVE('',#2024,#2025,#1691,.T.);
#2510=EDGE_CURVE('',#2025,#2026,#1692,.T.);
#2511=EDGE_CURVE('',#2021,#2026,#1693,.T.);
#2512=EDGE_CURVE('',#2023,#2020,#1694,.T.);
#2513=EDGE_CURVE('',#2018,#2008,#1766,.T.);
#2514=EDGE_CURVE('',#2009,#2022,#1767,.T.);
#2515=EDGE_CURVE('',#2025,#2014,#1768,.T.);
#2516=EDGE_CURVE('',#2027,#1989,#963,.T.);
#2517=EDGE_CURVE('',#2028,#2027,#242,.T.);
#2518=EDGE_CURVE('',#2029,#2028,#964,.T.);
#2519=EDGE_CURVE('',#2030,#2029,#243,.T.);
#2520=EDGE_CURVE('',#2031,#2030,#1695,.T.);
#2521=EDGE_CURVE('',#2032,#2031,#1696,.T.);
#2522=EDGE_CURVE('',#2033,#2032,#244,.T.);
#2523=EDGE_CURVE('',#2034,#2033,#1769,.T.);
#2524=EDGE_CURVE('',#2035,#2034,#245,.T.);
#2525=EDGE_CURVE('',#2036,#2035,#1770,.T.);
#2526=EDGE_CURVE('',#2037,#2036,#246,.T.);
#2527=EDGE_CURVE('',#2038,#2037,#1697,.T.);
#2528=EDGE_CURVE('',#2039,#2038,#1698,.T.);
#2529=EDGE_CURVE('',#2040,#2039,#247,.T.);
#2530=EDGE_CURVE('',#2041,#2040,#965,.T.);
#2531=EDGE_CURVE('',#2042,#2041,#248,.T.);
#2532=EDGE_CURVE('',#2005,#2042,#966,.T.);
#2533=EDGE_CURVE('',#2015,#2006,#249,.T.);
#2534=EDGE_CURVE('',#1985,#2024,#250,.T.);
#2535=EDGE_CURVE('',#2001,#2012,#251,.T.);
#2536=EDGE_CURVE('',#1988,#2043,#1699,.T.);
#2537=EDGE_CURVE('',#2043,#2027,#252,.T.);
#2538=EDGE_CURVE('',#1976,#2043,#967,.T.);
#2539=EDGE_CURVE('',#2028,#1981,#253,.T.);
#2540=EDGE_CURVE('',#2003,#1973,#1771,.T.);
#2541=EDGE_CURVE('',#1980,#2029,#254,.T.);
#2542=EDGE_CURVE('',#2030,#1979,#255,.T.);
#2543=EDGE_CURVE('',#2042,#1950,#256,.T.);
#2544=EDGE_CURVE('',#1958,#2041,#257,.T.);
#2545=EDGE_CURVE('',#2040,#1959,#258,.T.);
#2546=EDGE_CURVE('',#1922,#2044,#259,.T.);
#2547=EDGE_CURVE('',#2044,#2045,#968,.T.);
#2548=EDGE_CURVE('',#2045,#1923,#260,.T.);
#2549=EDGE_CURVE('',#2045,#2046,#261,.T.);
#2550=EDGE_CURVE('',#1910,#2046,#262,.T.);
#2551=EDGE_CURVE('',#2046,#2047,#969,.T.);
#2552=EDGE_CURVE('',#2047,#1911,#263,.T.);
#2553=EDGE_CURVE('',#1912,#2048,#264,.T.);
#2554=EDGE_CURVE('',#2048,#2049,#970,.T.);
#2555=EDGE_CURVE('',#2049,#1907,#265,.T.);
#2556=EDGE_CURVE('',#2047,#2048,#266,.T.);
#2557=EDGE_CURVE('',#2050,#2051,#1700,.T.);
#2558=EDGE_CURVE('',#2051,#2052,#267,.T.);
#2559=EDGE_CURVE('',#2052,#2053,#971,.T.);
#2560=EDGE_CURVE('',#2053,#2050,#268,.T.);
#2561=EDGE_CURVE('',#1905,#2051,#972,.T.);
#2562=EDGE_CURVE('',#2050,#2054,#973,.T.);
#2563=EDGE_CURVE('',#2054,#2055,#269,.T.);
#2564=EDGE_CURVE('',#2055,#1901,#1772,.T.);
#2565=EDGE_CURVE('',#2053,#2056,#270,.T.);
#2566=EDGE_CURVE('',#1883,#2056,#271,.T.);
#2567=EDGE_CURVE('',#1882,#2054,#272,.T.);
#2568=EDGE_CURVE('',#2056,#2057,#974,.T.);
#2569=EDGE_CURVE('',#2057,#1884,#273,.T.);
#2570=EDGE_CURVE('',#2057,#2058,#274,.T.);
#2571=EDGE_CURVE('',#1894,#2058,#275,.T.);
#2572=EDGE_CURVE('',#2058,#2059,#975,.T.);
#2573=EDGE_CURVE('',#2059,#1895,#276,.T.);
#2574=EDGE_CURVE('',#1896,#2060,#277,.T.);
#2575=EDGE_CURVE('',#2060,#2061,#976,.T.);
#2576=EDGE_CURVE('',#2061,#1897,#278,.T.);
#2577=EDGE_CURVE('',#2059,#2060,#279,.T.);
#2578=EDGE_CURVE('',#2062,#2063,#1701,.T.);
#2579=EDGE_CURVE('',#2063,#2064,#280,.T.);
#2580=EDGE_CURVE('',#2064,#2065,#977,.T.);
#2581=EDGE_CURVE('',#2065,#2062,#281,.T.);
#2582=EDGE_CURVE('',#2061,#2064,#282,.T.);
#2583=EDGE_CURVE('',#1892,#2063,#978,.T.);
#2584=EDGE_CURVE('',#2062,#2066,#979,.T.);
#2585=EDGE_CURVE('',#2066,#2067,#283,.T.);
#2586=EDGE_CURVE('',#2067,#1888,#1773,.T.);
#2587=EDGE_CURVE('',#1876,#1881,#1774,.T.);
#2588=EDGE_CURVE('',#2055,#1881,#284,.T.);
#2589=EDGE_CURVE('',#2067,#1889,#1775,.T.);
#2590=EDGE_CURVE('',#2067,#2068,#285,.T.);
#2591=EDGE_CURVE('',#1924,#2068,#1776,.T.);
#2592=EDGE_CURVE('',#2069,#2066,#286,.T.);
#2593=EDGE_CURVE('',#2069,#2068,#287,.T.);
#2594=EDGE_CURVE('',#2065,#2070,#288,.T.);
#2595=EDGE_CURVE('',#2069,#2070,#289,.T.);
#2596=EDGE_CURVE('',#2055,#1902,#1777,.T.);
#2597=EDGE_CURVE('',#2049,#2052,#290,.T.);
#2598=EDGE_CURVE('',#1921,#2071,#291,.T.);
#2599=EDGE_CURVE('',#2071,#2072,#292,.T.);
#2600=EDGE_CURVE('',#2072,#2044,#293,.T.);
#2601=EDGE_CURVE('',#1956,#2073,#980,.T.);
#2602=EDGE_CURVE('',#2073,#2074,#294,.T.);
#2603=EDGE_CURVE('',#2074,#1953,#1778,.T.);
#2604=EDGE_CURVE('',#2074,#1935,#1779,.T.);
#2605=EDGE_CURVE('',#2074,#2075,#295,.T.);
#2606=EDGE_CURVE('',#1936,#2075,#1780,.T.);
#2607=EDGE_CURVE('',#2073,#2076,#296,.T.);
#2608=EDGE_CURVE('',#2077,#2076,#297,.T.);
#2609=EDGE_CURVE('',#2078,#2077,#298,.T.);
#2610=EDGE_CURVE('',#2078,#2075,#299,.T.);
#2611=EDGE_CURVE('',#1961,#2079,#981,.T.);
#2612=EDGE_CURVE('',#2080,#2079,#300,.T.);
#2613=EDGE_CURVE('',#2080,#2081,#982,.T.);
#2614=EDGE_CURVE('',#2082,#2081,#301,.T.);
#2615=EDGE_CURVE('',#2082,#2083,#983,.T.);
#2616=EDGE_CURVE('',#2084,#2083,#302,.T.);
#2617=EDGE_CURVE('',#2076,#2084,#984,.F.);
#2618=EDGE_CURVE('',#1928,#1969,#1781,.T.);
#2619=EDGE_CURVE('',#2085,#1970,#303,.T.);
#2620=EDGE_CURVE('',#2086,#2085,#985,.F.);
#2621=EDGE_CURVE('',#2087,#2086,#304,.T.);
#2622=EDGE_CURVE('',#2087,#2088,#986,.T.);
#2623=EDGE_CURVE('',#2089,#2088,#305,.T.);
#2624=EDGE_CURVE('',#2089,#2090,#987,.T.);
#2625=EDGE_CURVE('',#2091,#2090,#306,.T.);
#2626=EDGE_CURVE('',#1978,#2091,#988,.F.);
#2627=EDGE_CURVE('',#2092,#1969,#307,.T.);
#2628=EDGE_CURVE('',#2093,#2092,#308,.T.);
#2629=EDGE_CURVE('',#2094,#2093,#309,.T.);
#2630=EDGE_CURVE('',#2085,#2094,#310,.T.);
#2631=EDGE_CURVE('',#2095,#2096,#989,.F.);
#2632=EDGE_CURVE('',#2096,#2097,#311,.T.);
#2633=EDGE_CURVE('',#2097,#2098,#312,.T.);
#2634=EDGE_CURVE('',#2098,#2095,#313,.T.);
#2635=EDGE_CURVE('',#2099,#2100,#314,.T.);
#2636=EDGE_CURVE('',#2100,#2094,#1702,.T.);
#2637=EDGE_CURVE('',#2094,#2101,#315,.T.);
#2638=EDGE_CURVE('',#2101,#2099,#1703,.T.);
#2639=EDGE_CURVE('',#2093,#2102,#316,.T.);
#2640=EDGE_CURVE('',#2102,#2101,#317,.T.);
#2641=EDGE_CURVE('',#2103,#2104,#318,.T.);
#2642=EDGE_CURVE('',#2104,#2102,#1782,.T.);
#2643=EDGE_CURVE('',#2093,#2103,#1783,.T.);
#2644=EDGE_CURVE('',#2105,#2106,#319,.T.);
#2645=EDGE_CURVE('',#2106,#2104,#320,.T.);
#2646=EDGE_CURVE('',#2103,#2105,#321,.T.);
#2647=EDGE_CURVE('',#2070,#2106,#1784,.T.);
#2648=EDGE_CURVE('',#2105,#2069,#1785,.T.);
#2649=EDGE_CURVE('',#2107,#2108,#322,.T.);
#2650=EDGE_CURVE('',#2108,#2072,#1786,.T.);
#2651=EDGE_CURVE('',#2071,#2107,#1787,.T.);
#2652=EDGE_CURVE('',#2109,#2110,#323,.T.);
#2653=EDGE_CURVE('',#2110,#2108,#324,.T.);
#2654=EDGE_CURVE('',#2107,#2109,#325,.T.);
#2655=EDGE_CURVE('',#2111,#2112,#326,.T.);
#2656=EDGE_CURVE('',#2112,#2110,#1704,.T.);
#2657=EDGE_CURVE('',#2109,#2111,#1705,.T.);
#2658=EDGE_CURVE('',#2099,#2098,#1706,.T.);
#2659=EDGE_CURVE('',#2097,#2100,#1707,.T.);
#2660=EDGE_CURVE('',#2113,#2114,#327,.T.);
#2661=EDGE_CURVE('',#2114,#2115,#328,.T.);
#2662=EDGE_CURVE('',#2115,#2116,#329,.T.);
#2663=EDGE_CURVE('',#2116,#2113,#330,.T.);
#2664=EDGE_CURVE('',#2117,#2118,#20,.F.);
#2665=EDGE_CURVE('',#2118,#2114,#1788,.T.);
#2666=EDGE_CURVE('',#2113,#2117,#1789,.T.);
#2667=EDGE_CURVE('',#2115,#2112,#1708,.T.);
#2668=EDGE_CURVE('',#2111,#2116,#1709,.T.);
#2669=EDGE_CURVE('',#2119,#2092,#1790,.T.);
#2670=EDGE_CURVE('',#2103,#2119,#331,.T.);
#2671=EDGE_CURVE('',#2100,#2086,#332,.T.);
#2672=EDGE_CURVE('',#2120,#2096,#333,.T.);
#2673=EDGE_CURVE('',#2121,#2120,#334,.T.);
#2674=EDGE_CURVE('',#2087,#2121,#335,.T.);
#2675=EDGE_CURVE('',#2122,#2118,#336,.T.);
#2676=EDGE_CURVE('',#2123,#2122,#337,.T.);
#2677=EDGE_CURVE('',#2124,#2123,#338,.T.);
#2678=EDGE_CURVE('',#2125,#2124,#1791,.F.);
#2679=EDGE_CURVE('',#2126,#2125,#1792,.T.);
#2680=EDGE_CURVE('',#2127,#2126,#339,.T.);
#2681=EDGE_CURVE('',#2128,#2127,#1793,.F.);
#2682=EDGE_CURVE('',#2129,#2128,#340,.T.);
#2683=EDGE_CURVE('',#2129,#2130,#1794,.T.);
#2684=EDGE_CURVE('',#2131,#2130,#341,.T.);
#2685=EDGE_CURVE('',#2131,#2132,#1795,.T.);
#2686=EDGE_CURVE('',#2133,#2132,#342,.T.);
#2687=EDGE_CURVE('',#2134,#2133,#1796,.F.);
#2688=EDGE_CURVE('',#2135,#2134,#343,.T.);
#2689=EDGE_CURVE('',#2136,#2135,#1797,.T.);
#2690=EDGE_CURVE('',#2137,#2136,#344,.T.);
#2691=EDGE_CURVE('',#2138,#2137,#1798,.F.);
#2692=EDGE_CURVE('',#2139,#2138,#345,.T.);
#2693=EDGE_CURVE('',#2139,#2140,#1799,.T.);
#2694=EDGE_CURVE('',#2141,#2140,#346,.T.);
#2695=EDGE_CURVE('',#2141,#2142,#1800,.T.);
#2696=EDGE_CURVE('',#2143,#2142,#347,.T.);
#2697=EDGE_CURVE('',#2144,#2143,#1801,.F.);
#2698=EDGE_CURVE('',#2145,#2144,#348,.T.);
#2699=EDGE_CURVE('',#2146,#2145,#1802,.T.);
#2700=EDGE_CURVE('',#2147,#2146,#349,.T.);
#2701=EDGE_CURVE('',#2095,#2147,#1803,.F.);
#2702=EDGE_CURVE('',#2148,#2034,#21,.F.);
#2703=EDGE_CURVE('',#2033,#2149,#350,.T.);
#2704=EDGE_CURVE('',#2149,#2148,#1804,.T.);
#2705=EDGE_CURVE('',#2032,#2150,#351,.T.);
#2706=EDGE_CURVE('',#2150,#2149,#352,.T.);
#2707=EDGE_CURVE('',#2151,#2031,#353,.T.);
#2708=EDGE_CURVE('',#1979,#2151,#1710,.T.);
#2709=EDGE_CURVE('',#2039,#1960,#354,.T.);
#2710=EDGE_CURVE('',#2038,#2152,#355,.T.);
#2711=EDGE_CURVE('',#2152,#1960,#1711,.T.);
#2712=EDGE_CURVE('',#2019,#1990,#356,.T.);
#2713=EDGE_CURVE('',#2036,#2153,#357,.T.);
#2714=EDGE_CURVE('',#2153,#2154,#358,.T.);
#2715=EDGE_CURVE('',#2154,#2037,#359,.T.);
#2716=EDGE_CURVE('',#2035,#2155,#22,.F.);
#2717=EDGE_CURVE('',#2155,#2153,#1805,.T.);
#2718=EDGE_CURVE('',#2154,#2152,#1712,.T.);
#2719=EDGE_CURVE('',#2151,#2150,#1713,.T.);
#2720=EDGE_CURVE('',#2017,#1991,#360,.T.);
#2721=EDGE_CURVE('',#2007,#1997,#361,.T.);
#2722=EDGE_CURVE('',#2152,#2079,#362,.T.);
#2723=EDGE_CURVE('',#2080,#2153,#363,.T.);
#2724=EDGE_CURVE('',#2155,#2081,#364,.T.);
#2725=EDGE_CURVE('',#2156,#2157,#365,.T.);
#2726=EDGE_CURVE('',#2157,#2158,#366,.T.);
#2727=EDGE_CURVE('',#2158,#2159,#367,.T.);
#2728=EDGE_CURVE('',#2159,#2156,#368,.T.);
#2729=EDGE_CURVE('',#2160,#2161,#23,.F.);
#2730=EDGE_CURVE('',#2161,#2159,#1806,.T.);
#2731=EDGE_CURVE('',#2158,#2160,#1807,.T.);
#2732=EDGE_CURVE('',#2162,#2163,#369,.T.);
#2733=EDGE_CURVE('',#2163,#2164,#1714,.T.);
#2734=EDGE_CURVE('',#2164,#2077,#370,.T.);
#2735=EDGE_CURVE('',#2077,#2162,#1715,.T.);
#2736=EDGE_CURVE('',#2164,#2165,#371,.T.);
#2737=EDGE_CURVE('',#2165,#2078,#372,.T.);
#2738=EDGE_CURVE('',#2165,#2166,#1808,.T.);
#2739=EDGE_CURVE('',#2166,#2167,#373,.T.);
#2740=EDGE_CURVE('',#2167,#2078,#1809,.T.);
#2741=EDGE_CURVE('',#2166,#2168,#374,.T.);
#2742=EDGE_CURVE('',#2168,#2169,#375,.T.);
#2743=EDGE_CURVE('',#2169,#2167,#376,.T.);
#2744=EDGE_CURVE('',#2170,#2171,#377,.T.);
#2745=EDGE_CURVE('',#2171,#2169,#1716,.T.);
#2746=EDGE_CURVE('',#2168,#2170,#1717,.T.);
#2747=EDGE_CURVE('',#2172,#2173,#990,.F.);
#2748=EDGE_CURVE('',#2173,#2174,#378,.T.);
#2749=EDGE_CURVE('',#2174,#2175,#379,.T.);
#2750=EDGE_CURVE('',#2175,#2172,#380,.T.);
#2751=EDGE_CURVE('',#2174,#2163,#1718,.T.);
#2752=EDGE_CURVE('',#2162,#2175,#1719,.T.);
#2753=EDGE_CURVE('',#2170,#2157,#1720,.T.);
#2754=EDGE_CURVE('',#2156,#2171,#1721,.T.);
#2755=EDGE_CURVE('',#2176,#2173,#1810,.F.);
#2756=EDGE_CURVE('',#2177,#2176,#381,.T.);
#2757=EDGE_CURVE('',#2178,#2177,#1811,.T.);
#2758=EDGE_CURVE('',#2179,#2178,#382,.T.);
#2759=EDGE_CURVE('',#2180,#2179,#1812,.F.);
#2760=EDGE_CURVE('',#2181,#2180,#383,.T.);
#2761=EDGE_CURVE('',#2181,#2182,#1813,.T.);
#2762=EDGE_CURVE('',#2183,#2182,#384,.T.);
#2763=EDGE_CURVE('',#2184,#2183,#1814,.F.);
#2764=EDGE_CURVE('',#2185,#2184,#385,.T.);
#2765=EDGE_CURVE('',#2160,#2185,#386,.T.);
#2766=EDGE_CURVE('',#2186,#2187,#387,.T.);
#2767=EDGE_CURVE('',#2187,#2188,#388,.T.);
#2768=EDGE_CURVE('',#2188,#2189,#389,.T.);
#2769=EDGE_CURVE('',#2186,#2189,#390,.T.);
#2770=EDGE_CURVE('',#2189,#2190,#391,.T.);
#2771=EDGE_CURVE('',#2190,#2191,#1722,.T.);
#2772=EDGE_CURVE('',#2191,#2186,#392,.T.);
#2773=EDGE_CURVE('',#2187,#2192,#393,.T.);
#2774=EDGE_CURVE('',#2192,#2193,#394,.T.);
#2775=EDGE_CURVE('',#2193,#2188,#395,.T.);
#2776=EDGE_CURVE('',#2192,#2194,#396,.T.);
#2777=EDGE_CURVE('',#2194,#2195,#397,.T.);
#2778=EDGE_CURVE('',#2195,#2193,#398,.T.);
#2779=EDGE_CURVE('',#2196,#2197,#399,.T.);
#2780=EDGE_CURVE('',#2197,#2195,#1815,.T.);
#2781=EDGE_CURVE('',#2194,#2196,#1816,.T.);
#2782=EDGE_CURVE('',#2196,#2198,#1817,.T.);
#2783=EDGE_CURVE('',#2198,#2199,#400,.T.);
#2784=EDGE_CURVE('',#2199,#2197,#1818,.T.);
#2785=EDGE_CURVE('',#2198,#2200,#401,.T.);
#2786=EDGE_CURVE('',#2200,#2201,#402,.T.);
#2787=EDGE_CURVE('',#2201,#2199,#403,.T.);
#2788=EDGE_CURVE('',#2202,#2203,#404,.T.);
#2789=EDGE_CURVE('',#2203,#2201,#1819,.T.);
#2790=EDGE_CURVE('',#2200,#2202,#1820,.T.);
#2791=EDGE_CURVE('',#2202,#2204,#405,.T.);
#2792=EDGE_CURVE('',#2204,#2205,#406,.T.);
#2793=EDGE_CURVE('',#2205,#2203,#407,.T.);
#2794=EDGE_CURVE('',#2206,#2207,#408,.T.);
#2795=EDGE_CURVE('',#2207,#2205,#1821,.T.);
#2796=EDGE_CURVE('',#2204,#2206,#1822,.T.);
#2797=EDGE_CURVE('',#2206,#2208,#409,.T.);
#2798=EDGE_CURVE('',#2208,#2209,#410,.T.);
#2799=EDGE_CURVE('',#2209,#2207,#411,.T.);
#2800=EDGE_CURVE('',#2210,#2211,#412,.T.);
#2801=EDGE_CURVE('',#2211,#2209,#1823,.T.);
#2802=EDGE_CURVE('',#2208,#2210,#1824,.T.);
#2803=EDGE_CURVE('',#2210,#2212,#413,.T.);
#2804=EDGE_CURVE('',#2212,#2213,#414,.T.);
#2805=EDGE_CURVE('',#2213,#2211,#415,.T.);
#2806=EDGE_CURVE('',#2214,#2215,#416,.T.);
#2807=EDGE_CURVE('',#2215,#2213,#1825,.T.);
#2808=EDGE_CURVE('',#2212,#2214,#1826,.T.);
#2809=EDGE_CURVE('',#2214,#2216,#417,.T.);
#2810=EDGE_CURVE('',#2216,#2217,#418,.T.);
#2811=EDGE_CURVE('',#2217,#2215,#419,.T.);
#2812=EDGE_CURVE('',#2216,#2218,#1827,.T.);
#2813=EDGE_CURVE('',#2218,#2219,#420,.T.);
#2814=EDGE_CURVE('',#2219,#2217,#1828,.T.);
#2815=EDGE_CURVE('',#2218,#2220,#421,.T.);
#2816=EDGE_CURVE('',#2220,#2221,#422,.T.);
#2817=EDGE_CURVE('',#2221,#2219,#423,.T.);
#2818=EDGE_CURVE('',#2222,#2223,#424,.T.);
#2819=EDGE_CURVE('',#2223,#2221,#1829,.T.);
#2820=EDGE_CURVE('',#2220,#2222,#1830,.T.);
#2821=EDGE_CURVE('',#2222,#2224,#425,.T.);
#2822=EDGE_CURVE('',#2224,#2225,#426,.T.);
#2823=EDGE_CURVE('',#2225,#2223,#427,.T.);
#2824=EDGE_CURVE('',#2226,#2227,#428,.T.);
#2825=EDGE_CURVE('',#2227,#2225,#1831,.T.);
#2826=EDGE_CURVE('',#2224,#2226,#1832,.T.);
#2827=EDGE_CURVE('',#2226,#2228,#429,.T.);
#2828=EDGE_CURVE('',#2228,#2229,#430,.T.);
#2829=EDGE_CURVE('',#2229,#2227,#431,.T.);
#2830=EDGE_CURVE('',#2230,#2231,#432,.T.);
#2831=EDGE_CURVE('',#2231,#2229,#1833,.T.);
#2832=EDGE_CURVE('',#2228,#2230,#1834,.T.);
#2833=EDGE_CURVE('',#2230,#2232,#433,.T.);
#2834=EDGE_CURVE('',#2232,#2233,#434,.T.);
#2835=EDGE_CURVE('',#2233,#2231,#435,.T.);
#2836=EDGE_CURVE('',#2234,#2235,#436,.T.);
#2837=EDGE_CURVE('',#2235,#2233,#1835,.T.);
#2838=EDGE_CURVE('',#2232,#2234,#1836,.T.);
#2839=EDGE_CURVE('',#2234,#2236,#437,.T.);
#2840=EDGE_CURVE('',#2236,#2237,#438,.T.);
#2841=EDGE_CURVE('',#2237,#2235,#439,.T.);
#2842=EDGE_CURVE('',#2236,#2238,#1837,.T.);
#2843=EDGE_CURVE('',#2238,#2239,#440,.T.);
#2844=EDGE_CURVE('',#2239,#2237,#1838,.T.);
#2845=EDGE_CURVE('',#2238,#2240,#441,.T.);
#2846=EDGE_CURVE('',#2240,#2241,#442,.T.);
#2847=EDGE_CURVE('',#2241,#2239,#443,.T.);
#2848=EDGE_CURVE('',#2242,#2120,#444,.T.);
#2849=EDGE_CURVE('',#2120,#2241,#1839,.T.);
#2850=EDGE_CURVE('',#2240,#2242,#1840,.T.);
#2851=EDGE_CURVE('',#2242,#2243,#445,.T.);
#2852=EDGE_CURVE('',#2243,#2121,#446,.T.);
#2853=EDGE_CURVE('',#2244,#2245,#447,.T.);
#2854=EDGE_CURVE('',#2245,#2121,#1841,.T.);
#2855=EDGE_CURVE('',#2243,#2244,#1842,.T.);
#2856=EDGE_CURVE('',#2244,#2246,#448,.T.);
#2857=EDGE_CURVE('',#2246,#2247,#449,.T.);
#2858=EDGE_CURVE('',#2247,#2245,#450,.T.);
#2859=EDGE_CURVE('',#2248,#2249,#451,.T.);
#2860=EDGE_CURVE('',#2249,#2247,#1843,.T.);
#2861=EDGE_CURVE('',#2246,#2248,#1844,.T.);
#2862=EDGE_CURVE('',#2248,#2250,#452,.T.);
#2863=EDGE_CURVE('',#2250,#2251,#453,.T.);
#2864=EDGE_CURVE('',#2251,#2249,#454,.T.);
#2865=EDGE_CURVE('',#2252,#2253,#455,.T.);
#2866=EDGE_CURVE('',#2253,#2251,#1845,.T.);
#2867=EDGE_CURVE('',#2250,#2252,#1846,.T.);
#2868=EDGE_CURVE('',#2252,#2254,#456,.T.);
#2869=EDGE_CURVE('',#2254,#2255,#457,.T.);
#2870=EDGE_CURVE('',#2255,#2253,#458,.T.);
#2871=EDGE_CURVE('',#2254,#2256,#1847,.T.);
#2872=EDGE_CURVE('',#2256,#2257,#459,.T.);
#2873=EDGE_CURVE('',#2257,#2255,#1848,.T.);
#2874=EDGE_CURVE('',#2256,#2258,#460,.T.);
#2875=EDGE_CURVE('',#2258,#2259,#461,.T.);
#2876=EDGE_CURVE('',#2259,#2257,#462,.T.);
#2877=EDGE_CURVE('',#2260,#2261,#463,.T.);
#2878=EDGE_CURVE('',#2261,#2259,#1849,.T.);
#2879=EDGE_CURVE('',#2258,#2260,#1850,.T.);
#2880=EDGE_CURVE('',#2260,#2262,#464,.T.);
#2881=EDGE_CURVE('',#2262,#2263,#465,.T.);
#2882=EDGE_CURVE('',#2263,#2261,#466,.T.);
#2883=EDGE_CURVE('',#2264,#2265,#467,.T.);
#2884=EDGE_CURVE('',#2265,#2263,#1851,.T.);
#2885=EDGE_CURVE('',#2262,#2264,#1852,.T.);
#2886=EDGE_CURVE('',#2264,#2266,#468,.T.);
#2887=EDGE_CURVE('',#2266,#2267,#469,.T.);
#2888=EDGE_CURVE('',#2267,#2265,#470,.T.);
#2889=EDGE_CURVE('',#2190,#2267,#1853,.T.);
#2890=EDGE_CURVE('',#2266,#2191,#1854,.T.);
#2891=EDGE_CURVE('',#2235,#2144,#471,.T.);
#2892=EDGE_CURVE('',#2143,#2233,#472,.T.);
#2893=EDGE_CURVE('',#2237,#2145,#473,.T.);
#2894=EDGE_CURVE('',#2239,#2146,#474,.T.);
#2895=EDGE_CURVE('',#2147,#2241,#475,.T.);
#2896=EDGE_CURVE('',#2245,#2088,#476,.T.);
#2897=EDGE_CURVE('',#2082,#2247,#477,.T.);
#2898=EDGE_CURVE('',#2089,#2148,#478,.T.);
#2899=EDGE_CURVE('',#2249,#2083,#479,.T.);
#2900=EDGE_CURVE('',#2084,#2162,#480,.T.);
#2901=EDGE_CURVE('',#2172,#2251,#481,.T.);
#2902=EDGE_CURVE('',#2253,#2176,#482,.T.);
#2903=EDGE_CURVE('',#2255,#2177,#483,.T.);
#2904=EDGE_CURVE('',#2257,#2178,#484,.T.);
#2905=EDGE_CURVE('',#2179,#2259,#485,.T.);
#2906=EDGE_CURVE('',#2261,#2180,#486,.T.);
#2907=EDGE_CURVE('',#2181,#2263,#487,.T.);
#2908=EDGE_CURVE('',#2265,#2182,#488,.T.);
#2909=EDGE_CURVE('',#2183,#2267,#489,.T.);
#2910=EDGE_CURVE('',#2190,#2184,#490,.T.);
#2911=EDGE_CURVE('',#2189,#2185,#491,.T.);
#2912=EDGE_CURVE('',#2188,#2122,#492,.T.);
#2913=EDGE_CURVE('',#2268,#2117,#493,.T.);
#2914=EDGE_CURVE('',#2268,#2269,#494,.T.);
#2915=EDGE_CURVE('',#2161,#2269,#495,.T.);
#2916=EDGE_CURVE('',#2270,#2271,#1855,.T.);
#2917=EDGE_CURVE('',#2270,#2272,#496,.T.);
#2918=EDGE_CURVE('',#2273,#2272,#1856,.T.);
#2919=EDGE_CURVE('',#2273,#2274,#497,.T.);
#2920=EDGE_CURVE('',#2275,#2274,#1857,.T.);
#2921=EDGE_CURVE('',#2275,#2276,#498,.T.);
#2922=EDGE_CURVE('',#2277,#2276,#1858,.T.);
#2923=EDGE_CURVE('',#2277,#2271,#499,.T.);
#2924=EDGE_CURVE('',#2149,#2090,#500,.T.);
#2925=EDGE_CURVE('',#2091,#2151,#501,.T.);
#2926=EDGE_CURVE('',#2278,#2269,#991,.T.);
#2927=EDGE_CURVE('',#2278,#2159,#502,.T.);
#2928=EDGE_CURVE('',#2278,#2279,#503,.T.);
#2929=EDGE_CURVE('',#2171,#2279,#504,.T.);
#2930=EDGE_CURVE('',#2113,#2280,#505,.T.);
#2931=EDGE_CURVE('',#2268,#2280,#992,.T.);
#2932=EDGE_CURVE('',#2281,#2280,#506,.T.);
#2933=EDGE_CURVE('',#2282,#2281,#993,.F.);
#2934=EDGE_CURVE('',#2283,#2282,#507,.T.);
#2935=EDGE_CURVE('',#2279,#2283,#994,.F.);
#2936=EDGE_CURVE('',#2281,#2111,#508,.T.);
#2937=EDGE_CURVE('',#2231,#2142,#509,.T.);
#2938=EDGE_CURVE('',#2141,#2229,#510,.T.);
#2939=EDGE_CURVE('',#2227,#2140,#511,.T.);
#2940=EDGE_CURVE('',#2139,#2225,#512,.T.);
#2941=EDGE_CURVE('',#2211,#2132,#513,.T.);
#2942=EDGE_CURVE('',#2131,#2209,#514,.T.);
#2943=EDGE_CURVE('',#2207,#2130,#515,.T.);
#2944=EDGE_CURVE('',#2129,#2205,#516,.T.);
#2945=EDGE_CURVE('',#2203,#2128,#517,.T.);
#2946=EDGE_CURVE('',#2223,#2138,#518,.T.);
#2947=EDGE_CURVE('',#2137,#2221,#519,.T.);
#2948=EDGE_CURVE('',#2283,#2169,#520,.T.);
#2949=EDGE_CURVE('',#2107,#2284,#521,.T.);
#2950=EDGE_CURVE('',#2285,#2284,#522,.T.);
#2951=EDGE_CURVE('',#2167,#2285,#523,.T.);
#2952=EDGE_CURVE('',#2109,#2282,#524,.T.);
#2953=EDGE_CURVE('',#2197,#2125,#525,.T.);
#2954=EDGE_CURVE('',#2124,#2195,#526,.T.);
#2955=EDGE_CURVE('',#2199,#2126,#527,.T.);
#2956=EDGE_CURVE('',#2127,#2201,#528,.T.);
#2957=EDGE_CURVE('',#2215,#2134,#529,.T.);
#2958=EDGE_CURVE('',#2133,#2213,#530,.T.);
#2959=EDGE_CURVE('',#2217,#2135,#531,.T.);
#2960=EDGE_CURVE('',#1927,#2092,#1859,.T.);
#2961=EDGE_CURVE('',#1926,#2119,#1860,.T.);
#2962=EDGE_CURVE('',#1925,#2286,#1861,.T.);
#2963=EDGE_CURVE('',#2286,#2119,#532,.T.);
#2964=EDGE_CURVE('',#2068,#2286,#1862,.T.);
#2965=EDGE_CURVE('',#2287,#1939,#1863,.T.);
#2966=EDGE_CURVE('',#1938,#2284,#1864,.T.);
#2967=EDGE_CURVE('',#2284,#2287,#1865,.T.);
#2968=EDGE_CURVE('',#1937,#2285,#1866,.T.);
#2969=EDGE_CURVE('',#2075,#2285,#1867,.T.);
#2970=EDGE_CURVE('',#2287,#1920,#533,.T.);
#2971=EDGE_CURVE('',#2071,#2287,#534,.T.);
#2972=EDGE_CURVE('',#2105,#2286,#535,.T.);
#2973=EDGE_CURVE('',#2193,#2123,#536,.T.);
#2974=EDGE_CURVE('',#2219,#2136,#537,.T.);
#2975=EDGE_CURVE('',#2288,#2289,#1868,.T.);
#2976=EDGE_CURVE('',#2289,#2270,#538,.T.);
#2977=EDGE_CURVE('',#2271,#2288,#539,.T.);
#2978=EDGE_CURVE('',#2290,#2289,#540,.T.);
#2979=EDGE_CURVE('',#2272,#2290,#541,.T.);
#2980=EDGE_CURVE('',#2288,#2291,#542,.T.);
#2981=EDGE_CURVE('',#2292,#2291,#1869,.T.);
#2982=EDGE_CURVE('',#2292,#2293,#543,.T.);
#2983=EDGE_CURVE('',#2294,#2293,#1870,.T.);
#2984=EDGE_CURVE('',#2294,#2295,#544,.T.);
#2985=EDGE_CURVE('',#2290,#2295,#1871,.T.);
#2986=EDGE_CURVE('',#2295,#2273,#545,.T.);
#2987=EDGE_CURVE('',#2274,#2294,#546,.T.);
#2988=EDGE_CURVE('',#2293,#2275,#547,.T.);
#2989=EDGE_CURVE('',#2276,#2292,#548,.T.);
#2990=EDGE_CURVE('',#2291,#2277,#549,.T.);
#2991=ORIENTED_EDGE('',*,*,#2296,.T.);
#2992=ORIENTED_EDGE('',*,*,#2297,.T.);
#2993=ORIENTED_EDGE('',*,*,#2298,.T.);
#2994=ORIENTED_EDGE('',*,*,#2299,.T.);
#2995=ORIENTED_EDGE('',*,*,#2298,.F.);
#2996=ORIENTED_EDGE('',*,*,#2300,.T.);
#2997=ORIENTED_EDGE('',*,*,#2301,.T.);
#2998=ORIENTED_EDGE('',*,*,#2296,.F.);
#2999=ORIENTED_EDGE('',*,*,#2302,.T.);
#3000=ORIENTED_EDGE('',*,*,#2303,.T.);
#3001=ORIENTED_EDGE('',*,*,#2304,.T.);
#3002=ORIENTED_EDGE('',*,*,#2305,.T.);
#3003=ORIENTED_EDGE('',*,*,#2306,.T.);
#3004=ORIENTED_EDGE('',*,*,#2303,.F.);
#3005=ORIENTED_EDGE('',*,*,#2307,.T.);
#3006=ORIENTED_EDGE('',*,*,#2307,.F.);
#3007=ORIENTED_EDGE('',*,*,#2302,.F.);
#3008=ORIENTED_EDGE('',*,*,#2308,.T.);
#3009=ORIENTED_EDGE('',*,*,#2309,.T.);
#3010=ORIENTED_EDGE('',*,*,#2310,.T.);
#3011=ORIENTED_EDGE('',*,*,#2311,.F.);
#3012=ORIENTED_EDGE('',*,*,#2312,.T.);
#3013=ORIENTED_EDGE('',*,*,#2313,.T.);
#3014=ORIENTED_EDGE('',*,*,#2314,.T.);
#3015=ORIENTED_EDGE('',*,*,#2315,.T.);
#3016=ORIENTED_EDGE('',*,*,#2316,.T.);
#3017=ORIENTED_EDGE('',*,*,#2313,.F.);
#3018=ORIENTED_EDGE('',*,*,#2317,.T.);
#3019=ORIENTED_EDGE('',*,*,#2318,.T.);
#3020=ORIENTED_EDGE('',*,*,#2315,.F.);
#3021=ORIENTED_EDGE('',*,*,#2319,.T.);
#3022=ORIENTED_EDGE('',*,*,#2320,.T.);
#3023=ORIENTED_EDGE('',*,*,#2321,.T.);
#3024=ORIENTED_EDGE('',*,*,#2322,.F.);
#3025=ORIENTED_EDGE('',*,*,#2323,.T.);
#3026=ORIENTED_EDGE('',*,*,#2320,.F.);
#3027=ORIENTED_EDGE('',*,*,#2324,.T.);
#3028=ORIENTED_EDGE('',*,*,#2325,.T.);
#3029=ORIENTED_EDGE('',*,*,#2326,.F.);
#3030=ORIENTED_EDGE('',*,*,#2327,.F.);
#3031=ORIENTED_EDGE('',*,*,#2328,.F.);
#3032=ORIENTED_EDGE('',*,*,#2329,.T.);
#3033=ORIENTED_EDGE('',*,*,#2324,.F.);
#3034=ORIENTED_EDGE('',*,*,#2330,.F.);
#3035=ORIENTED_EDGE('',*,*,#2306,.F.);
#3036=ORIENTED_EDGE('',*,*,#2304,.F.);
#3037=ORIENTED_EDGE('',*,*,#2330,.T.);
#3038=ORIENTED_EDGE('',*,*,#2319,.F.);
#3039=ORIENTED_EDGE('',*,*,#2314,.F.);
#3040=ORIENTED_EDGE('',*,*,#2331,.T.);
#3041=ORIENTED_EDGE('',*,*,#2297,.F.);
#3042=ORIENTED_EDGE('',*,*,#2332,.T.);
#3043=ORIENTED_EDGE('',*,*,#2333,.T.);
#3044=ORIENTED_EDGE('',*,*,#2334,.T.);
#3045=ORIENTED_EDGE('',*,*,#2335,.T.);
#3046=ORIENTED_EDGE('',*,*,#2332,.F.);
#3047=ORIENTED_EDGE('',*,*,#2336,.T.);
#3048=ORIENTED_EDGE('',*,*,#2337,.T.);
#3049=ORIENTED_EDGE('',*,*,#2338,.T.);
#3050=ORIENTED_EDGE('',*,*,#2339,.T.);
#3051=ORIENTED_EDGE('',*,*,#2334,.F.);
#3052=ORIENTED_EDGE('',*,*,#2340,.T.);
#3053=ORIENTED_EDGE('',*,*,#2341,.F.);
#3054=ORIENTED_EDGE('',*,*,#2342,.T.);
#3055=ORIENTED_EDGE('',*,*,#2338,.F.);
#3056=ORIENTED_EDGE('',*,*,#2343,.T.);
#3057=ORIENTED_EDGE('',*,*,#2344,.T.);
#3058=ORIENTED_EDGE('',*,*,#2343,.F.);
#3059=ORIENTED_EDGE('',*,*,#2345,.F.);
#3060=ORIENTED_EDGE('',*,*,#2346,.F.);
#3061=ORIENTED_EDGE('',*,*,#2347,.T.);
#3062=ORIENTED_EDGE('',*,*,#2348,.F.);
#3063=ORIENTED_EDGE('',*,*,#2349,.F.);
#3064=ORIENTED_EDGE('',*,*,#2350,.F.);
#3065=ORIENTED_EDGE('',*,*,#2340,.F.);
#3066=ORIENTED_EDGE('',*,*,#2333,.F.);
#3067=ORIENTED_EDGE('',*,*,#2351,.T.);
#3068=ORIENTED_EDGE('',*,*,#2352,.F.);
#3069=ORIENTED_EDGE('',*,*,#2353,.F.);
#3070=ORIENTED_EDGE('',*,*,#2345,.T.);
#3071=ORIENTED_EDGE('',*,*,#2354,.T.);
#3072=ORIENTED_EDGE('',*,*,#2355,.T.);
#3073=ORIENTED_EDGE('',*,*,#2356,.T.);
#3074=ORIENTED_EDGE('',*,*,#2352,.T.);
#3075=ORIENTED_EDGE('',*,*,#2354,.F.);
#3076=ORIENTED_EDGE('',*,*,#2357,.T.);
#3077=ORIENTED_EDGE('',*,*,#2358,.T.);
#3078=ORIENTED_EDGE('',*,*,#2359,.T.);
#3079=ORIENTED_EDGE('',*,*,#2353,.T.);
#3080=ORIENTED_EDGE('',*,*,#2356,.F.);
#3081=ORIENTED_EDGE('',*,*,#2360,.T.);
#3082=ORIENTED_EDGE('',*,*,#2361,.T.);
#3083=ORIENTED_EDGE('',*,*,#2346,.T.);
#3084=ORIENTED_EDGE('',*,*,#2359,.F.);
#3085=ORIENTED_EDGE('',*,*,#2362,.T.);
#3086=ORIENTED_EDGE('',*,*,#2362,.F.);
#3087=ORIENTED_EDGE('',*,*,#2360,.F.);
#3088=ORIENTED_EDGE('',*,*,#2363,.T.);
#3089=ORIENTED_EDGE('',*,*,#2364,.T.);
#3090=ORIENTED_EDGE('',*,*,#2365,.T.);
#3091=ORIENTED_EDGE('',*,*,#2366,.F.);
#3092=ORIENTED_EDGE('',*,*,#2367,.T.);
#3093=ORIENTED_EDGE('',*,*,#2355,.F.);
#3094=ORIENTED_EDGE('',*,*,#2358,.F.);
#3095=ORIENTED_EDGE('',*,*,#2368,.T.);
#3096=ORIENTED_EDGE('',*,*,#2363,.F.);
#3097=ORIENTED_EDGE('',*,*,#2300,.F.);
#3098=ORIENTED_EDGE('',*,*,#2331,.F.);
#3099=ORIENTED_EDGE('',*,*,#2318,.F.);
#3100=ORIENTED_EDGE('',*,*,#2369,.F.);
#3101=ORIENTED_EDGE('',*,*,#2370,.F.);
#3102=ORIENTED_EDGE('',*,*,#2371,.F.);
#3103=ORIENTED_EDGE('',*,*,#2372,.F.);
#3104=ORIENTED_EDGE('',*,*,#2373,.F.);
#3105=ORIENTED_EDGE('',*,*,#2374,.F.);
#3106=ORIENTED_EDGE('',*,*,#2375,.F.);
#3107=ORIENTED_EDGE('',*,*,#2376,.F.);
#3108=ORIENTED_EDGE('',*,*,#2377,.F.);
#3109=ORIENTED_EDGE('',*,*,#2378,.F.);
#3110=ORIENTED_EDGE('',*,*,#2379,.F.);
#3111=ORIENTED_EDGE('',*,*,#2380,.F.);
#3112=ORIENTED_EDGE('',*,*,#2381,.F.);
#3113=ORIENTED_EDGE('',*,*,#2382,.F.);
#3114=ORIENTED_EDGE('',*,*,#2383,.F.);
#3115=ORIENTED_EDGE('',*,*,#2384,.F.);
#3116=ORIENTED_EDGE('',*,*,#2385,.F.);
#3117=ORIENTED_EDGE('',*,*,#2357,.F.);
#3118=ORIENTED_EDGE('',*,*,#2351,.F.);
#3119=ORIENTED_EDGE('',*,*,#2337,.F.);
#3120=ORIENTED_EDGE('',*,*,#2386,.F.);
#3121=ORIENTED_EDGE('',*,*,#2387,.T.);
#3122=ORIENTED_EDGE('',*,*,#2388,.T.);
#3123=ORIENTED_EDGE('',*,*,#2389,.T.);
#3124=ORIENTED_EDGE('',*,*,#2390,.T.);
#3125=ORIENTED_EDGE('',*,*,#2389,.F.);
#3126=ORIENTED_EDGE('',*,*,#2378,.T.);
#3127=ORIENTED_EDGE('',*,*,#2391,.T.);
#3128=ORIENTED_EDGE('',*,*,#2387,.F.);
#3129=ORIENTED_EDGE('',*,*,#2392,.T.);
#3130=ORIENTED_EDGE('',*,*,#2393,.T.);
#3131=ORIENTED_EDGE('',*,*,#2394,.T.);
#3132=ORIENTED_EDGE('',*,*,#2395,.T.);
#3133=ORIENTED_EDGE('',*,*,#2396,.T.);
#3134=ORIENTED_EDGE('',*,*,#2393,.F.);
#3135=ORIENTED_EDGE('',*,*,#2397,.T.);
#3136=ORIENTED_EDGE('',*,*,#2397,.F.);
#3137=ORIENTED_EDGE('',*,*,#2392,.F.);
#3138=ORIENTED_EDGE('',*,*,#2398,.T.);
#3139=ORIENTED_EDGE('',*,*,#2399,.T.);
#3140=ORIENTED_EDGE('',*,*,#2400,.T.);
#3141=ORIENTED_EDGE('',*,*,#2401,.F.);
#3142=ORIENTED_EDGE('',*,*,#2402,.T.);
#3143=ORIENTED_EDGE('',*,*,#2403,.T.);
#3144=ORIENTED_EDGE('',*,*,#2404,.T.);
#3145=ORIENTED_EDGE('',*,*,#2405,.T.);
#3146=ORIENTED_EDGE('',*,*,#2406,.T.);
#3147=ORIENTED_EDGE('',*,*,#2403,.F.);
#3148=ORIENTED_EDGE('',*,*,#2407,.T.);
#3149=ORIENTED_EDGE('',*,*,#2380,.T.);
#3150=ORIENTED_EDGE('',*,*,#2408,.T.);
#3151=ORIENTED_EDGE('',*,*,#2409,.T.);
#3152=ORIENTED_EDGE('',*,*,#2405,.F.);
#3153=ORIENTED_EDGE('',*,*,#2410,.T.);
#3154=ORIENTED_EDGE('',*,*,#2411,.F.);
#3155=ORIENTED_EDGE('',*,*,#2412,.T.);
#3156=ORIENTED_EDGE('',*,*,#2408,.F.);
#3157=ORIENTED_EDGE('',*,*,#2413,.T.);
#3158=ORIENTED_EDGE('',*,*,#2414,.T.);
#3159=ORIENTED_EDGE('',*,*,#2415,.F.);
#3160=ORIENTED_EDGE('',*,*,#2416,.F.);
#3161=ORIENTED_EDGE('',*,*,#2417,.F.);
#3162=ORIENTED_EDGE('',*,*,#2418,.F.);
#3163=ORIENTED_EDGE('',*,*,#2413,.F.);
#3164=ORIENTED_EDGE('',*,*,#2419,.F.);
#3165=ORIENTED_EDGE('',*,*,#2396,.F.);
#3166=ORIENTED_EDGE('',*,*,#2394,.F.);
#3167=ORIENTED_EDGE('',*,*,#2419,.T.);
#3168=ORIENTED_EDGE('',*,*,#2410,.F.);
#3169=ORIENTED_EDGE('',*,*,#2404,.F.);
#3170=ORIENTED_EDGE('',*,*,#2379,.T.);
#3171=ORIENTED_EDGE('',*,*,#2388,.F.);
#3172=ORIENTED_EDGE('',*,*,#2420,.T.);
#3173=ORIENTED_EDGE('',*,*,#2421,.T.);
#3174=ORIENTED_EDGE('',*,*,#2422,.T.);
#3175=ORIENTED_EDGE('',*,*,#2423,.T.);
#3176=ORIENTED_EDGE('',*,*,#2422,.F.);
#3177=ORIENTED_EDGE('',*,*,#2374,.T.);
#3178=ORIENTED_EDGE('',*,*,#2424,.T.);
#3179=ORIENTED_EDGE('',*,*,#2420,.F.);
#3180=ORIENTED_EDGE('',*,*,#2425,.T.);
#3181=ORIENTED_EDGE('',*,*,#2426,.T.);
#3182=ORIENTED_EDGE('',*,*,#2427,.T.);
#3183=ORIENTED_EDGE('',*,*,#2428,.T.);
#3184=ORIENTED_EDGE('',*,*,#2429,.T.);
#3185=ORIENTED_EDGE('',*,*,#2426,.F.);
#3186=ORIENTED_EDGE('',*,*,#2430,.T.);
#3187=ORIENTED_EDGE('',*,*,#2430,.F.);
#3188=ORIENTED_EDGE('',*,*,#2425,.F.);
#3189=ORIENTED_EDGE('',*,*,#2431,.T.);
#3190=ORIENTED_EDGE('',*,*,#2432,.T.);
#3191=ORIENTED_EDGE('',*,*,#2433,.T.);
#3192=ORIENTED_EDGE('',*,*,#2434,.T.);
#3193=ORIENTED_EDGE('',*,*,#2435,.T.);
#3194=ORIENTED_EDGE('',*,*,#2436,.T.);
#3195=ORIENTED_EDGE('',*,*,#2437,.T.);
#3196=ORIENTED_EDGE('',*,*,#2434,.F.);
#3197=ORIENTED_EDGE('',*,*,#2438,.T.);
#3198=ORIENTED_EDGE('',*,*,#2376,.T.);
#3199=ORIENTED_EDGE('',*,*,#2439,.T.);
#3200=ORIENTED_EDGE('',*,*,#2440,.T.);
#3201=ORIENTED_EDGE('',*,*,#2436,.F.);
#3202=ORIENTED_EDGE('',*,*,#2441,.T.);
#3203=ORIENTED_EDGE('',*,*,#2442,.F.);
#3204=ORIENTED_EDGE('',*,*,#2443,.T.);
#3205=ORIENTED_EDGE('',*,*,#2439,.F.);
#3206=ORIENTED_EDGE('',*,*,#2444,.T.);
#3207=ORIENTED_EDGE('',*,*,#2429,.F.);
#3208=ORIENTED_EDGE('',*,*,#2445,.F.);
#3209=ORIENTED_EDGE('',*,*,#2446,.F.);
#3210=ORIENTED_EDGE('',*,*,#2447,.F.);
#3211=ORIENTED_EDGE('',*,*,#2448,.F.);
#3212=ORIENTED_EDGE('',*,*,#2449,.T.);
#3213=ORIENTED_EDGE('',*,*,#2444,.F.);
#3214=ORIENTED_EDGE('',*,*,#2450,.F.);
#3215=ORIENTED_EDGE('',*,*,#2427,.F.);
#3216=ORIENTED_EDGE('',*,*,#2450,.T.);
#3217=ORIENTED_EDGE('',*,*,#2441,.F.);
#3218=ORIENTED_EDGE('',*,*,#2435,.F.);
#3219=ORIENTED_EDGE('',*,*,#2375,.T.);
#3220=ORIENTED_EDGE('',*,*,#2421,.F.);
#3221=ORIENTED_EDGE('',*,*,#2451,.T.);
#3222=ORIENTED_EDGE('',*,*,#2452,.T.);
#3223=ORIENTED_EDGE('',*,*,#2453,.T.);
#3224=ORIENTED_EDGE('',*,*,#2454,.T.);
#3225=ORIENTED_EDGE('',*,*,#2452,.F.);
#3226=ORIENTED_EDGE('',*,*,#2455,.F.);
#3227=ORIENTED_EDGE('',*,*,#2456,.T.);
#3228=ORIENTED_EDGE('',*,*,#2457,.F.);
#3229=ORIENTED_EDGE('',*,*,#2458,.F.);
#3230=ORIENTED_EDGE('',*,*,#2459,.T.);
#3231=ORIENTED_EDGE('',*,*,#2451,.F.);
#3232=ORIENTED_EDGE('',*,*,#2460,.T.);
#3233=ORIENTED_EDGE('',*,*,#2461,.T.);
#3234=ORIENTED_EDGE('',*,*,#2462,.T.);
#3235=ORIENTED_EDGE('',*,*,#2463,.T.);
#3236=ORIENTED_EDGE('',*,*,#2455,.T.);
#3237=ORIENTED_EDGE('',*,*,#2464,.T.);
#3238=ORIENTED_EDGE('',*,*,#2465,.T.);
#3239=ORIENTED_EDGE('',*,*,#2462,.F.);
#3240=ORIENTED_EDGE('',*,*,#2466,.T.);
#3241=ORIENTED_EDGE('',*,*,#2467,.T.);
#3242=ORIENTED_EDGE('',*,*,#2468,.T.);
#3243=ORIENTED_EDGE('',*,*,#2464,.F.);
#3244=ORIENTED_EDGE('',*,*,#2469,.T.);
#3245=ORIENTED_EDGE('',*,*,#2470,.T.);
#3246=ORIENTED_EDGE('',*,*,#2471,.T.);
#3247=ORIENTED_EDGE('',*,*,#2467,.F.);
#3248=ORIENTED_EDGE('',*,*,#2472,.T.);
#3249=ORIENTED_EDGE('',*,*,#2473,.T.);
#3250=ORIENTED_EDGE('',*,*,#2474,.T.);
#3251=ORIENTED_EDGE('',*,*,#2470,.F.);
#3252=ORIENTED_EDGE('',*,*,#2475,.T.);
#3253=ORIENTED_EDGE('',*,*,#2476,.T.);
#3254=ORIENTED_EDGE('',*,*,#2477,.T.);
#3255=ORIENTED_EDGE('',*,*,#2463,.F.);
#3256=ORIENTED_EDGE('',*,*,#2465,.F.);
#3257=ORIENTED_EDGE('',*,*,#2478,.F.);
#3258=ORIENTED_EDGE('',*,*,#2479,.F.);
#3259=ORIENTED_EDGE('',*,*,#2456,.F.);
#3260=ORIENTED_EDGE('',*,*,#2468,.F.);
#3261=ORIENTED_EDGE('',*,*,#2480,.T.);
#3262=ORIENTED_EDGE('',*,*,#2481,.F.);
#3263=ORIENTED_EDGE('',*,*,#2377,.T.);
#3264=ORIENTED_EDGE('',*,*,#2482,.F.);
#3265=ORIENTED_EDGE('',*,*,#2478,.T.);
#3266=ORIENTED_EDGE('',*,*,#2471,.F.);
#3267=ORIENTED_EDGE('',*,*,#2474,.F.);
#3268=ORIENTED_EDGE('',*,*,#2483,.F.);
#3269=ORIENTED_EDGE('',*,*,#2399,.F.);
#3270=ORIENTED_EDGE('',*,*,#2480,.F.);
#3271=ORIENTED_EDGE('',*,*,#2473,.F.);
#3272=ORIENTED_EDGE('',*,*,#2484,.F.);
#3273=ORIENTED_EDGE('',*,*,#2485,.T.);
#3274=ORIENTED_EDGE('',*,*,#2486,.F.);
#3275=ORIENTED_EDGE('',*,*,#2400,.F.);
#3276=ORIENTED_EDGE('',*,*,#2483,.T.);
#3277=ORIENTED_EDGE('',*,*,#2477,.F.);
#3278=ORIENTED_EDGE('',*,*,#2487,.T.);
#3279=ORIENTED_EDGE('',*,*,#2488,.T.);
#3280=ORIENTED_EDGE('',*,*,#2484,.T.);
#3281=ORIENTED_EDGE('',*,*,#2489,.T.);
#3282=ORIENTED_EDGE('',*,*,#2490,.T.);
#3283=ORIENTED_EDGE('',*,*,#2491,.T.);
#3284=ORIENTED_EDGE('',*,*,#2492,.T.);
#3285=ORIENTED_EDGE('',*,*,#2493,.T.);
#3286=ORIENTED_EDGE('',*,*,#2494,.T.);
#3287=ORIENTED_EDGE('',*,*,#2495,.T.);
#3288=ORIENTED_EDGE('',*,*,#2496,.T.);
#3289=ORIENTED_EDGE('',*,*,#2497,.T.);
#3290=ORIENTED_EDGE('',*,*,#2498,.F.);
#3291=ORIENTED_EDGE('',*,*,#2492,.F.);
#3292=ORIENTED_EDGE('',*,*,#2499,.F.);
#3293=ORIENTED_EDGE('',*,*,#2500,.T.);
#3294=ORIENTED_EDGE('',*,*,#2501,.T.);
#3295=ORIENTED_EDGE('',*,*,#2489,.F.);
#3296=ORIENTED_EDGE('',*,*,#2502,.T.);
#3297=ORIENTED_EDGE('',*,*,#2500,.F.);
#3298=ORIENTED_EDGE('',*,*,#2503,.T.);
#3299=ORIENTED_EDGE('',*,*,#2504,.T.);
#3300=ORIENTED_EDGE('',*,*,#2505,.T.);
#3301=ORIENTED_EDGE('',*,*,#2506,.T.);
#3302=ORIENTED_EDGE('',*,*,#2507,.T.);
#3303=ORIENTED_EDGE('',*,*,#2508,.T.);
#3304=ORIENTED_EDGE('',*,*,#2509,.T.);
#3305=ORIENTED_EDGE('',*,*,#2510,.T.);
#3306=ORIENTED_EDGE('',*,*,#2511,.F.);
#3307=ORIENTED_EDGE('',*,*,#2505,.F.);
#3308=ORIENTED_EDGE('',*,*,#2512,.F.);
#3309=ORIENTED_EDGE('',*,*,#2501,.F.);
#3310=ORIENTED_EDGE('',*,*,#2513,.T.);
#3311=ORIENTED_EDGE('',*,*,#2490,.F.);
#3312=ORIENTED_EDGE('',*,*,#2513,.F.);
#3313=ORIENTED_EDGE('',*,*,#2507,.F.);
#3314=ORIENTED_EDGE('',*,*,#2514,.F.);
#3315=ORIENTED_EDGE('',*,*,#2495,.F.);
#3316=ORIENTED_EDGE('',*,*,#2499,.T.);
#3317=ORIENTED_EDGE('',*,*,#2491,.F.);
#3318=ORIENTED_EDGE('',*,*,#2514,.T.);
#3319=ORIENTED_EDGE('',*,*,#2506,.F.);
#3320=ORIENTED_EDGE('',*,*,#2511,.T.);
#3321=ORIENTED_EDGE('',*,*,#2510,.F.);
#3322=ORIENTED_EDGE('',*,*,#2515,.T.);
#3323=ORIENTED_EDGE('',*,*,#2453,.F.);
#3324=ORIENTED_EDGE('',*,*,#2459,.F.);
#3325=ORIENTED_EDGE('',*,*,#2516,.F.);
#3326=ORIENTED_EDGE('',*,*,#2517,.F.);
#3327=ORIENTED_EDGE('',*,*,#2518,.F.);
#3328=ORIENTED_EDGE('',*,*,#2519,.F.);
#3329=ORIENTED_EDGE('',*,*,#2520,.F.);
#3330=ORIENTED_EDGE('',*,*,#2521,.F.);
#3331=ORIENTED_EDGE('',*,*,#2522,.F.);
#3332=ORIENTED_EDGE('',*,*,#2523,.F.);
#3333=ORIENTED_EDGE('',*,*,#2524,.F.);
#3334=ORIENTED_EDGE('',*,*,#2525,.F.);
#3335=ORIENTED_EDGE('',*,*,#2526,.F.);
#3336=ORIENTED_EDGE('',*,*,#2527,.F.);
#3337=ORIENTED_EDGE('',*,*,#2528,.F.);
#3338=ORIENTED_EDGE('',*,*,#2529,.F.);
#3339=ORIENTED_EDGE('',*,*,#2530,.F.);
#3340=ORIENTED_EDGE('',*,*,#2531,.F.);
#3341=ORIENTED_EDGE('',*,*,#2532,.F.);
#3342=ORIENTED_EDGE('',*,*,#2485,.F.);
#3343=ORIENTED_EDGE('',*,*,#2488,.F.);
#3344=ORIENTED_EDGE('',*,*,#2533,.F.);
#3345=ORIENTED_EDGE('',*,*,#2496,.F.);
#3346=ORIENTED_EDGE('',*,*,#2515,.F.);
#3347=ORIENTED_EDGE('',*,*,#2509,.F.);
#3348=ORIENTED_EDGE('',*,*,#2534,.F.);
#3349=ORIENTED_EDGE('',*,*,#2476,.F.);
#3350=ORIENTED_EDGE('',*,*,#2535,.T.);
#3351=ORIENTED_EDGE('',*,*,#2493,.F.);
#3352=ORIENTED_EDGE('',*,*,#2498,.T.);
#3353=ORIENTED_EDGE('',*,*,#2497,.F.);
#3354=ORIENTED_EDGE('',*,*,#2533,.T.);
#3355=ORIENTED_EDGE('',*,*,#2487,.F.);
#3356=ORIENTED_EDGE('',*,*,#2536,.T.);
#3357=ORIENTED_EDGE('',*,*,#2537,.T.);
#3358=ORIENTED_EDGE('',*,*,#2516,.T.);
#3359=ORIENTED_EDGE('',*,*,#2458,.T.);
#3360=ORIENTED_EDGE('',*,*,#2537,.F.);
#3361=ORIENTED_EDGE('',*,*,#2538,.F.);
#3362=ORIENTED_EDGE('',*,*,#2442,.T.);
#3363=ORIENTED_EDGE('',*,*,#2449,.F.);
#3364=ORIENTED_EDGE('',*,*,#2539,.F.);
#3365=ORIENTED_EDGE('',*,*,#2517,.T.);
#3366=ORIENTED_EDGE('',*,*,#2443,.F.);
#3367=ORIENTED_EDGE('',*,*,#2538,.T.);
#3368=ORIENTED_EDGE('',*,*,#2536,.F.);
#3369=ORIENTED_EDGE('',*,*,#2457,.T.);
#3370=ORIENTED_EDGE('',*,*,#2479,.T.);
#3371=ORIENTED_EDGE('',*,*,#2540,.T.);
#3372=ORIENTED_EDGE('',*,*,#2440,.F.);
#3373=ORIENTED_EDGE('',*,*,#2448,.T.);
#3374=ORIENTED_EDGE('',*,*,#2541,.T.);
#3375=ORIENTED_EDGE('',*,*,#2518,.T.);
#3376=ORIENTED_EDGE('',*,*,#2539,.T.);
#3377=ORIENTED_EDGE('',*,*,#2541,.F.);
#3378=ORIENTED_EDGE('',*,*,#2447,.T.);
#3379=ORIENTED_EDGE('',*,*,#2542,.F.);
#3380=ORIENTED_EDGE('',*,*,#2519,.T.);
#3381=ORIENTED_EDGE('',*,*,#2401,.T.);
#3382=ORIENTED_EDGE('',*,*,#2486,.T.);
#3383=ORIENTED_EDGE('',*,*,#2532,.T.);
#3384=ORIENTED_EDGE('',*,*,#2543,.T.);
#3385=ORIENTED_EDGE('',*,*,#2543,.F.);
#3386=ORIENTED_EDGE('',*,*,#2531,.T.);
#3387=ORIENTED_EDGE('',*,*,#2544,.F.);
#3388=ORIENTED_EDGE('',*,*,#2414,.F.);
#3389=ORIENTED_EDGE('',*,*,#2395,.F.);
#3390=ORIENTED_EDGE('',*,*,#2402,.F.);
#3391=ORIENTED_EDGE('',*,*,#2415,.T.);
#3392=ORIENTED_EDGE('',*,*,#2544,.T.);
#3393=ORIENTED_EDGE('',*,*,#2530,.T.);
#3394=ORIENTED_EDGE('',*,*,#2545,.T.);
#3395=ORIENTED_EDGE('',*,*,#2366,.T.);
#3396=ORIENTED_EDGE('',*,*,#2546,.T.);
#3397=ORIENTED_EDGE('',*,*,#2547,.T.);
#3398=ORIENTED_EDGE('',*,*,#2548,.T.);
#3399=ORIENTED_EDGE('',*,*,#2548,.F.);
#3400=ORIENTED_EDGE('',*,*,#2549,.T.);
#3401=ORIENTED_EDGE('',*,*,#2550,.F.);
#3402=ORIENTED_EDGE('',*,*,#2347,.F.);
#3403=ORIENTED_EDGE('',*,*,#2361,.F.);
#3404=ORIENTED_EDGE('',*,*,#2367,.F.);
#3405=ORIENTED_EDGE('',*,*,#2348,.T.);
#3406=ORIENTED_EDGE('',*,*,#2550,.T.);
#3407=ORIENTED_EDGE('',*,*,#2551,.T.);
#3408=ORIENTED_EDGE('',*,*,#2552,.T.);
#3409=ORIENTED_EDGE('',*,*,#2350,.T.);
#3410=ORIENTED_EDGE('',*,*,#2553,.T.);
#3411=ORIENTED_EDGE('',*,*,#2554,.T.);
#3412=ORIENTED_EDGE('',*,*,#2555,.T.);
#3413=ORIENTED_EDGE('',*,*,#2552,.F.);
#3414=ORIENTED_EDGE('',*,*,#2556,.T.);
#3415=ORIENTED_EDGE('',*,*,#2553,.F.);
#3416=ORIENTED_EDGE('',*,*,#2349,.T.);
#3417=ORIENTED_EDGE('',*,*,#2557,.T.);
#3418=ORIENTED_EDGE('',*,*,#2558,.T.);
#3419=ORIENTED_EDGE('',*,*,#2559,.T.);
#3420=ORIENTED_EDGE('',*,*,#2560,.T.);
#3421=ORIENTED_EDGE('',*,*,#2342,.F.);
#3422=ORIENTED_EDGE('',*,*,#2561,.T.);
#3423=ORIENTED_EDGE('',*,*,#2557,.F.);
#3424=ORIENTED_EDGE('',*,*,#2562,.T.);
#3425=ORIENTED_EDGE('',*,*,#2563,.T.);
#3426=ORIENTED_EDGE('',*,*,#2564,.T.);
#3427=ORIENTED_EDGE('',*,*,#2339,.F.);
#3428=ORIENTED_EDGE('',*,*,#2560,.F.);
#3429=ORIENTED_EDGE('',*,*,#2565,.T.);
#3430=ORIENTED_EDGE('',*,*,#2566,.F.);
#3431=ORIENTED_EDGE('',*,*,#2310,.F.);
#3432=ORIENTED_EDGE('',*,*,#2567,.T.);
#3433=ORIENTED_EDGE('',*,*,#2562,.F.);
#3434=ORIENTED_EDGE('',*,*,#2311,.T.);
#3435=ORIENTED_EDGE('',*,*,#2566,.T.);
#3436=ORIENTED_EDGE('',*,*,#2568,.T.);
#3437=ORIENTED_EDGE('',*,*,#2569,.T.);
#3438=ORIENTED_EDGE('',*,*,#2569,.F.);
#3439=ORIENTED_EDGE('',*,*,#2570,.T.);
#3440=ORIENTED_EDGE('',*,*,#2571,.F.);
#3441=ORIENTED_EDGE('',*,*,#2325,.F.);
#3442=ORIENTED_EDGE('',*,*,#2305,.F.);
#3443=ORIENTED_EDGE('',*,*,#2312,.F.);
#3444=ORIENTED_EDGE('',*,*,#2326,.T.);
#3445=ORIENTED_EDGE('',*,*,#2571,.T.);
#3446=ORIENTED_EDGE('',*,*,#2572,.T.);
#3447=ORIENTED_EDGE('',*,*,#2573,.T.);
#3448=ORIENTED_EDGE('',*,*,#2328,.T.);
#3449=ORIENTED_EDGE('',*,*,#2574,.T.);
#3450=ORIENTED_EDGE('',*,*,#2575,.T.);
#3451=ORIENTED_EDGE('',*,*,#2576,.T.);
#3452=ORIENTED_EDGE('',*,*,#2573,.F.);
#3453=ORIENTED_EDGE('',*,*,#2577,.T.);
#3454=ORIENTED_EDGE('',*,*,#2574,.F.);
#3455=ORIENTED_EDGE('',*,*,#2327,.T.);
#3456=ORIENTED_EDGE('',*,*,#2578,.T.);
#3457=ORIENTED_EDGE('',*,*,#2579,.T.);
#3458=ORIENTED_EDGE('',*,*,#2580,.T.);
#3459=ORIENTED_EDGE('',*,*,#2581,.T.);
#3460=ORIENTED_EDGE('',*,*,#2576,.F.);
#3461=ORIENTED_EDGE('',*,*,#2582,.T.);
#3462=ORIENTED_EDGE('',*,*,#2579,.F.);
#3463=ORIENTED_EDGE('',*,*,#2583,.F.);
#3464=ORIENTED_EDGE('',*,*,#2322,.T.);
#3465=ORIENTED_EDGE('',*,*,#2329,.F.);
#3466=ORIENTED_EDGE('',*,*,#2323,.F.);
#3467=ORIENTED_EDGE('',*,*,#2583,.T.);
#3468=ORIENTED_EDGE('',*,*,#2578,.F.);
#3469=ORIENTED_EDGE('',*,*,#2584,.T.);
#3470=ORIENTED_EDGE('',*,*,#2585,.T.);
#3471=ORIENTED_EDGE('',*,*,#2586,.T.);
#3472=ORIENTED_EDGE('',*,*,#2321,.F.);
#3473=ORIENTED_EDGE('',*,*,#2301,.F.);
#3474=ORIENTED_EDGE('',*,*,#2587,.T.);
#3475=ORIENTED_EDGE('',*,*,#2308,.F.);
#3476=ORIENTED_EDGE('',*,*,#2299,.F.);
#3477=ORIENTED_EDGE('',*,*,#2309,.F.);
#3478=ORIENTED_EDGE('',*,*,#2588,.F.);
#3479=ORIENTED_EDGE('',*,*,#2563,.F.);
#3480=ORIENTED_EDGE('',*,*,#2567,.F.);
#3481=ORIENTED_EDGE('',*,*,#2316,.F.);
#3482=ORIENTED_EDGE('',*,*,#2586,.F.);
#3483=ORIENTED_EDGE('',*,*,#2589,.T.);
#3484=ORIENTED_EDGE('',*,*,#2317,.F.);
#3485=ORIENTED_EDGE('',*,*,#2589,.F.);
#3486=ORIENTED_EDGE('',*,*,#2590,.T.);
#3487=ORIENTED_EDGE('',*,*,#2591,.F.);
#3488=ORIENTED_EDGE('',*,*,#2369,.T.);
#3489=ORIENTED_EDGE('',*,*,#2585,.F.);
#3490=ORIENTED_EDGE('',*,*,#2592,.F.);
#3491=ORIENTED_EDGE('',*,*,#2593,.T.);
#3492=ORIENTED_EDGE('',*,*,#2590,.F.);
#3493=ORIENTED_EDGE('',*,*,#2581,.F.);
#3494=ORIENTED_EDGE('',*,*,#2594,.T.);
#3495=ORIENTED_EDGE('',*,*,#2595,.F.);
#3496=ORIENTED_EDGE('',*,*,#2592,.T.);
#3497=ORIENTED_EDGE('',*,*,#2584,.F.);
#3498=ORIENTED_EDGE('',*,*,#2335,.F.);
#3499=ORIENTED_EDGE('',*,*,#2564,.F.);
#3500=ORIENTED_EDGE('',*,*,#2596,.T.);
#3501=ORIENTED_EDGE('',*,*,#2336,.F.);
#3502=ORIENTED_EDGE('',*,*,#2587,.F.);
#3503=ORIENTED_EDGE('',*,*,#2386,.T.);
#3504=ORIENTED_EDGE('',*,*,#2596,.F.);
#3505=ORIENTED_EDGE('',*,*,#2588,.T.);
#3506=ORIENTED_EDGE('',*,*,#2555,.F.);
#3507=ORIENTED_EDGE('',*,*,#2597,.T.);
#3508=ORIENTED_EDGE('',*,*,#2558,.F.);
#3509=ORIENTED_EDGE('',*,*,#2561,.F.);
#3510=ORIENTED_EDGE('',*,*,#2341,.T.);
#3511=ORIENTED_EDGE('',*,*,#2344,.F.);
#3512=ORIENTED_EDGE('',*,*,#2546,.F.);
#3513=ORIENTED_EDGE('',*,*,#2365,.F.);
#3514=ORIENTED_EDGE('',*,*,#2598,.T.);
#3515=ORIENTED_EDGE('',*,*,#2599,.T.);
#3516=ORIENTED_EDGE('',*,*,#2600,.T.);
#3517=ORIENTED_EDGE('',*,*,#2391,.F.);
#3518=ORIENTED_EDGE('',*,*,#2481,.T.);
#3519=ORIENTED_EDGE('',*,*,#2398,.F.);
#3520=ORIENTED_EDGE('',*,*,#2390,.F.);
#3521=ORIENTED_EDGE('',*,*,#2412,.F.);
#3522=ORIENTED_EDGE('',*,*,#2601,.T.);
#3523=ORIENTED_EDGE('',*,*,#2602,.T.);
#3524=ORIENTED_EDGE('',*,*,#2603,.T.);
#3525=ORIENTED_EDGE('',*,*,#2409,.F.);
#3526=ORIENTED_EDGE('',*,*,#2406,.F.);
#3527=ORIENTED_EDGE('',*,*,#2603,.F.);
#3528=ORIENTED_EDGE('',*,*,#2604,.T.);
#3529=ORIENTED_EDGE('',*,*,#2407,.F.);
#3530=ORIENTED_EDGE('',*,*,#2604,.F.);
#3531=ORIENTED_EDGE('',*,*,#2605,.T.);
#3532=ORIENTED_EDGE('',*,*,#2606,.F.);
#3533=ORIENTED_EDGE('',*,*,#2381,.T.);
#3534=ORIENTED_EDGE('',*,*,#2602,.F.);
#3535=ORIENTED_EDGE('',*,*,#2607,.T.);
#3536=ORIENTED_EDGE('',*,*,#2608,.F.);
#3537=ORIENTED_EDGE('',*,*,#2609,.F.);
#3538=ORIENTED_EDGE('',*,*,#2610,.T.);
#3539=ORIENTED_EDGE('',*,*,#2605,.F.);
#3540=ORIENTED_EDGE('',*,*,#2411,.T.);
#3541=ORIENTED_EDGE('',*,*,#2418,.T.);
#3542=ORIENTED_EDGE('',*,*,#2611,.T.);
#3543=ORIENTED_EDGE('',*,*,#2612,.F.);
#3544=ORIENTED_EDGE('',*,*,#2613,.T.);
#3545=ORIENTED_EDGE('',*,*,#2614,.F.);
#3546=ORIENTED_EDGE('',*,*,#2615,.T.);
#3547=ORIENTED_EDGE('',*,*,#2616,.F.);
#3548=ORIENTED_EDGE('',*,*,#2617,.F.);
#3549=ORIENTED_EDGE('',*,*,#2607,.F.);
#3550=ORIENTED_EDGE('',*,*,#2601,.F.);
#3551=ORIENTED_EDGE('',*,*,#2424,.F.);
#3552=ORIENTED_EDGE('',*,*,#2618,.T.);
#3553=ORIENTED_EDGE('',*,*,#2431,.F.);
#3554=ORIENTED_EDGE('',*,*,#2423,.F.);
#3555=ORIENTED_EDGE('',*,*,#2433,.F.);
#3556=ORIENTED_EDGE('',*,*,#2619,.F.);
#3557=ORIENTED_EDGE('',*,*,#2620,.F.);
#3558=ORIENTED_EDGE('',*,*,#2621,.F.);
#3559=ORIENTED_EDGE('',*,*,#2622,.T.);
#3560=ORIENTED_EDGE('',*,*,#2623,.F.);
#3561=ORIENTED_EDGE('',*,*,#2624,.T.);
#3562=ORIENTED_EDGE('',*,*,#2625,.F.);
#3563=ORIENTED_EDGE('',*,*,#2626,.F.);
#3564=ORIENTED_EDGE('',*,*,#2445,.T.);
#3565=ORIENTED_EDGE('',*,*,#2428,.F.);
#3566=ORIENTED_EDGE('',*,*,#2432,.F.);
#3567=ORIENTED_EDGE('',*,*,#2627,.F.);
#3568=ORIENTED_EDGE('',*,*,#2628,.F.);
#3569=ORIENTED_EDGE('',*,*,#2629,.F.);
#3570=ORIENTED_EDGE('',*,*,#2630,.F.);
#3571=ORIENTED_EDGE('',*,*,#2619,.T.);
#3572=ORIENTED_EDGE('',*,*,#2437,.F.);
#3573=ORIENTED_EDGE('',*,*,#2540,.F.);
#3574=ORIENTED_EDGE('',*,*,#2482,.T.);
#3575=ORIENTED_EDGE('',*,*,#2438,.F.);
#3576=ORIENTED_EDGE('',*,*,#2631,.T.);
#3577=ORIENTED_EDGE('',*,*,#2632,.T.);
#3578=ORIENTED_EDGE('',*,*,#2633,.T.);
#3579=ORIENTED_EDGE('',*,*,#2634,.T.);
#3580=ORIENTED_EDGE('',*,*,#2635,.T.);
#3581=ORIENTED_EDGE('',*,*,#2636,.T.);
#3582=ORIENTED_EDGE('',*,*,#2637,.T.);
#3583=ORIENTED_EDGE('',*,*,#2638,.T.);
#3584=ORIENTED_EDGE('',*,*,#2639,.T.);
#3585=ORIENTED_EDGE('',*,*,#2640,.T.);
#3586=ORIENTED_EDGE('',*,*,#2637,.F.);
#3587=ORIENTED_EDGE('',*,*,#2629,.T.);
#3588=ORIENTED_EDGE('',*,*,#2641,.T.);
#3589=ORIENTED_EDGE('',*,*,#2642,.T.);
#3590=ORIENTED_EDGE('',*,*,#2639,.F.);
#3591=ORIENTED_EDGE('',*,*,#2643,.T.);
#3592=ORIENTED_EDGE('',*,*,#2644,.T.);
#3593=ORIENTED_EDGE('',*,*,#2645,.T.);
#3594=ORIENTED_EDGE('',*,*,#2641,.F.);
#3595=ORIENTED_EDGE('',*,*,#2646,.T.);
#3596=ORIENTED_EDGE('',*,*,#2595,.T.);
#3597=ORIENTED_EDGE('',*,*,#2647,.T.);
#3598=ORIENTED_EDGE('',*,*,#2644,.F.);
#3599=ORIENTED_EDGE('',*,*,#2648,.T.);
#3600=ORIENTED_EDGE('',*,*,#2649,.T.);
#3601=ORIENTED_EDGE('',*,*,#2650,.T.);
#3602=ORIENTED_EDGE('',*,*,#2599,.F.);
#3603=ORIENTED_EDGE('',*,*,#2651,.T.);
#3604=ORIENTED_EDGE('',*,*,#2652,.T.);
#3605=ORIENTED_EDGE('',*,*,#2653,.T.);
#3606=ORIENTED_EDGE('',*,*,#2649,.F.);
#3607=ORIENTED_EDGE('',*,*,#2654,.T.);
#3608=ORIENTED_EDGE('',*,*,#2655,.T.);
#3609=ORIENTED_EDGE('',*,*,#2656,.T.);
#3610=ORIENTED_EDGE('',*,*,#2652,.F.);
#3611=ORIENTED_EDGE('',*,*,#2657,.T.);
#3612=ORIENTED_EDGE('',*,*,#2635,.F.);
#3613=ORIENTED_EDGE('',*,*,#2658,.T.);
#3614=ORIENTED_EDGE('',*,*,#2633,.F.);
#3615=ORIENTED_EDGE('',*,*,#2659,.T.);
#3616=ORIENTED_EDGE('',*,*,#2660,.T.);
#3617=ORIENTED_EDGE('',*,*,#2661,.T.);
#3618=ORIENTED_EDGE('',*,*,#2662,.T.);
#3619=ORIENTED_EDGE('',*,*,#2663,.T.);
#3620=ORIENTED_EDGE('',*,*,#2664,.T.);
#3621=ORIENTED_EDGE('',*,*,#2665,.T.);
#3622=ORIENTED_EDGE('',*,*,#2660,.F.);
#3623=ORIENTED_EDGE('',*,*,#2666,.T.);
#3624=ORIENTED_EDGE('',*,*,#2662,.F.);
#3625=ORIENTED_EDGE('',*,*,#2667,.T.);
#3626=ORIENTED_EDGE('',*,*,#2655,.F.);
#3627=ORIENTED_EDGE('',*,*,#2668,.T.);
#3628=ORIENTED_EDGE('',*,*,#2643,.F.);
#3629=ORIENTED_EDGE('',*,*,#2628,.T.);
#3630=ORIENTED_EDGE('',*,*,#2669,.F.);
#3631=ORIENTED_EDGE('',*,*,#2670,.F.);
#3632=ORIENTED_EDGE('',*,*,#2636,.F.);
#3633=ORIENTED_EDGE('',*,*,#2671,.T.);
#3634=ORIENTED_EDGE('',*,*,#2620,.T.);
#3635=ORIENTED_EDGE('',*,*,#2630,.T.);
#3636=ORIENTED_EDGE('',*,*,#2659,.F.);
#3637=ORIENTED_EDGE('',*,*,#2632,.F.);
#3638=ORIENTED_EDGE('',*,*,#2672,.F.);
#3639=ORIENTED_EDGE('',*,*,#2673,.F.);
#3640=ORIENTED_EDGE('',*,*,#2674,.F.);
#3641=ORIENTED_EDGE('',*,*,#2621,.T.);
#3642=ORIENTED_EDGE('',*,*,#2671,.F.);
#3643=ORIENTED_EDGE('',*,*,#2547,.F.);
#3644=ORIENTED_EDGE('',*,*,#2600,.F.);
#3645=ORIENTED_EDGE('',*,*,#2650,.F.);
#3646=ORIENTED_EDGE('',*,*,#2653,.F.);
#3647=ORIENTED_EDGE('',*,*,#2656,.F.);
#3648=ORIENTED_EDGE('',*,*,#2667,.F.);
#3649=ORIENTED_EDGE('',*,*,#2661,.F.);
#3650=ORIENTED_EDGE('',*,*,#2665,.F.);
#3651=ORIENTED_EDGE('',*,*,#2675,.F.);
#3652=ORIENTED_EDGE('',*,*,#2676,.F.);
#3653=ORIENTED_EDGE('',*,*,#2677,.F.);
#3654=ORIENTED_EDGE('',*,*,#2678,.F.);
#3655=ORIENTED_EDGE('',*,*,#2679,.F.);
#3656=ORIENTED_EDGE('',*,*,#2680,.F.);
#3657=ORIENTED_EDGE('',*,*,#2681,.F.);
#3658=ORIENTED_EDGE('',*,*,#2682,.F.);
#3659=ORIENTED_EDGE('',*,*,#2683,.T.);
#3660=ORIENTED_EDGE('',*,*,#2684,.F.);
#3661=ORIENTED_EDGE('',*,*,#2685,.T.);
#3662=ORIENTED_EDGE('',*,*,#2686,.F.);
#3663=ORIENTED_EDGE('',*,*,#2687,.F.);
#3664=ORIENTED_EDGE('',*,*,#2688,.F.);
#3665=ORIENTED_EDGE('',*,*,#2689,.F.);
#3666=ORIENTED_EDGE('',*,*,#2690,.F.);
#3667=ORIENTED_EDGE('',*,*,#2691,.F.);
#3668=ORIENTED_EDGE('',*,*,#2692,.F.);
#3669=ORIENTED_EDGE('',*,*,#2693,.T.);
#3670=ORIENTED_EDGE('',*,*,#2694,.F.);
#3671=ORIENTED_EDGE('',*,*,#2695,.T.);
#3672=ORIENTED_EDGE('',*,*,#2696,.F.);
#3673=ORIENTED_EDGE('',*,*,#2697,.F.);
#3674=ORIENTED_EDGE('',*,*,#2698,.F.);
#3675=ORIENTED_EDGE('',*,*,#2699,.F.);
#3676=ORIENTED_EDGE('',*,*,#2700,.F.);
#3677=ORIENTED_EDGE('',*,*,#2701,.F.);
#3678=ORIENTED_EDGE('',*,*,#2634,.F.);
#3679=ORIENTED_EDGE('',*,*,#2658,.F.);
#3680=ORIENTED_EDGE('',*,*,#2638,.F.);
#3681=ORIENTED_EDGE('',*,*,#2640,.F.);
#3682=ORIENTED_EDGE('',*,*,#2642,.F.);
#3683=ORIENTED_EDGE('',*,*,#2645,.F.);
#3684=ORIENTED_EDGE('',*,*,#2647,.F.);
#3685=ORIENTED_EDGE('',*,*,#2594,.F.);
#3686=ORIENTED_EDGE('',*,*,#2580,.F.);
#3687=ORIENTED_EDGE('',*,*,#2582,.F.);
#3688=ORIENTED_EDGE('',*,*,#2575,.F.);
#3689=ORIENTED_EDGE('',*,*,#2577,.F.);
#3690=ORIENTED_EDGE('',*,*,#2572,.F.);
#3691=ORIENTED_EDGE('',*,*,#2570,.F.);
#3692=ORIENTED_EDGE('',*,*,#2568,.F.);
#3693=ORIENTED_EDGE('',*,*,#2565,.F.);
#3694=ORIENTED_EDGE('',*,*,#2559,.F.);
#3695=ORIENTED_EDGE('',*,*,#2597,.F.);
#3696=ORIENTED_EDGE('',*,*,#2554,.F.);
#3697=ORIENTED_EDGE('',*,*,#2556,.F.);
#3698=ORIENTED_EDGE('',*,*,#2551,.F.);
#3699=ORIENTED_EDGE('',*,*,#2549,.F.);
#3700=ORIENTED_EDGE('',*,*,#2702,.T.);
#3701=ORIENTED_EDGE('',*,*,#2523,.T.);
#3702=ORIENTED_EDGE('',*,*,#2703,.T.);
#3703=ORIENTED_EDGE('',*,*,#2704,.T.);
#3704=ORIENTED_EDGE('',*,*,#2705,.T.);
#3705=ORIENTED_EDGE('',*,*,#2706,.T.);
#3706=ORIENTED_EDGE('',*,*,#2703,.F.);
#3707=ORIENTED_EDGE('',*,*,#2522,.T.);
#3708=ORIENTED_EDGE('',*,*,#2707,.T.);
#3709=ORIENTED_EDGE('',*,*,#2520,.T.);
#3710=ORIENTED_EDGE('',*,*,#2542,.T.);
#3711=ORIENTED_EDGE('',*,*,#2708,.T.);
#3712=ORIENTED_EDGE('',*,*,#2545,.F.);
#3713=ORIENTED_EDGE('',*,*,#2529,.T.);
#3714=ORIENTED_EDGE('',*,*,#2709,.T.);
#3715=ORIENTED_EDGE('',*,*,#2416,.T.);
#3716=ORIENTED_EDGE('',*,*,#2710,.T.);
#3717=ORIENTED_EDGE('',*,*,#2711,.T.);
#3718=ORIENTED_EDGE('',*,*,#2709,.F.);
#3719=ORIENTED_EDGE('',*,*,#2528,.T.);
#3720=ORIENTED_EDGE('',*,*,#2454,.F.);
#3721=ORIENTED_EDGE('',*,*,#2534,.T.);
#3722=ORIENTED_EDGE('',*,*,#2508,.F.);
#3723=ORIENTED_EDGE('',*,*,#2512,.T.);
#3724=ORIENTED_EDGE('',*,*,#2504,.F.);
#3725=ORIENTED_EDGE('',*,*,#2712,.T.);
#3726=ORIENTED_EDGE('',*,*,#2460,.F.);
#3727=ORIENTED_EDGE('',*,*,#2713,.T.);
#3728=ORIENTED_EDGE('',*,*,#2714,.T.);
#3729=ORIENTED_EDGE('',*,*,#2715,.T.);
#3730=ORIENTED_EDGE('',*,*,#2526,.T.);
#3731=ORIENTED_EDGE('',*,*,#2716,.T.);
#3732=ORIENTED_EDGE('',*,*,#2717,.T.);
#3733=ORIENTED_EDGE('',*,*,#2713,.F.);
#3734=ORIENTED_EDGE('',*,*,#2525,.T.);
#3735=ORIENTED_EDGE('',*,*,#2715,.F.);
#3736=ORIENTED_EDGE('',*,*,#2718,.T.);
#3737=ORIENTED_EDGE('',*,*,#2710,.F.);
#3738=ORIENTED_EDGE('',*,*,#2527,.T.);
#3739=ORIENTED_EDGE('',*,*,#2707,.F.);
#3740=ORIENTED_EDGE('',*,*,#2719,.T.);
#3741=ORIENTED_EDGE('',*,*,#2705,.F.);
#3742=ORIENTED_EDGE('',*,*,#2521,.T.);
#3743=ORIENTED_EDGE('',*,*,#2461,.F.);
#3744=ORIENTED_EDGE('',*,*,#2712,.F.);
#3745=ORIENTED_EDGE('',*,*,#2503,.F.);
#3746=ORIENTED_EDGE('',*,*,#2720,.T.);
#3747=ORIENTED_EDGE('',*,*,#2475,.F.);
#3748=ORIENTED_EDGE('',*,*,#2721,.F.);
#3749=ORIENTED_EDGE('',*,*,#2494,.F.);
#3750=ORIENTED_EDGE('',*,*,#2535,.F.);
#3751=ORIENTED_EDGE('',*,*,#2711,.F.);
#3752=ORIENTED_EDGE('',*,*,#2722,.T.);
#3753=ORIENTED_EDGE('',*,*,#2611,.F.);
#3754=ORIENTED_EDGE('',*,*,#2417,.T.);
#3755=ORIENTED_EDGE('',*,*,#2718,.F.);
#3756=ORIENTED_EDGE('',*,*,#2714,.F.);
#3757=ORIENTED_EDGE('',*,*,#2723,.F.);
#3758=ORIENTED_EDGE('',*,*,#2612,.T.);
#3759=ORIENTED_EDGE('',*,*,#2722,.F.);
#3760=ORIENTED_EDGE('',*,*,#2717,.F.);
#3761=ORIENTED_EDGE('',*,*,#2724,.T.);
#3762=ORIENTED_EDGE('',*,*,#2613,.F.);
#3763=ORIENTED_EDGE('',*,*,#2723,.T.);
#3764=ORIENTED_EDGE('',*,*,#2725,.T.);
#3765=ORIENTED_EDGE('',*,*,#2726,.T.);
#3766=ORIENTED_EDGE('',*,*,#2727,.T.);
#3767=ORIENTED_EDGE('',*,*,#2728,.T.);
#3768=ORIENTED_EDGE('',*,*,#2729,.T.);
#3769=ORIENTED_EDGE('',*,*,#2730,.T.);
#3770=ORIENTED_EDGE('',*,*,#2727,.F.);
#3771=ORIENTED_EDGE('',*,*,#2731,.T.);
#3772=ORIENTED_EDGE('',*,*,#2732,.T.);
#3773=ORIENTED_EDGE('',*,*,#2733,.T.);
#3774=ORIENTED_EDGE('',*,*,#2734,.T.);
#3775=ORIENTED_EDGE('',*,*,#2735,.T.);
#3776=ORIENTED_EDGE('',*,*,#2734,.F.);
#3777=ORIENTED_EDGE('',*,*,#2736,.T.);
#3778=ORIENTED_EDGE('',*,*,#2737,.T.);
#3779=ORIENTED_EDGE('',*,*,#2609,.T.);
#3780=ORIENTED_EDGE('',*,*,#2737,.F.);
#3781=ORIENTED_EDGE('',*,*,#2738,.T.);
#3782=ORIENTED_EDGE('',*,*,#2739,.T.);
#3783=ORIENTED_EDGE('',*,*,#2740,.T.);
#3784=ORIENTED_EDGE('',*,*,#2739,.F.);
#3785=ORIENTED_EDGE('',*,*,#2741,.T.);
#3786=ORIENTED_EDGE('',*,*,#2742,.T.);
#3787=ORIENTED_EDGE('',*,*,#2743,.T.);
#3788=ORIENTED_EDGE('',*,*,#2744,.T.);
#3789=ORIENTED_EDGE('',*,*,#2745,.T.);
#3790=ORIENTED_EDGE('',*,*,#2742,.F.);
#3791=ORIENTED_EDGE('',*,*,#2746,.T.);
#3792=ORIENTED_EDGE('',*,*,#2747,.T.);
#3793=ORIENTED_EDGE('',*,*,#2748,.T.);
#3794=ORIENTED_EDGE('',*,*,#2749,.T.);
#3795=ORIENTED_EDGE('',*,*,#2750,.T.);
#3796=ORIENTED_EDGE('',*,*,#2749,.F.);
#3797=ORIENTED_EDGE('',*,*,#2751,.T.);
#3798=ORIENTED_EDGE('',*,*,#2732,.F.);
#3799=ORIENTED_EDGE('',*,*,#2752,.T.);
#3800=ORIENTED_EDGE('',*,*,#2744,.F.);
#3801=ORIENTED_EDGE('',*,*,#2753,.T.);
#3802=ORIENTED_EDGE('',*,*,#2725,.F.);
#3803=ORIENTED_EDGE('',*,*,#2754,.T.);
#3804=ORIENTED_EDGE('',*,*,#2731,.F.);
#3805=ORIENTED_EDGE('',*,*,#2726,.F.);
#3806=ORIENTED_EDGE('',*,*,#2753,.F.);
#3807=ORIENTED_EDGE('',*,*,#2746,.F.);
#3808=ORIENTED_EDGE('',*,*,#2741,.F.);
#3809=ORIENTED_EDGE('',*,*,#2738,.F.);
#3810=ORIENTED_EDGE('',*,*,#2736,.F.);
#3811=ORIENTED_EDGE('',*,*,#2733,.F.);
#3812=ORIENTED_EDGE('',*,*,#2751,.F.);
#3813=ORIENTED_EDGE('',*,*,#2748,.F.);
#3814=ORIENTED_EDGE('',*,*,#2755,.F.);
#3815=ORIENTED_EDGE('',*,*,#2756,.F.);
#3816=ORIENTED_EDGE('',*,*,#2757,.F.);
#3817=ORIENTED_EDGE('',*,*,#2758,.F.);
#3818=ORIENTED_EDGE('',*,*,#2759,.F.);
#3819=ORIENTED_EDGE('',*,*,#2760,.F.);
#3820=ORIENTED_EDGE('',*,*,#2761,.T.);
#3821=ORIENTED_EDGE('',*,*,#2762,.F.);
#3822=ORIENTED_EDGE('',*,*,#2763,.F.);
#3823=ORIENTED_EDGE('',*,*,#2764,.F.);
#3824=ORIENTED_EDGE('',*,*,#2765,.F.);
#3825=ORIENTED_EDGE('',*,*,#2766,.T.);
#3826=ORIENTED_EDGE('',*,*,#2767,.T.);
#3827=ORIENTED_EDGE('',*,*,#2768,.T.);
#3828=ORIENTED_EDGE('',*,*,#2769,.F.);
#3829=ORIENTED_EDGE('',*,*,#2770,.T.);
#3830=ORIENTED_EDGE('',*,*,#2771,.T.);
#3831=ORIENTED_EDGE('',*,*,#2772,.T.);
#3832=ORIENTED_EDGE('',*,*,#2769,.T.);
#3833=ORIENTED_EDGE('',*,*,#2773,.T.);
#3834=ORIENTED_EDGE('',*,*,#2774,.T.);
#3835=ORIENTED_EDGE('',*,*,#2775,.T.);
#3836=ORIENTED_EDGE('',*,*,#2767,.F.);
#3837=ORIENTED_EDGE('',*,*,#2776,.T.);
#3838=ORIENTED_EDGE('',*,*,#2777,.T.);
#3839=ORIENTED_EDGE('',*,*,#2778,.T.);
#3840=ORIENTED_EDGE('',*,*,#2774,.F.);
#3841=ORIENTED_EDGE('',*,*,#2779,.T.);
#3842=ORIENTED_EDGE('',*,*,#2780,.T.);
#3843=ORIENTED_EDGE('',*,*,#2777,.F.);
#3844=ORIENTED_EDGE('',*,*,#2781,.T.);
#3845=ORIENTED_EDGE('',*,*,#2779,.F.);
#3846=ORIENTED_EDGE('',*,*,#2782,.T.);
#3847=ORIENTED_EDGE('',*,*,#2783,.T.);
#3848=ORIENTED_EDGE('',*,*,#2784,.T.);
#3849=ORIENTED_EDGE('',*,*,#2783,.F.);
#3850=ORIENTED_EDGE('',*,*,#2785,.T.);
#3851=ORIENTED_EDGE('',*,*,#2786,.T.);
#3852=ORIENTED_EDGE('',*,*,#2787,.T.);
#3853=ORIENTED_EDGE('',*,*,#2788,.T.);
#3854=ORIENTED_EDGE('',*,*,#2789,.T.);
#3855=ORIENTED_EDGE('',*,*,#2786,.F.);
#3856=ORIENTED_EDGE('',*,*,#2790,.T.);
#3857=ORIENTED_EDGE('',*,*,#2788,.F.);
#3858=ORIENTED_EDGE('',*,*,#2791,.T.);
#3859=ORIENTED_EDGE('',*,*,#2792,.T.);
#3860=ORIENTED_EDGE('',*,*,#2793,.T.);
#3861=ORIENTED_EDGE('',*,*,#2794,.T.);
#3862=ORIENTED_EDGE('',*,*,#2795,.T.);
#3863=ORIENTED_EDGE('',*,*,#2792,.F.);
#3864=ORIENTED_EDGE('',*,*,#2796,.T.);
#3865=ORIENTED_EDGE('',*,*,#2794,.F.);
#3866=ORIENTED_EDGE('',*,*,#2797,.T.);
#3867=ORIENTED_EDGE('',*,*,#2798,.T.);
#3868=ORIENTED_EDGE('',*,*,#2799,.T.);
#3869=ORIENTED_EDGE('',*,*,#2800,.T.);
#3870=ORIENTED_EDGE('',*,*,#2801,.T.);
#3871=ORIENTED_EDGE('',*,*,#2798,.F.);
#3872=ORIENTED_EDGE('',*,*,#2802,.T.);
#3873=ORIENTED_EDGE('',*,*,#2800,.F.);
#3874=ORIENTED_EDGE('',*,*,#2803,.T.);
#3875=ORIENTED_EDGE('',*,*,#2804,.T.);
#3876=ORIENTED_EDGE('',*,*,#2805,.T.);
#3877=ORIENTED_EDGE('',*,*,#2806,.T.);
#3878=ORIENTED_EDGE('',*,*,#2807,.T.);
#3879=ORIENTED_EDGE('',*,*,#2804,.F.);
#3880=ORIENTED_EDGE('',*,*,#2808,.T.);
#3881=ORIENTED_EDGE('',*,*,#2806,.F.);
#3882=ORIENTED_EDGE('',*,*,#2809,.T.);
#3883=ORIENTED_EDGE('',*,*,#2810,.T.);
#3884=ORIENTED_EDGE('',*,*,#2811,.T.);
#3885=ORIENTED_EDGE('',*,*,#2810,.F.);
#3886=ORIENTED_EDGE('',*,*,#2812,.T.);
#3887=ORIENTED_EDGE('',*,*,#2813,.T.);
#3888=ORIENTED_EDGE('',*,*,#2814,.T.);
#3889=ORIENTED_EDGE('',*,*,#2813,.F.);
#3890=ORIENTED_EDGE('',*,*,#2815,.T.);
#3891=ORIENTED_EDGE('',*,*,#2816,.T.);
#3892=ORIENTED_EDGE('',*,*,#2817,.T.);
#3893=ORIENTED_EDGE('',*,*,#2818,.T.);
#3894=ORIENTED_EDGE('',*,*,#2819,.T.);
#3895=ORIENTED_EDGE('',*,*,#2816,.F.);
#3896=ORIENTED_EDGE('',*,*,#2820,.T.);
#3897=ORIENTED_EDGE('',*,*,#2818,.F.);
#3898=ORIENTED_EDGE('',*,*,#2821,.T.);
#3899=ORIENTED_EDGE('',*,*,#2822,.T.);
#3900=ORIENTED_EDGE('',*,*,#2823,.T.);
#3901=ORIENTED_EDGE('',*,*,#2824,.T.);
#3902=ORIENTED_EDGE('',*,*,#2825,.T.);
#3903=ORIENTED_EDGE('',*,*,#2822,.F.);
#3904=ORIENTED_EDGE('',*,*,#2826,.T.);
#3905=ORIENTED_EDGE('',*,*,#2824,.F.);
#3906=ORIENTED_EDGE('',*,*,#2827,.T.);
#3907=ORIENTED_EDGE('',*,*,#2828,.T.);
#3908=ORIENTED_EDGE('',*,*,#2829,.T.);
#3909=ORIENTED_EDGE('',*,*,#2830,.T.);
#3910=ORIENTED_EDGE('',*,*,#2831,.T.);
#3911=ORIENTED_EDGE('',*,*,#2828,.F.);
#3912=ORIENTED_EDGE('',*,*,#2832,.T.);
#3913=ORIENTED_EDGE('',*,*,#2830,.F.);
#3914=ORIENTED_EDGE('',*,*,#2833,.T.);
#3915=ORIENTED_EDGE('',*,*,#2834,.T.);
#3916=ORIENTED_EDGE('',*,*,#2835,.T.);
#3917=ORIENTED_EDGE('',*,*,#2836,.T.);
#3918=ORIENTED_EDGE('',*,*,#2837,.T.);
#3919=ORIENTED_EDGE('',*,*,#2834,.F.);
#3920=ORIENTED_EDGE('',*,*,#2838,.T.);
#3921=ORIENTED_EDGE('',*,*,#2836,.F.);
#3922=ORIENTED_EDGE('',*,*,#2839,.T.);
#3923=ORIENTED_EDGE('',*,*,#2840,.T.);
#3924=ORIENTED_EDGE('',*,*,#2841,.T.);
#3925=ORIENTED_EDGE('',*,*,#2840,.F.);
#3926=ORIENTED_EDGE('',*,*,#2842,.T.);
#3927=ORIENTED_EDGE('',*,*,#2843,.T.);
#3928=ORIENTED_EDGE('',*,*,#2844,.T.);
#3929=ORIENTED_EDGE('',*,*,#2843,.F.);
#3930=ORIENTED_EDGE('',*,*,#2845,.T.);
#3931=ORIENTED_EDGE('',*,*,#2846,.T.);
#3932=ORIENTED_EDGE('',*,*,#2847,.T.);
#3933=ORIENTED_EDGE('',*,*,#2848,.T.);
#3934=ORIENTED_EDGE('',*,*,#2849,.T.);
#3935=ORIENTED_EDGE('',*,*,#2846,.F.);
#3936=ORIENTED_EDGE('',*,*,#2850,.T.);
#3937=ORIENTED_EDGE('',*,*,#2848,.F.);
#3938=ORIENTED_EDGE('',*,*,#2851,.T.);
#3939=ORIENTED_EDGE('',*,*,#2852,.T.);
#3940=ORIENTED_EDGE('',*,*,#2673,.T.);
#3941=ORIENTED_EDGE('',*,*,#2853,.T.);
#3942=ORIENTED_EDGE('',*,*,#2854,.T.);
#3943=ORIENTED_EDGE('',*,*,#2852,.F.);
#3944=ORIENTED_EDGE('',*,*,#2855,.T.);
#3945=ORIENTED_EDGE('',*,*,#2853,.F.);
#3946=ORIENTED_EDGE('',*,*,#2856,.T.);
#3947=ORIENTED_EDGE('',*,*,#2857,.T.);
#3948=ORIENTED_EDGE('',*,*,#2858,.T.);
#3949=ORIENTED_EDGE('',*,*,#2859,.T.);
#3950=ORIENTED_EDGE('',*,*,#2860,.T.);
#3951=ORIENTED_EDGE('',*,*,#2857,.F.);
#3952=ORIENTED_EDGE('',*,*,#2861,.T.);
#3953=ORIENTED_EDGE('',*,*,#2859,.F.);
#3954=ORIENTED_EDGE('',*,*,#2862,.T.);
#3955=ORIENTED_EDGE('',*,*,#2863,.T.);
#3956=ORIENTED_EDGE('',*,*,#2864,.T.);
#3957=ORIENTED_EDGE('',*,*,#2865,.T.);
#3958=ORIENTED_EDGE('',*,*,#2866,.T.);
#3959=ORIENTED_EDGE('',*,*,#2863,.F.);
#3960=ORIENTED_EDGE('',*,*,#2867,.T.);
#3961=ORIENTED_EDGE('',*,*,#2865,.F.);
#3962=ORIENTED_EDGE('',*,*,#2868,.T.);
#3963=ORIENTED_EDGE('',*,*,#2869,.T.);
#3964=ORIENTED_EDGE('',*,*,#2870,.T.);
#3965=ORIENTED_EDGE('',*,*,#2869,.F.);
#3966=ORIENTED_EDGE('',*,*,#2871,.T.);
#3967=ORIENTED_EDGE('',*,*,#2872,.T.);
#3968=ORIENTED_EDGE('',*,*,#2873,.T.);
#3969=ORIENTED_EDGE('',*,*,#2872,.F.);
#3970=ORIENTED_EDGE('',*,*,#2874,.T.);
#3971=ORIENTED_EDGE('',*,*,#2875,.T.);
#3972=ORIENTED_EDGE('',*,*,#2876,.T.);
#3973=ORIENTED_EDGE('',*,*,#2877,.T.);
#3974=ORIENTED_EDGE('',*,*,#2878,.T.);
#3975=ORIENTED_EDGE('',*,*,#2875,.F.);
#3976=ORIENTED_EDGE('',*,*,#2879,.T.);
#3977=ORIENTED_EDGE('',*,*,#2877,.F.);
#3978=ORIENTED_EDGE('',*,*,#2880,.T.);
#3979=ORIENTED_EDGE('',*,*,#2881,.T.);
#3980=ORIENTED_EDGE('',*,*,#2882,.T.);
#3981=ORIENTED_EDGE('',*,*,#2883,.T.);
#3982=ORIENTED_EDGE('',*,*,#2884,.T.);
#3983=ORIENTED_EDGE('',*,*,#2881,.F.);
#3984=ORIENTED_EDGE('',*,*,#2885,.T.);
#3985=ORIENTED_EDGE('',*,*,#2883,.F.);
#3986=ORIENTED_EDGE('',*,*,#2886,.T.);
#3987=ORIENTED_EDGE('',*,*,#2887,.T.);
#3988=ORIENTED_EDGE('',*,*,#2888,.T.);
#3989=ORIENTED_EDGE('',*,*,#2889,.T.);
#3990=ORIENTED_EDGE('',*,*,#2887,.F.);
#3991=ORIENTED_EDGE('',*,*,#2890,.T.);
#3992=ORIENTED_EDGE('',*,*,#2771,.F.);
#3993=ORIENTED_EDGE('',*,*,#2837,.F.);
#3994=ORIENTED_EDGE('',*,*,#2891,.T.);
#3995=ORIENTED_EDGE('',*,*,#2697,.T.);
#3996=ORIENTED_EDGE('',*,*,#2892,.T.);
#3997=ORIENTED_EDGE('',*,*,#2841,.F.);
#3998=ORIENTED_EDGE('',*,*,#2893,.T.);
#3999=ORIENTED_EDGE('',*,*,#2698,.T.);
#4000=ORIENTED_EDGE('',*,*,#2891,.F.);
#4001=ORIENTED_EDGE('',*,*,#2844,.F.);
#4002=ORIENTED_EDGE('',*,*,#2894,.T.);
#4003=ORIENTED_EDGE('',*,*,#2699,.T.);
#4004=ORIENTED_EDGE('',*,*,#2893,.F.);
#4005=ORIENTED_EDGE('',*,*,#2847,.F.);
#4006=ORIENTED_EDGE('',*,*,#2895,.F.);
#4007=ORIENTED_EDGE('',*,*,#2700,.T.);
#4008=ORIENTED_EDGE('',*,*,#2894,.F.);
#4009=ORIENTED_EDGE('',*,*,#2849,.F.);
#4010=ORIENTED_EDGE('',*,*,#2672,.T.);
#4011=ORIENTED_EDGE('',*,*,#2631,.F.);
#4012=ORIENTED_EDGE('',*,*,#2701,.T.);
#4013=ORIENTED_EDGE('',*,*,#2895,.T.);
#4014=ORIENTED_EDGE('',*,*,#2854,.F.);
#4015=ORIENTED_EDGE('',*,*,#2896,.T.);
#4016=ORIENTED_EDGE('',*,*,#2622,.F.);
#4017=ORIENTED_EDGE('',*,*,#2674,.T.);
#4018=ORIENTED_EDGE('',*,*,#2858,.F.);
#4019=ORIENTED_EDGE('',*,*,#2897,.F.);
#4020=ORIENTED_EDGE('',*,*,#2614,.T.);
#4021=ORIENTED_EDGE('',*,*,#2724,.F.);
#4022=ORIENTED_EDGE('',*,*,#2716,.F.);
#4023=ORIENTED_EDGE('',*,*,#2524,.T.);
#4024=ORIENTED_EDGE('',*,*,#2702,.F.);
#4025=ORIENTED_EDGE('',*,*,#2898,.F.);
#4026=ORIENTED_EDGE('',*,*,#2623,.T.);
#4027=ORIENTED_EDGE('',*,*,#2896,.F.);
#4028=ORIENTED_EDGE('',*,*,#2860,.F.);
#4029=ORIENTED_EDGE('',*,*,#2899,.T.);
#4030=ORIENTED_EDGE('',*,*,#2615,.F.);
#4031=ORIENTED_EDGE('',*,*,#2897,.T.);
#4032=ORIENTED_EDGE('',*,*,#2752,.F.);
#4033=ORIENTED_EDGE('',*,*,#2900,.F.);
#4034=ORIENTED_EDGE('',*,*,#2616,.T.);
#4035=ORIENTED_EDGE('',*,*,#2899,.F.);
#4036=ORIENTED_EDGE('',*,*,#2864,.F.);
#4037=ORIENTED_EDGE('',*,*,#2901,.F.);
#4038=ORIENTED_EDGE('',*,*,#2750,.F.);
#4039=ORIENTED_EDGE('',*,*,#2866,.F.);
#4040=ORIENTED_EDGE('',*,*,#2902,.T.);
#4041=ORIENTED_EDGE('',*,*,#2755,.T.);
#4042=ORIENTED_EDGE('',*,*,#2747,.F.);
#4043=ORIENTED_EDGE('',*,*,#2901,.T.);
#4044=ORIENTED_EDGE('',*,*,#2870,.F.);
#4045=ORIENTED_EDGE('',*,*,#2903,.T.);
#4046=ORIENTED_EDGE('',*,*,#2756,.T.);
#4047=ORIENTED_EDGE('',*,*,#2902,.F.);
#4048=ORIENTED_EDGE('',*,*,#2873,.F.);
#4049=ORIENTED_EDGE('',*,*,#2904,.T.);
#4050=ORIENTED_EDGE('',*,*,#2757,.T.);
#4051=ORIENTED_EDGE('',*,*,#2903,.F.);
#4052=ORIENTED_EDGE('',*,*,#2876,.F.);
#4053=ORIENTED_EDGE('',*,*,#2905,.F.);
#4054=ORIENTED_EDGE('',*,*,#2758,.T.);
#4055=ORIENTED_EDGE('',*,*,#2904,.F.);
#4056=ORIENTED_EDGE('',*,*,#2878,.F.);
#4057=ORIENTED_EDGE('',*,*,#2906,.T.);
#4058=ORIENTED_EDGE('',*,*,#2759,.T.);
#4059=ORIENTED_EDGE('',*,*,#2905,.T.);
#4060=ORIENTED_EDGE('',*,*,#2882,.F.);
#4061=ORIENTED_EDGE('',*,*,#2907,.F.);
#4062=ORIENTED_EDGE('',*,*,#2760,.T.);
#4063=ORIENTED_EDGE('',*,*,#2906,.F.);
#4064=ORIENTED_EDGE('',*,*,#2884,.F.);
#4065=ORIENTED_EDGE('',*,*,#2908,.T.);
#4066=ORIENTED_EDGE('',*,*,#2761,.F.);
#4067=ORIENTED_EDGE('',*,*,#2907,.T.);
#4068=ORIENTED_EDGE('',*,*,#2888,.F.);
#4069=ORIENTED_EDGE('',*,*,#2909,.F.);
#4070=ORIENTED_EDGE('',*,*,#2762,.T.);
#4071=ORIENTED_EDGE('',*,*,#2908,.F.);
#4072=ORIENTED_EDGE('',*,*,#2889,.F.);
#4073=ORIENTED_EDGE('',*,*,#2910,.T.);
#4074=ORIENTED_EDGE('',*,*,#2763,.T.);
#4075=ORIENTED_EDGE('',*,*,#2909,.T.);
#4076=ORIENTED_EDGE('',*,*,#2770,.F.);
#4077=ORIENTED_EDGE('',*,*,#2911,.T.);
#4078=ORIENTED_EDGE('',*,*,#2764,.T.);
#4079=ORIENTED_EDGE('',*,*,#2910,.F.);
#4080=ORIENTED_EDGE('',*,*,#2768,.F.);
#4081=ORIENTED_EDGE('',*,*,#2912,.T.);
#4082=ORIENTED_EDGE('',*,*,#2675,.T.);
#4083=ORIENTED_EDGE('',*,*,#2664,.F.);
#4084=ORIENTED_EDGE('',*,*,#2913,.F.);
#4085=ORIENTED_EDGE('',*,*,#2914,.T.);
#4086=ORIENTED_EDGE('',*,*,#2915,.F.);
#4087=ORIENTED_EDGE('',*,*,#2729,.F.);
#4088=ORIENTED_EDGE('',*,*,#2765,.T.);
#4089=ORIENTED_EDGE('',*,*,#2911,.F.);
#4090=ORIENTED_EDGE('',*,*,#2916,.F.);
#4091=ORIENTED_EDGE('',*,*,#2917,.T.);
#4092=ORIENTED_EDGE('',*,*,#2918,.F.);
#4093=ORIENTED_EDGE('',*,*,#2919,.T.);
#4094=ORIENTED_EDGE('',*,*,#2920,.F.);
#4095=ORIENTED_EDGE('',*,*,#2921,.T.);
#4096=ORIENTED_EDGE('',*,*,#2922,.F.);
#4097=ORIENTED_EDGE('',*,*,#2923,.T.);
#4098=ORIENTED_EDGE('',*,*,#2766,.F.);
#4099=ORIENTED_EDGE('',*,*,#2772,.F.);
#4100=ORIENTED_EDGE('',*,*,#2890,.F.);
#4101=ORIENTED_EDGE('',*,*,#2886,.F.);
#4102=ORIENTED_EDGE('',*,*,#2885,.F.);
#4103=ORIENTED_EDGE('',*,*,#2880,.F.);
#4104=ORIENTED_EDGE('',*,*,#2879,.F.);
#4105=ORIENTED_EDGE('',*,*,#2874,.F.);
#4106=ORIENTED_EDGE('',*,*,#2871,.F.);
#4107=ORIENTED_EDGE('',*,*,#2868,.F.);
#4108=ORIENTED_EDGE('',*,*,#2867,.F.);
#4109=ORIENTED_EDGE('',*,*,#2862,.F.);
#4110=ORIENTED_EDGE('',*,*,#2861,.F.);
#4111=ORIENTED_EDGE('',*,*,#2856,.F.);
#4112=ORIENTED_EDGE('',*,*,#2855,.F.);
#4113=ORIENTED_EDGE('',*,*,#2851,.F.);
#4114=ORIENTED_EDGE('',*,*,#2850,.F.);
#4115=ORIENTED_EDGE('',*,*,#2845,.F.);
#4116=ORIENTED_EDGE('',*,*,#2842,.F.);
#4117=ORIENTED_EDGE('',*,*,#2839,.F.);
#4118=ORIENTED_EDGE('',*,*,#2838,.F.);
#4119=ORIENTED_EDGE('',*,*,#2833,.F.);
#4120=ORIENTED_EDGE('',*,*,#2832,.F.);
#4121=ORIENTED_EDGE('',*,*,#2827,.F.);
#4122=ORIENTED_EDGE('',*,*,#2826,.F.);
#4123=ORIENTED_EDGE('',*,*,#2821,.F.);
#4124=ORIENTED_EDGE('',*,*,#2820,.F.);
#4125=ORIENTED_EDGE('',*,*,#2815,.F.);
#4126=ORIENTED_EDGE('',*,*,#2812,.F.);
#4127=ORIENTED_EDGE('',*,*,#2809,.F.);
#4128=ORIENTED_EDGE('',*,*,#2808,.F.);
#4129=ORIENTED_EDGE('',*,*,#2803,.F.);
#4130=ORIENTED_EDGE('',*,*,#2802,.F.);
#4131=ORIENTED_EDGE('',*,*,#2797,.F.);
#4132=ORIENTED_EDGE('',*,*,#2796,.F.);
#4133=ORIENTED_EDGE('',*,*,#2791,.F.);
#4134=ORIENTED_EDGE('',*,*,#2790,.F.);
#4135=ORIENTED_EDGE('',*,*,#2785,.F.);
#4136=ORIENTED_EDGE('',*,*,#2782,.F.);
#4137=ORIENTED_EDGE('',*,*,#2781,.F.);
#4138=ORIENTED_EDGE('',*,*,#2776,.F.);
#4139=ORIENTED_EDGE('',*,*,#2773,.F.);
#4140=ORIENTED_EDGE('',*,*,#2704,.F.);
#4141=ORIENTED_EDGE('',*,*,#2924,.T.);
#4142=ORIENTED_EDGE('',*,*,#2624,.F.);
#4143=ORIENTED_EDGE('',*,*,#2898,.T.);
#4144=ORIENTED_EDGE('',*,*,#2719,.F.);
#4145=ORIENTED_EDGE('',*,*,#2925,.F.);
#4146=ORIENTED_EDGE('',*,*,#2625,.T.);
#4147=ORIENTED_EDGE('',*,*,#2924,.F.);
#4148=ORIENTED_EDGE('',*,*,#2706,.F.);
#4149=ORIENTED_EDGE('',*,*,#2730,.F.);
#4150=ORIENTED_EDGE('',*,*,#2915,.T.);
#4151=ORIENTED_EDGE('',*,*,#2926,.F.);
#4152=ORIENTED_EDGE('',*,*,#2927,.T.);
#4153=ORIENTED_EDGE('',*,*,#2728,.F.);
#4154=ORIENTED_EDGE('',*,*,#2927,.F.);
#4155=ORIENTED_EDGE('',*,*,#2928,.T.);
#4156=ORIENTED_EDGE('',*,*,#2929,.F.);
#4157=ORIENTED_EDGE('',*,*,#2754,.F.);
#4158=ORIENTED_EDGE('',*,*,#2666,.F.);
#4159=ORIENTED_EDGE('',*,*,#2930,.T.);
#4160=ORIENTED_EDGE('',*,*,#2931,.F.);
#4161=ORIENTED_EDGE('',*,*,#2913,.T.);
#4162=ORIENTED_EDGE('',*,*,#2926,.T.);
#4163=ORIENTED_EDGE('',*,*,#2914,.F.);
#4164=ORIENTED_EDGE('',*,*,#2931,.T.);
#4165=ORIENTED_EDGE('',*,*,#2932,.F.);
#4166=ORIENTED_EDGE('',*,*,#2933,.F.);
#4167=ORIENTED_EDGE('',*,*,#2934,.F.);
#4168=ORIENTED_EDGE('',*,*,#2935,.F.);
#4169=ORIENTED_EDGE('',*,*,#2928,.F.);
#4170=ORIENTED_EDGE('',*,*,#2668,.F.);
#4171=ORIENTED_EDGE('',*,*,#2936,.F.);
#4172=ORIENTED_EDGE('',*,*,#2932,.T.);
#4173=ORIENTED_EDGE('',*,*,#2930,.F.);
#4174=ORIENTED_EDGE('',*,*,#2663,.F.);
#4175=ORIENTED_EDGE('',*,*,#2831,.F.);
#4176=ORIENTED_EDGE('',*,*,#2937,.T.);
#4177=ORIENTED_EDGE('',*,*,#2695,.F.);
#4178=ORIENTED_EDGE('',*,*,#2938,.T.);
#4179=ORIENTED_EDGE('',*,*,#2835,.F.);
#4180=ORIENTED_EDGE('',*,*,#2892,.F.);
#4181=ORIENTED_EDGE('',*,*,#2696,.T.);
#4182=ORIENTED_EDGE('',*,*,#2937,.F.);
#4183=ORIENTED_EDGE('',*,*,#2825,.F.);
#4184=ORIENTED_EDGE('',*,*,#2939,.T.);
#4185=ORIENTED_EDGE('',*,*,#2693,.F.);
#4186=ORIENTED_EDGE('',*,*,#2940,.T.);
#4187=ORIENTED_EDGE('',*,*,#2829,.F.);
#4188=ORIENTED_EDGE('',*,*,#2938,.F.);
#4189=ORIENTED_EDGE('',*,*,#2694,.T.);
#4190=ORIENTED_EDGE('',*,*,#2939,.F.);
#4191=ORIENTED_EDGE('',*,*,#2801,.F.);
#4192=ORIENTED_EDGE('',*,*,#2941,.T.);
#4193=ORIENTED_EDGE('',*,*,#2685,.F.);
#4194=ORIENTED_EDGE('',*,*,#2942,.T.);
#4195=ORIENTED_EDGE('',*,*,#2799,.F.);
#4196=ORIENTED_EDGE('',*,*,#2942,.F.);
#4197=ORIENTED_EDGE('',*,*,#2684,.T.);
#4198=ORIENTED_EDGE('',*,*,#2943,.F.);
#4199=ORIENTED_EDGE('',*,*,#2795,.F.);
#4200=ORIENTED_EDGE('',*,*,#2943,.T.);
#4201=ORIENTED_EDGE('',*,*,#2683,.F.);
#4202=ORIENTED_EDGE('',*,*,#2944,.T.);
#4203=ORIENTED_EDGE('',*,*,#2793,.F.);
#4204=ORIENTED_EDGE('',*,*,#2944,.F.);
#4205=ORIENTED_EDGE('',*,*,#2682,.T.);
#4206=ORIENTED_EDGE('',*,*,#2945,.F.);
#4207=ORIENTED_EDGE('',*,*,#2819,.F.);
#4208=ORIENTED_EDGE('',*,*,#2946,.T.);
#4209=ORIENTED_EDGE('',*,*,#2691,.T.);
#4210=ORIENTED_EDGE('',*,*,#2947,.T.);
#4211=ORIENTED_EDGE('',*,*,#2823,.F.);
#4212=ORIENTED_EDGE('',*,*,#2940,.F.);
#4213=ORIENTED_EDGE('',*,*,#2692,.T.);
#4214=ORIENTED_EDGE('',*,*,#2946,.F.);
#4215=ORIENTED_EDGE('',*,*,#2745,.F.);
#4216=ORIENTED_EDGE('',*,*,#2929,.T.);
#4217=ORIENTED_EDGE('',*,*,#2935,.T.);
#4218=ORIENTED_EDGE('',*,*,#2948,.T.);
#4219=ORIENTED_EDGE('',*,*,#2654,.F.);
#4220=ORIENTED_EDGE('',*,*,#2949,.T.);
#4221=ORIENTED_EDGE('',*,*,#2950,.F.);
#4222=ORIENTED_EDGE('',*,*,#2951,.F.);
#4223=ORIENTED_EDGE('',*,*,#2743,.F.);
#4224=ORIENTED_EDGE('',*,*,#2948,.F.);
#4225=ORIENTED_EDGE('',*,*,#2934,.T.);
#4226=ORIENTED_EDGE('',*,*,#2952,.F.);
#4227=ORIENTED_EDGE('',*,*,#2657,.F.);
#4228=ORIENTED_EDGE('',*,*,#2952,.T.);
#4229=ORIENTED_EDGE('',*,*,#2933,.T.);
#4230=ORIENTED_EDGE('',*,*,#2936,.T.);
#4231=ORIENTED_EDGE('',*,*,#2780,.F.);
#4232=ORIENTED_EDGE('',*,*,#2953,.T.);
#4233=ORIENTED_EDGE('',*,*,#2678,.T.);
#4234=ORIENTED_EDGE('',*,*,#2954,.T.);
#4235=ORIENTED_EDGE('',*,*,#2784,.F.);
#4236=ORIENTED_EDGE('',*,*,#2955,.T.);
#4237=ORIENTED_EDGE('',*,*,#2679,.T.);
#4238=ORIENTED_EDGE('',*,*,#2953,.F.);
#4239=ORIENTED_EDGE('',*,*,#2789,.F.);
#4240=ORIENTED_EDGE('',*,*,#2945,.T.);
#4241=ORIENTED_EDGE('',*,*,#2681,.T.);
#4242=ORIENTED_EDGE('',*,*,#2956,.T.);
#4243=ORIENTED_EDGE('',*,*,#2807,.F.);
#4244=ORIENTED_EDGE('',*,*,#2957,.T.);
#4245=ORIENTED_EDGE('',*,*,#2687,.T.);
#4246=ORIENTED_EDGE('',*,*,#2958,.T.);
#4247=ORIENTED_EDGE('',*,*,#2811,.F.);
#4248=ORIENTED_EDGE('',*,*,#2959,.T.);
#4249=ORIENTED_EDGE('',*,*,#2688,.T.);
#4250=ORIENTED_EDGE('',*,*,#2957,.F.);
#4251=ORIENTED_EDGE('',*,*,#2735,.F.);
#4252=ORIENTED_EDGE('',*,*,#2608,.T.);
#4253=ORIENTED_EDGE('',*,*,#2617,.T.);
#4254=ORIENTED_EDGE('',*,*,#2900,.T.);
#4255=ORIENTED_EDGE('',*,*,#2708,.F.);
#4256=ORIENTED_EDGE('',*,*,#2446,.T.);
#4257=ORIENTED_EDGE('',*,*,#2626,.T.);
#4258=ORIENTED_EDGE('',*,*,#2925,.T.);
#4259=ORIENTED_EDGE('',*,*,#2466,.F.);
#4260=ORIENTED_EDGE('',*,*,#2720,.F.);
#4261=ORIENTED_EDGE('',*,*,#2502,.F.);
#4262=ORIENTED_EDGE('',*,*,#2721,.T.);
#4263=ORIENTED_EDGE('',*,*,#2472,.F.);
#4264=ORIENTED_EDGE('',*,*,#2469,.F.);
#4265=ORIENTED_EDGE('',*,*,#2618,.F.);
#4266=ORIENTED_EDGE('',*,*,#2373,.T.);
#4267=ORIENTED_EDGE('',*,*,#2960,.T.);
#4268=ORIENTED_EDGE('',*,*,#2627,.T.);
#4269=ORIENTED_EDGE('',*,*,#2961,.T.);
#4270=ORIENTED_EDGE('',*,*,#2669,.T.);
#4271=ORIENTED_EDGE('',*,*,#2960,.F.);
#4272=ORIENTED_EDGE('',*,*,#2372,.T.);
#4273=ORIENTED_EDGE('',*,*,#2962,.T.);
#4274=ORIENTED_EDGE('',*,*,#2963,.T.);
#4275=ORIENTED_EDGE('',*,*,#2961,.F.);
#4276=ORIENTED_EDGE('',*,*,#2371,.T.);
#4277=ORIENTED_EDGE('',*,*,#2591,.T.);
#4278=ORIENTED_EDGE('',*,*,#2964,.T.);
#4279=ORIENTED_EDGE('',*,*,#2962,.F.);
#4280=ORIENTED_EDGE('',*,*,#2370,.T.);
#4281=ORIENTED_EDGE('',*,*,#2965,.T.);
#4282=ORIENTED_EDGE('',*,*,#2384,.T.);
#4283=ORIENTED_EDGE('',*,*,#2966,.T.);
#4284=ORIENTED_EDGE('',*,*,#2967,.T.);
#4285=ORIENTED_EDGE('',*,*,#2968,.T.);
#4286=ORIENTED_EDGE('',*,*,#2950,.T.);
#4287=ORIENTED_EDGE('',*,*,#2966,.F.);
#4288=ORIENTED_EDGE('',*,*,#2383,.T.);
#4289=ORIENTED_EDGE('',*,*,#2606,.T.);
#4290=ORIENTED_EDGE('',*,*,#2969,.T.);
#4291=ORIENTED_EDGE('',*,*,#2968,.F.);
#4292=ORIENTED_EDGE('',*,*,#2382,.T.);
#4293=ORIENTED_EDGE('',*,*,#2368,.F.);
#4294=ORIENTED_EDGE('',*,*,#2385,.T.);
#4295=ORIENTED_EDGE('',*,*,#2965,.F.);
#4296=ORIENTED_EDGE('',*,*,#2970,.T.);
#4297=ORIENTED_EDGE('',*,*,#2740,.F.);
#4298=ORIENTED_EDGE('',*,*,#2951,.T.);
#4299=ORIENTED_EDGE('',*,*,#2969,.F.);
#4300=ORIENTED_EDGE('',*,*,#2610,.F.);
#4301=ORIENTED_EDGE('',*,*,#2364,.F.);
#4302=ORIENTED_EDGE('',*,*,#2970,.F.);
#4303=ORIENTED_EDGE('',*,*,#2971,.F.);
#4304=ORIENTED_EDGE('',*,*,#2598,.F.);
#4305=ORIENTED_EDGE('',*,*,#2651,.F.);
#4306=ORIENTED_EDGE('',*,*,#2971,.T.);
#4307=ORIENTED_EDGE('',*,*,#2967,.F.);
#4308=ORIENTED_EDGE('',*,*,#2949,.F.);
#4309=ORIENTED_EDGE('',*,*,#2648,.F.);
#4310=ORIENTED_EDGE('',*,*,#2972,.T.);
#4311=ORIENTED_EDGE('',*,*,#2964,.F.);
#4312=ORIENTED_EDGE('',*,*,#2593,.F.);
#4313=ORIENTED_EDGE('',*,*,#2646,.F.);
#4314=ORIENTED_EDGE('',*,*,#2670,.T.);
#4315=ORIENTED_EDGE('',*,*,#2963,.F.);
#4316=ORIENTED_EDGE('',*,*,#2972,.F.);
#4317=ORIENTED_EDGE('',*,*,#2775,.F.);
#4318=ORIENTED_EDGE('',*,*,#2973,.T.);
#4319=ORIENTED_EDGE('',*,*,#2676,.T.);
#4320=ORIENTED_EDGE('',*,*,#2912,.F.);
#4321=ORIENTED_EDGE('',*,*,#2778,.F.);
#4322=ORIENTED_EDGE('',*,*,#2954,.F.);
#4323=ORIENTED_EDGE('',*,*,#2677,.T.);
#4324=ORIENTED_EDGE('',*,*,#2973,.F.);
#4325=ORIENTED_EDGE('',*,*,#2787,.F.);
#4326=ORIENTED_EDGE('',*,*,#2956,.F.);
#4327=ORIENTED_EDGE('',*,*,#2680,.T.);
#4328=ORIENTED_EDGE('',*,*,#2955,.F.);
#4329=ORIENTED_EDGE('',*,*,#2805,.F.);
#4330=ORIENTED_EDGE('',*,*,#2958,.F.);
#4331=ORIENTED_EDGE('',*,*,#2686,.T.);
#4332=ORIENTED_EDGE('',*,*,#2941,.F.);
#4333=ORIENTED_EDGE('',*,*,#2814,.F.);
#4334=ORIENTED_EDGE('',*,*,#2974,.T.);
#4335=ORIENTED_EDGE('',*,*,#2689,.T.);
#4336=ORIENTED_EDGE('',*,*,#2959,.F.);
#4337=ORIENTED_EDGE('',*,*,#2817,.F.);
#4338=ORIENTED_EDGE('',*,*,#2947,.F.);
#4339=ORIENTED_EDGE('',*,*,#2690,.T.);
#4340=ORIENTED_EDGE('',*,*,#2974,.F.);
#4341=ORIENTED_EDGE('',*,*,#2975,.T.);
#4342=ORIENTED_EDGE('',*,*,#2976,.T.);
#4343=ORIENTED_EDGE('',*,*,#2916,.T.);
#4344=ORIENTED_EDGE('',*,*,#2977,.T.);
#4345=ORIENTED_EDGE('',*,*,#2976,.F.);
#4346=ORIENTED_EDGE('',*,*,#2978,.F.);
#4347=ORIENTED_EDGE('',*,*,#2979,.F.);
#4348=ORIENTED_EDGE('',*,*,#2917,.F.);
#4349=ORIENTED_EDGE('',*,*,#2975,.F.);
#4350=ORIENTED_EDGE('',*,*,#2980,.T.);
#4351=ORIENTED_EDGE('',*,*,#2981,.F.);
#4352=ORIENTED_EDGE('',*,*,#2982,.T.);
#4353=ORIENTED_EDGE('',*,*,#2983,.F.);
#4354=ORIENTED_EDGE('',*,*,#2984,.T.);
#4355=ORIENTED_EDGE('',*,*,#2985,.F.);
#4356=ORIENTED_EDGE('',*,*,#2978,.T.);
#4357=ORIENTED_EDGE('',*,*,#2985,.T.);
#4358=ORIENTED_EDGE('',*,*,#2986,.T.);
#4359=ORIENTED_EDGE('',*,*,#2918,.T.);
#4360=ORIENTED_EDGE('',*,*,#2979,.T.);
#4361=ORIENTED_EDGE('',*,*,#2986,.F.);
#4362=ORIENTED_EDGE('',*,*,#2984,.F.);
#4363=ORIENTED_EDGE('',*,*,#2987,.F.);
#4364=ORIENTED_EDGE('',*,*,#2919,.F.);
#4365=ORIENTED_EDGE('',*,*,#2983,.T.);
#4366=ORIENTED_EDGE('',*,*,#2988,.T.);
#4367=ORIENTED_EDGE('',*,*,#2920,.T.);
#4368=ORIENTED_EDGE('',*,*,#2987,.T.);
#4369=ORIENTED_EDGE('',*,*,#2988,.F.);
#4370=ORIENTED_EDGE('',*,*,#2982,.F.);
#4371=ORIENTED_EDGE('',*,*,#2989,.F.);
#4372=ORIENTED_EDGE('',*,*,#2921,.F.);
#4373=ORIENTED_EDGE('',*,*,#2981,.T.);
#4374=ORIENTED_EDGE('',*,*,#2990,.T.);
#4375=ORIENTED_EDGE('',*,*,#2922,.T.);
#4376=ORIENTED_EDGE('',*,*,#2989,.T.);
#4377=ORIENTED_EDGE('',*,*,#2977,.F.);
#4378=ORIENTED_EDGE('',*,*,#2923,.F.);
#4379=ORIENTED_EDGE('',*,*,#2990,.F.);
#4380=ORIENTED_EDGE('',*,*,#2980,.F.);
#4381=B_SPLINE_SURFACE_WITH_KNOTS('',3,3,((#6424,#6425,#6426,#6427,#6428,
#6429,#6430,#6431),(#6432,#6433,#6434,#6435,#6436,#6437,#6438,#6439),(#6440,
#6441,#6442,#6443,#6444,#6445,#6446,#6447),(#6448,#6449,#6450,#6451,#6452,
#6453,#6454,#6455),(#6456,#6457,#6458,#6459,#6460,#6461,#6462,#6463)),
 .UNSPECIFIED.,.F.,.F.,.F.,(4,1,4),(4,1,1,1,1,4),(0.,0.571428571428571,
1.),(0.,0.11166469591761,0.223329391835221,0.334994087752831,0.558323479588052,
0.781652871423273),.UNSPECIFIED.);
#4382=B_SPLINE_SURFACE_WITH_KNOTS('',3,3,((#6486,#6487,#6488,#6489,#6490,
#6491),(#6492,#6493,#6494,#6495,#6496,#6497),(#6498,#6499,#6500,#6501,#6502,
#6503),(#6504,#6505,#6506,#6507,#6508,#6509)),.UNSPECIFIED.,.F.,.F.,.F.,
(4,4),(4,2,4),(0.,1.),(-0.00102956276437962,0.,0.155046194791644),
 .UNSPECIFIED.);
#4383=B_SPLINE_SURFACE_WITH_KNOTS('',3,3,((#6523,#6524,#6525,#6526),(#6527,
#6528,#6529,#6530),(#6531,#6532,#6533,#6534),(#6535,#6536,#6537,#6538),
(#6539,#6540,#6541,#6542)),.UNSPECIFIED.,.F.,.F.,.F.,(4,1,4),(4,4),(0.,
0.571428571428571,1.),(0.,0.0122028821328997),.UNSPECIFIED.);
#4384=B_SPLINE_SURFACE_WITH_KNOTS('',3,3,((#6581,#6582,#6583,#6584,#6585,
#6586,#6587),(#6588,#6589,#6590,#6591,#6592,#6593,#6594),(#6595,#6596,#6597,
#6598,#6599,#6600,#6601),(#6602,#6603,#6604,#6605,#6606,#6607,#6608),(#6609,
#6610,#6611,#6612,#6613,#6614,#6615)),.UNSPECIFIED.,.F.,.F.,.F.,(4,1,4),
(4,1,1,1,4),(0.,0.571428571428571,1.),(0.,0.334994087752829,0.558323479588049,
0.669988175505658,0.781652871423268),.UNSPECIFIED.);
#4385=B_SPLINE_SURFACE_WITH_KNOTS('',3,3,((#6636,#6637,#6638,#6639,#6640,
#6641),(#6642,#6643,#6644,#6645,#6646,#6647),(#6648,#6649,#6650,#6651,#6652,
#6653),(#6654,#6655,#6656,#6657,#6658,#6659)),.UNSPECIFIED.,.F.,.F.,.F.,
(4,4),(4,2,4),(0.,1.),(-0.156075757556068,-0.155046194792086,0.),
 .UNSPECIFIED.);
#4386=B_SPLINE_SURFACE_WITH_KNOTS('',3,3,((#6673,#6674,#6675,#6676),(#6677,
#6678,#6679,#6680),(#6681,#6682,#6683,#6684),(#6685,#6686,#6687,#6688),
(#6689,#6690,#6691,#6692)),.UNSPECIFIED.,.F.,.F.,.F.,(4,1,4),(4,4),(0.,
0.571428571428571,1.),(0.,0.0122028821328944),.UNSPECIFIED.);
#4387=B_SPLINE_SURFACE_WITH_KNOTS('',3,3,((#6723,#6724,#6725,#6726,#6727,
#6728,#6729),(#6730,#6731,#6732,#6733,#6734,#6735,#6736),(#6737,#6738,#6739,
#6740,#6741,#6742,#6743),(#6744,#6745,#6746,#6747,#6748,#6749,#6750),(#6751,
#6752,#6753,#6754,#6755,#6756,#6757)),.UNSPECIFIED.,.F.,.F.,.F.,(4,1,4),
(4,1,1,1,4),(0.,0.571428571428571,1.),(0.,0.334994087752834,0.558323479588058,
0.669988175505669,0.78165287142328),.UNSPECIFIED.);
#4388=B_SPLINE_SURFACE_WITH_KNOTS('',3,3,((#6778,#6779,#6780,#6781,#6782,
#6783),(#6784,#6785,#6786,#6787,#6788,#6789),(#6790,#6791,#6792,#6793,#6794,
#6795),(#6796,#6797,#6798,#6799,#6800,#6801)),.UNSPECIFIED.,.F.,.F.,.F.,
(4,4),(4,2,4),(0.,1.),(-0.156075757555946,-0.155046194791567,0.),
 .UNSPECIFIED.);
#4389=B_SPLINE_SURFACE_WITH_KNOTS('',3,3,((#6815,#6816,#6817,#6818),(#6819,
#6820,#6821,#6822),(#6823,#6824,#6825,#6826),(#6827,#6828,#6829,#6830),
(#6831,#6832,#6833,#6834)),.UNSPECIFIED.,.F.,.F.,.F.,(4,1,4),(4,4),(0.,
0.571428571428571,1.),(7.95634064317045E-15,0.0122028821329019),
 .UNSPECIFIED.);
#4390=B_SPLINE_SURFACE_WITH_KNOTS('',3,3,((#6881,#6882,#6883,#6884,#6885,
#6886,#6887),(#6888,#6889,#6890,#6891,#6892,#6893,#6894),(#6895,#6896,#6897,
#6898,#6899,#6900,#6901),(#6902,#6903,#6904,#6905,#6906,#6907,#6908),(#6909,
#6910,#6911,#6912,#6913,#6914,#6915)),.UNSPECIFIED.,.F.,.F.,.F.,(4,1,4),
(4,1,1,1,4),(0.,0.571428571428571,1.),(0.,0.334994087752835,0.558323479588059,
0.669988175505671,0.781652871423282),.UNSPECIFIED.);
#4391=B_SPLINE_SURFACE_WITH_KNOTS('',3,3,((#6927,#6928,#6929,#6930,#6931,
#6932),(#6933,#6934,#6935,#6936,#6937,#6938),(#6939,#6940,#6941,#6942,#6943,
#6944),(#6945,#6946,#6947,#6948,#6949,#6950)),.UNSPECIFIED.,.F.,.F.,.F.,
(4,4),(4,2,4),(0.,1.),(-0.0010295627642718,0.,0.155046194791681),
 .UNSPECIFIED.);
#4392=B_SPLINE_SURFACE_WITH_KNOTS('',3,3,((#6964,#6965,#6966,#6967),(#6968,
#6969,#6970,#6971),(#6972,#6973,#6974,#6975),(#6976,#6977,#6978,#6979),
(#6980,#6981,#6982,#6983)),.UNSPECIFIED.,.F.,.F.,.F.,(4,1,4),(4,4),(0.,
0.571428571428571,1.),(0.,0.0122028821328863),.UNSPECIFIED.);
#4393=B_SPLINE_SURFACE_WITH_KNOTS('',3,3,((#7072,#7073,#7074,#7075,#7076,
#7077,#7078),(#7079,#7080,#7081,#7082,#7083,#7084,#7085),(#7086,#7087,#7088,
#7089,#7090,#7091,#7092),(#7093,#7094,#7095,#7096,#7097,#7098,#7099),(#7100,
#7101,#7102,#7103,#7104,#7105,#7106)),.UNSPECIFIED.,.F.,.F.,.F.,(4,1,4),
(4,1,1,1,4),(0.,0.571428571428571,1.),(0.,0.111664695917612,0.334994087752836,
0.55832347958806,0.781652871423284),.UNSPECIFIED.);
#4394=B_SPLINE_SURFACE_WITH_KNOTS('',3,3,((#7126,#7127,#7128,#7129,#7130,
#7131),(#7132,#7133,#7134,#7135,#7136,#7137),(#7138,#7139,#7140,#7141,#7142,
#7143),(#7144,#7145,#7146,#7147,#7148,#7149)),.UNSPECIFIED.,.F.,.F.,.F.,
(4,4),(4,2,4),(0.,1.),(-0.00102956276437922,0.,0.155046194791561),
 .UNSPECIFIED.);
#4395=B_SPLINE_SURFACE_WITH_KNOTS('',3,3,((#7156,#7157,#7158,#7159),(#7160,
#7161,#7162,#7163),(#7164,#7165,#7166,#7167),(#7168,#7169,#7170,#7171),
(#7172,#7173,#7174,#7175)),.UNSPECIFIED.,.F.,.F.,.F.,(4,1,4),(4,4),(0.,
0.571428571428571,1.),(0.,0.0122028821328921),.UNSPECIFIED.);
#4396=B_SPLINE_SURFACE_WITH_KNOTS('',3,3,((#7214,#7215,#7216,#7217,#7218,
#7219,#7220),(#7221,#7222,#7223,#7224,#7225,#7226,#7227),(#7228,#7229,#7230,
#7231,#7232,#7233,#7234),(#7235,#7236,#7237,#7238,#7239,#7240,#7241),(#7242,
#7243,#7244,#7245,#7246,#7247,#7248)),.UNSPECIFIED.,.F.,.F.,.F.,(4,1,4),
(4,1,1,1,4),(0.,0.571428571428571,1.),(0.,0.334994087752832,0.558323479588054,
0.669988175505664,0.781652871423275),.UNSPECIFIED.);
#4397=B_SPLINE_SURFACE_WITH_KNOTS('',3,3,((#7268,#7269,#7270,#7271,#7272,
#7273),(#7274,#7275,#7276,#7277,#7278,#7279),(#7280,#7281,#7282,#7283,#7284,
#7285),(#7286,#7287,#7288,#7289,#7290,#7291)),.UNSPECIFIED.,.F.,.F.,.F.,
(4,4),(4,2,4),(0.,1.),(-0.156075757555998,-0.155046194791618,0.),
 .UNSPECIFIED.);
#4398=B_SPLINE_SURFACE_WITH_KNOTS('',3,3,((#7298,#7299,#7300,#7301),(#7302,
#7303,#7304,#7305),(#7306,#7307,#7308,#7309),(#7310,#7311,#7312,#7313),
(#7314,#7315,#7316,#7317)),.UNSPECIFIED.,.F.,.F.,.F.,(4,1,4),(4,4),(0.,
0.571428571428571,1.),(6.51975610394085E-15,0.012202882132906),
 .UNSPECIFIED.);
#4399=B_SPLINE_SURFACE_WITH_KNOTS('',3,3,((#7347,#7348,#7349,#7350,#7351,
#7352,#7353,#7354),(#7355,#7356,#7357,#7358,#7359,#7360,#7361,#7362),(#7363,
#7364,#7365,#7366,#7367,#7368,#7369,#7370),(#7371,#7372,#7373,#7374,#7375,
#7376,#7377,#7378),(#7379,#7380,#7381,#7382,#7383,#7384,#7385,#7386)),
 .UNSPECIFIED.,.F.,.F.,.F.,(4,1,4),(4,1,1,1,1,4),(0.,0.571428571428571,
1.),(0.,0.111664695917614,0.223329391835228,0.334994087752841,0.558323479588069,
0.781652871423296),.UNSPECIFIED.);
#4400=B_SPLINE_SURFACE_WITH_KNOTS('',3,3,((#7408,#7409,#7410,#7411,#7412,
#7413),(#7414,#7415,#7416,#7417,#7418,#7419),(#7420,#7421,#7422,#7423,#7424,
#7425),(#7426,#7427,#7428,#7429,#7430,#7431)),.UNSPECIFIED.,.F.,.F.,.F.,
(4,4),(4,2,4),(0.,1.),(-0.00102956276437922,0.,0.155046194791447),
 .UNSPECIFIED.);
#4401=B_SPLINE_SURFACE_WITH_KNOTS('',3,3,((#7438,#7439,#7440,#7441),(#7442,
#7443,#7444,#7445),(#7446,#7447,#7448,#7449),(#7450,#7451,#7452,#7453),
(#7454,#7455,#7456,#7457)),.UNSPECIFIED.,.F.,.F.,.F.,(4,1,4),(4,4),(0.,
0.571428571428571,1.),(0.,0.0122028821328831),.UNSPECIFIED.);
#4402=B_SPLINE_SURFACE_WITH_KNOTS('',3,3,((#7481,#7482,#7483,#7484,#7485,
#7486,#7487),(#7488,#7489,#7490,#7491,#7492,#7493,#7494),(#7495,#7496,#7497,
#7498,#7499,#7500,#7501),(#7502,#7503,#7504,#7505,#7506,#7507,#7508),(#7509,
#7510,#7511,#7512,#7513,#7514,#7515)),.UNSPECIFIED.,.F.,.F.,.F.,(4,1,4),
(4,1,1,1,4),(0.,0.571428571428571,1.),(0.,0.223329391835227,0.446658783670455,
0.669988175505682,0.781652871423296),.UNSPECIFIED.);
#4403=B_SPLINE_SURFACE_WITH_KNOTS('',3,3,((#7535,#7536,#7537,#7538,#7539,
#7540),(#7541,#7542,#7543,#7544,#7545,#7546),(#7547,#7548,#7549,#7550,#7551,
#7552),(#7553,#7554,#7555,#7556,#7557,#7558)),.UNSPECIFIED.,.F.,.F.,.F.,
(4,4),(4,2,4),(0.,1.),(-0.156075757555833,-0.155046194791454,0.),
 .UNSPECIFIED.);
#4404=B_SPLINE_SURFACE_WITH_KNOTS('',3,3,((#7565,#7566,#7567,#7568),(#7569,
#7570,#7571,#7572),(#7573,#7574,#7575,#7576),(#7577,#7578,#7579,#7580),
(#7581,#7582,#7583,#7584)),.UNSPECIFIED.,.F.,.F.,.F.,(4,1,4),(4,4),(0.,
0.571428571428571,1.),(6.73232022007239E-15,0.0122028821328918),
 .UNSPECIFIED.);
#4405=B_SPLINE_SURFACE_WITH_KNOTS('',3,3,((#7652,#7653,#7654,#7655,#7656),
(#7657,#7658,#7659,#7660,#7661),(#7662,#7663,#7664,#7665,#7666),(#7667,
#7668,#7669,#7670,#7671),(#7672,#7673,#7674,#7675,#7676)),.UNSPECIFIED.,
 .F.,.F.,.F.,(4,1,4),(4,1,4),(0.,0.571428571428571,1.),(-1.5707963267949,
-1.09508496496593,-0.460803149193983),.UNSPECIFIED.);
#4406=B_SPLINE_SURFACE_WITH_KNOTS('',3,3,((#7682,#7683,#7684,#7685,#7686,
#7687),(#7688,#7689,#7690,#7691,#7692,#7693),(#7694,#7695,#7696,#7697,#7698,
#7699),(#7700,#7701,#7702,#7703,#7704,#7705),(#7706,#7707,#7708,#7709,#7710,
#7711)),.UNSPECIFIED.,.F.,.F.,.F.,(4,1,4),(4,1,1,4),(0.,0.5,1.),(4.22263606495252E-16,
0.28200155471281,0.564003109425619,0.987005441494832),.UNSPECIFIED.);
#4407=B_SPLINE_SURFACE_WITH_KNOTS('',3,3,((#7727,#7728,#7729,#7730,#7731),
(#7732,#7733,#7734,#7735,#7736),(#7737,#7738,#7739,#7740,#7741),(#7742,
#7743,#7744,#7745,#7746),(#7747,#7748,#7749,#7750,#7751)),.UNSPECIFIED.,
 .F.,.F.,.F.,(4,1,4),(4,1,4),(0.,0.571428571428571,1.),(0.460803149193676,
0.936514511022771,1.5707963267949),.UNSPECIFIED.);
#4408=B_SPLINE_SURFACE_WITH_KNOTS('',3,3,((#7835,#7836,#7837,#7838),(#7839,
#7840,#7841,#7842),(#7843,#7844,#7845,#7846),(#7847,#7848,#7849,#7850)),
 .UNSPECIFIED.,.F.,.F.,.F.,(4,4),(4,4),(0.,1.),(0.353486659469578,0.518608315638782),
 .UNSPECIFIED.);
#4409=B_SPLINE_SURFACE_WITH_KNOTS('',3,3,((#7936,#7937,#7938,#7939),(#7940,
#7941,#7942,#7943),(#7944,#7945,#7946,#7947),(#7948,#7949,#7950,#7951)),
 .UNSPECIFIED.,.F.,.F.,.F.,(4,4),(4,4),(0.,1.),(0.33550015783803,0.500625298750247),
 .UNSPECIFIED.);
#4410=B_SPLINE_SURFACE_WITH_KNOTS('',3,3,((#8288,#8289,#8290,#8291,#8292),
(#8293,#8294,#8295,#8296,#8297),(#8298,#8299,#8300,#8301,#8302),(#8303,
#8304,#8305,#8306,#8307)),.UNSPECIFIED.,.F.,.F.,.F.,(4,4),(4,1,4),(0.,1.),
(-1.5568301937928E-13,0.654533907663775,1.52724578454902),.UNSPECIFIED.);
#4411=B_SPLINE_SURFACE_WITH_KNOTS('',3,3,((#8354,#8355,#8356,#8357,#8358),
(#8359,#8360,#8361,#8362,#8363),(#8364,#8365,#8366,#8367,#8368),(#8369,
#8370,#8371,#8372,#8373)),.UNSPECIFIED.,.F.,.F.,.F.,(4,4),(4,1,4),(0.,1.),
(-1.52724578454901,-0.872711876885364,-5.0022402228841E-13),
 .UNSPECIFIED.);
#4412=B_SPLINE_SURFACE_WITH_KNOTS('',3,3,((#8387,#8388,#8389,#8390),(#8391,
#8392,#8393,#8394),(#8395,#8396,#8397,#8398),(#8399,#8400,#8401,#8402)),
 .UNSPECIFIED.,.F.,.F.,.F.,(4,4),(4,4),(0.,1.),(-1.57079632679489,-1.52724578454907),
 .UNSPECIFIED.);
#4413=B_SPLINE_SURFACE_WITH_KNOTS('',3,3,((#8428,#8429,#8430,#8431),(#8432,
#8433,#8434,#8435),(#8436,#8437,#8438,#8439),(#8440,#8441,#8442,#8443)),
 .UNSPECIFIED.,.F.,.F.,.F.,(4,4),(4,4),(0.,1.),(1.52724578454907,1.57079632679489),
 .UNSPECIFIED.);
#4414=B_SPLINE_SURFACE_WITH_KNOTS('',3,3,((#8530,#8531,#8532,#8533,#8534),
(#8535,#8536,#8537,#8538,#8539),(#8540,#8541,#8542,#8543,#8544),(#8545,
#8546,#8547,#8548,#8549)),.UNSPECIFIED.,.F.,.F.,.F.,(4,4),(4,1,4),(0.,1.),
(-1.52724578454902,-0.87271187688516,-7.66053886991358E-15),
 .UNSPECIFIED.);
#4415=B_SPLINE_SURFACE_WITH_KNOTS('',3,3,((#8559,#8560,#8561,#8562,#8563),
(#8564,#8565,#8566,#8567,#8568),(#8569,#8570,#8571,#8572,#8573),(#8574,
#8575,#8576,#8577,#8578)),.UNSPECIFIED.,.F.,.F.,.F.,(4,4),(4,1,4),(0.,1.),
(3.95516952522712E-14,0.654533907663886,1.52724578454901),.UNSPECIFIED.);
#4416=B_SPLINE_SURFACE_WITH_KNOTS('',3,3,((#8600,#8601,#8602,#8603),(#8604,
#8605,#8606,#8607),(#8608,#8609,#8610,#8611),(#8612,#8613,#8614,#8615)),
 .UNSPECIFIED.,.F.,.F.,.F.,(4,4),(4,4),(0.,1.),(1.527245784549,1.5707963267949),
 .UNSPECIFIED.);
#4417=B_SPLINE_SURFACE_WITH_KNOTS('',3,3,((#8620,#8621,#8622,#8623),(#8624,
#8625,#8626,#8627),(#8628,#8629,#8630,#8631),(#8632,#8633,#8634,#8635)),
 .UNSPECIFIED.,.F.,.F.,.F.,(4,4),(4,4),(0.,1.),(-1.57079632679491,-1.52724578454902),
 .UNSPECIFIED.);
#4418=B_SPLINE_SURFACE_WITH_KNOTS('',3,3,((#8667,#8668,#8669,#8670,#8671),
(#8672,#8673,#8674,#8675,#8676),(#8677,#8678,#8679,#8680,#8681),(#8682,
#8683,#8684,#8685,#8686)),.UNSPECIFIED.,.F.,.F.,.F.,(4,4),(4,1,4),(0.,1.),
(-1.52724578454902,-0.872711876885089,1.48619225385102E-13),
 .UNSPECIFIED.);
#4419=B_SPLINE_SURFACE_WITH_KNOTS('',3,3,((#8718,#8719,#8720,#8721,#8722),
(#8723,#8724,#8725,#8726,#8727),(#8728,#8729,#8730,#8731,#8732),(#8733,
#8734,#8735,#8736,#8737)),.UNSPECIFIED.,.F.,.F.,.F.,(4,4),(4,1,4),(0.,1.),
(-3.74700270810999E-15,0.654533907663862,1.52724578454902),
 .UNSPECIFIED.);
#4420=B_SPLINE_SURFACE_WITH_KNOTS('',3,3,((#8760,#8761,#8762,#8763),(#8764,
#8765,#8766,#8767),(#8768,#8769,#8770,#8771),(#8772,#8773,#8774,#8775)),
 .UNSPECIFIED.,.F.,.F.,.F.,(4,4),(4,4),(0.,1.),(1.52724578454908,1.5707963267949),
 .UNSPECIFIED.);
#4421=B_SPLINE_SURFACE_WITH_KNOTS('',3,3,((#8784,#8785,#8786,#8787),(#8788,
#8789,#8790,#8791),(#8792,#8793,#8794,#8795),(#8796,#8797,#8798,#8799)),
 .UNSPECIFIED.,.F.,.F.,.F.,(4,4),(4,4),(0.,1.),(-1.5707963267949,-1.52724578454907),
 .UNSPECIFIED.);
#4422=ADVANCED_FACE('',(#1077),#4381,.T.);
#4423=ADVANCED_FACE('',(#1078),#4382,.T.);
#4424=ADVANCED_FACE('',(#1079),#4383,.T.);
#4425=ADVANCED_FACE('',(#1080),#995,.F.);
#4426=ADVANCED_FACE('',(#1081),#996,.T.);
#4427=ADVANCED_FACE('',(#1082),#4384,.T.);
#4428=ADVANCED_FACE('',(#1083),#4385,.T.);
#4429=ADVANCED_FACE('',(#1084),#4386,.T.);
#4430=ADVANCED_FACE('',(#1085),#997,.F.);
#4431=ADVANCED_FACE('',(#1086),#67,.F.);
#4432=ADVANCED_FACE('',(#1087),#998,.F.);
#4433=ADVANCED_FACE('',(#1088),#4387,.T.);
#4434=ADVANCED_FACE('',(#1089),#4388,.T.);
#4435=ADVANCED_FACE('',(#1090),#4389,.T.);
#4436=ADVANCED_FACE('',(#1091),#999,.F.);
#4437=ADVANCED_FACE('',(#1092),#68,.F.);
#4438=ADVANCED_FACE('',(#1093),#1000,.F.);
#4439=ADVANCED_FACE('',(#1094),#4390,.T.);
#4440=ADVANCED_FACE('',(#1095),#4391,.T.);
#4441=ADVANCED_FACE('',(#1096),#4392,.T.);
#4442=ADVANCED_FACE('',(#1097),#1001,.F.);
#4443=ADVANCED_FACE('',(#1098),#1002,.T.);
#4444=ADVANCED_FACE('',(#1099),#58,.T.);
#4445=ADVANCED_FACE('',(#1100),#69,.T.);
#4446=ADVANCED_FACE('',(#1101),#4393,.T.);
#4447=ADVANCED_FACE('',(#1102),#4394,.T.);
#4448=ADVANCED_FACE('',(#1103),#4395,.T.);
#4449=ADVANCED_FACE('',(#1104),#1003,.F.);
#4450=ADVANCED_FACE('',(#1105),#1004,.T.);
#4451=ADVANCED_FACE('',(#1106),#4396,.T.);
#4452=ADVANCED_FACE('',(#1107),#4397,.T.);
#4453=ADVANCED_FACE('',(#1108),#4398,.T.);
#4454=ADVANCED_FACE('',(#1109),#1005,.F.);
#4455=ADVANCED_FACE('',(#1110),#70,.F.);
#4456=ADVANCED_FACE('',(#1111),#1006,.F.);
#4457=ADVANCED_FACE('',(#1112),#4399,.T.);
#4458=ADVANCED_FACE('',(#1113),#4400,.T.);
#4459=ADVANCED_FACE('',(#1114),#4401,.T.);
#4460=ADVANCED_FACE('',(#1115),#1007,.F.);
#4461=ADVANCED_FACE('',(#1116),#1008,.T.);
#4462=ADVANCED_FACE('',(#1117),#4402,.T.);
#4463=ADVANCED_FACE('',(#1118),#4403,.T.);
#4464=ADVANCED_FACE('',(#1119),#4404,.T.);
#4465=ADVANCED_FACE('',(#1120),#1009,.F.);
#4466=ADVANCED_FACE('',(#1121),#71,.F.);
#4467=ADVANCED_FACE('',(#1122),#1010,.F.);
#4468=ADVANCED_FACE('',(#1123),#1011,.T.);
#4469=ADVANCED_FACE('',(#1124),#72,.T.);
#4470=ADVANCED_FACE('',(#1125),#1012,.T.);
#4471=ADVANCED_FACE('',(#1126),#4405,.F.);
#4472=ADVANCED_FACE('',(#1127),#4406,.F.);
#4473=ADVANCED_FACE('',(#1128),#4407,.F.);
#4474=ADVANCED_FACE('',(#1129),#1013,.T.);
#4475=ADVANCED_FACE('',(#1130),#73,.F.);
#4476=ADVANCED_FACE('',(#1131),#1014,.F.);
#4477=ADVANCED_FACE('',(#1132),#74,.F.);
#4478=ADVANCED_FACE('',(#1133),#75,.T.);
#4479=ADVANCED_FACE('',(#1134),#1015,.T.);
#4480=ADVANCED_FACE('',(#1135),#1016,.F.);
#4481=ADVANCED_FACE('',(#1136),#4408,.T.);
#4482=ADVANCED_FACE('',(#1137),#59,.F.);
#4483=ADVANCED_FACE('',(#1138),#1017,.F.);
#4484=ADVANCED_FACE('',(#1139),#4409,.T.);
#4485=ADVANCED_FACE('',(#1140),#57,.F.);
#4486=ADVANCED_FACE('',(#1141),#1018,.F.);
#4487=ADVANCED_FACE('',(#1142),#24,.F.);
#4488=ADVANCED_FACE('',(#1143),#76,.F.);
#4489=ADVANCED_FACE('',(#1144),#77,.T.);
#4490=ADVANCED_FACE('',(#1145),#1019,.T.);
#4491=ADVANCED_FACE('',(#1146),#78,.T.);
#4492=ADVANCED_FACE('',(#1147),#1020,.T.);
#4493=ADVANCED_FACE('',(#1148),#1021,.F.);
#4494=ADVANCED_FACE('',(#1149),#79,.T.);
#4495=ADVANCED_FACE('',(#1150),#1022,.T.);
#4496=ADVANCED_FACE('',(#1151),#80,.T.);
#4497=ADVANCED_FACE('',(#1152),#1023,.F.);
#4498=ADVANCED_FACE('',(#1153),#1024,.T.);
#4499=ADVANCED_FACE('',(#1154),#81,.T.);
#4500=ADVANCED_FACE('',(#1155),#1025,.F.);
#4501=ADVANCED_FACE('',(#1156),#1026,.F.);
#4502=ADVANCED_FACE('',(#1157),#82,.T.);
#4503=ADVANCED_FACE('',(#1158),#1027,.T.);
#4504=ADVANCED_FACE('',(#1159),#1028,.T.);
#4505=ADVANCED_FACE('',(#1160),#83,.T.);
#4506=ADVANCED_FACE('',(#1161),#1029,.T.);
#4507=ADVANCED_FACE('',(#1162),#84,.T.);
#4508=ADVANCED_FACE('',(#1163),#1030,.F.);
#4509=ADVANCED_FACE('',(#1164),#1031,.F.);
#4510=ADVANCED_FACE('',(#1165),#85,.T.);
#4511=ADVANCED_FACE('',(#1166),#1032,.T.);
#4512=ADVANCED_FACE('',(#1167),#86,.T.);
#4513=ADVANCED_FACE('',(#1168),#1033,.T.);
#4514=ADVANCED_FACE('',(#1169),#60,.T.);
#4515=ADVANCED_FACE('',(#1170),#87,.F.);
#4516=ADVANCED_FACE('',(#1171),#61,.T.);
#4517=ADVANCED_FACE('',(#1172),#1034,.F.);
#4518=ADVANCED_FACE('',(#1173),#88,.F.);
#4519=ADVANCED_FACE('',(#1174),#89,.T.);
#4520=ADVANCED_FACE('',(#1175),#62,.T.);
#4521=ADVANCED_FACE('',(#1176),#1035,.F.);
#4522=ADVANCED_FACE('',(#1177),#90,.T.);
#4523=ADVANCED_FACE('',(#1178),#91,.T.);
#4524=ADVANCED_FACE('',(#1179),#63,.T.);
#4525=ADVANCED_FACE('',(#1180),#1036,.T.);
#4526=ADVANCED_FACE('',(#1181),#64,.T.);
#4527=ADVANCED_FACE('',(#1182),#1037,.F.);
#4528=ADVANCED_FACE('',(#1183),#92,.F.);
#4529=ADVANCED_FACE('',(#1184),#93,.F.);
#4530=ADVANCED_FACE('',(#1185),#65,.T.);
#4531=ADVANCED_FACE('',(#1186),#94,.F.);
#4532=ADVANCED_FACE('',(#1187),#95,.F.);
#4533=ADVANCED_FACE('',(#1188),#66,.T.);
#4534=ADVANCED_FACE('',(#1189),#96,.T.);
#4535=ADVANCED_FACE('',(#1190),#4410,.T.);
#4536=ADVANCED_FACE('',(#1191),#97,.T.);
#4537=ADVANCED_FACE('',(#1192),#25,.F.);
#4538=ADVANCED_FACE('',(#1193),#98,.T.);
#4539=ADVANCED_FACE('',(#1194),#26,.F.);
#4540=ADVANCED_FACE('',(#1195),#27,.F.);
#4541=ADVANCED_FACE('',(#1196),#99,.T.);
#4542=ADVANCED_FACE('',(#1197),#4411,.T.);
#4543=ADVANCED_FACE('',(#1198),#4412,.T.);
#4544=ADVANCED_FACE('',(#1199),#100,.T.);
#4545=ADVANCED_FACE('',(#1200),#28,.F.);
#4546=ADVANCED_FACE('',(#1201),#4413,.T.);
#4547=ADVANCED_FACE('',(#1202),#29,.F.);
#4548=ADVANCED_FACE('',(#1203),#1038,.T.);
#4549=ADVANCED_FACE('',(#1204),#101,.F.);
#4550=ADVANCED_FACE('',(#1205),#102,.T.);
#4551=ADVANCED_FACE('',(#1206),#30,.F.);
#4552=ADVANCED_FACE('',(#1207),#103,.T.);
#4553=ADVANCED_FACE('',(#1208),#4414,.T.);
#4554=ADVANCED_FACE('',(#1209),#104,.T.);
#4555=ADVANCED_FACE('',(#1210),#4415,.T.);
#4556=ADVANCED_FACE('',(#1211),#105,.T.);
#4557=ADVANCED_FACE('',(#1212),#106,.T.);
#4558=ADVANCED_FACE('',(#1213),#31,.F.);
#4559=ADVANCED_FACE('',(#1214),#4416,.T.);
#4560=ADVANCED_FACE('',(#1215),#4417,.T.);
#4561=ADVANCED_FACE('',(#1216),#107,.F.);
#4562=ADVANCED_FACE('',(#1217),#108,.F.);
#4563=ADVANCED_FACE('',(#1218),#1039,.T.);
#4564=ADVANCED_FACE('',(#1219),#109,.F.);
#4565=ADVANCED_FACE('',(#1220),#1040,.F.);
#4566=ADVANCED_FACE('',(#1221),#110,.T.);
#4567=ADVANCED_FACE('',(#1222),#32,.F.);
#4568=ADVANCED_FACE('',(#1223),#4418,.T.);
#4569=ADVANCED_FACE('',(#1224),#111,.T.);
#4570=ADVANCED_FACE('',(#1225),#33,.F.);
#4571=ADVANCED_FACE('',(#1226),#112,.T.);
#4572=ADVANCED_FACE('',(#1227),#4419,.T.);
#4573=ADVANCED_FACE('',(#1228),#113,.T.);
#4574=ADVANCED_FACE('',(#1229),#4420,.T.);
#4575=ADVANCED_FACE('',(#1230),#4421,.T.);
#4576=ADVANCED_FACE('',(#1231),#114,.T.);
#4577=ADVANCED_FACE('',(#1232),#115,.T.);
#4578=ADVANCED_FACE('',(#1233),#116,.T.);
#4579=ADVANCED_FACE('',(#1234),#117,.T.);
#4580=ADVANCED_FACE('',(#1235),#118,.T.);
#4581=ADVANCED_FACE('',(#1236),#34,.T.);
#4582=ADVANCED_FACE('',(#1237),#35,.F.);
#4583=ADVANCED_FACE('',(#1238),#119,.T.);
#4584=ADVANCED_FACE('',(#1239),#36,.T.);
#4585=ADVANCED_FACE('',(#1240),#120,.T.);
#4586=ADVANCED_FACE('',(#1241),#37,.F.);
#4587=ADVANCED_FACE('',(#1242),#121,.T.);
#4588=ADVANCED_FACE('',(#1243),#38,.F.);
#4589=ADVANCED_FACE('',(#1244),#122,.T.);
#4590=ADVANCED_FACE('',(#1245),#39,.T.);
#4591=ADVANCED_FACE('',(#1246),#123,.T.);
#4592=ADVANCED_FACE('',(#1247),#40,.F.);
#4593=ADVANCED_FACE('',(#1248),#124,.T.);
#4594=ADVANCED_FACE('',(#1249),#41,.T.);
#4595=ADVANCED_FACE('',(#1250),#125,.T.);
#4596=ADVANCED_FACE('',(#1251),#42,.F.);
#4597=ADVANCED_FACE('',(#1252),#126,.T.);
#4598=ADVANCED_FACE('',(#1253),#43,.F.);
#4599=ADVANCED_FACE('',(#1254),#127,.T.);
#4600=ADVANCED_FACE('',(#1255),#44,.T.);
#4601=ADVANCED_FACE('',(#1256),#128,.T.);
#4602=ADVANCED_FACE('',(#1257),#45,.F.);
#4603=ADVANCED_FACE('',(#1258),#129,.T.);
#4604=ADVANCED_FACE('',(#1259),#46,.T.);
#4605=ADVANCED_FACE('',(#1260),#130,.T.);
#4606=ADVANCED_FACE('',(#1261),#47,.F.);
#4607=ADVANCED_FACE('',(#1262),#131,.T.);
#4608=ADVANCED_FACE('',(#1263),#48,.F.);
#4609=ADVANCED_FACE('',(#1264),#132,.T.);
#4610=ADVANCED_FACE('',(#1265),#49,.T.);
#4611=ADVANCED_FACE('',(#1266),#133,.T.);
#4612=ADVANCED_FACE('',(#1267),#50,.F.);
#4613=ADVANCED_FACE('',(#1268),#134,.T.);
#4614=ADVANCED_FACE('',(#1269),#51,.T.);
#4615=ADVANCED_FACE('',(#1270),#135,.T.);
#4616=ADVANCED_FACE('',(#1271),#52,.F.);
#4617=ADVANCED_FACE('',(#1272),#136,.T.);
#4618=ADVANCED_FACE('',(#1273),#53,.T.);
#4619=ADVANCED_FACE('',(#1274),#1041,.T.);
#4620=ADVANCED_FACE('',(#1275),#137,.F.);
#4621=ADVANCED_FACE('',(#1276),#1042,.F.);
#4622=ADVANCED_FACE('',(#1277),#138,.F.);
#4623=ADVANCED_FACE('',(#1278),#1043,.T.);
#4624=ADVANCED_FACE('',(#1279),#1044,.F.);
#4625=ADVANCED_FACE('',(#1280),#139,.F.);
#4626=ADVANCED_FACE('',(#1281),#1045,.F.);
#4627=ADVANCED_FACE('',(#1282),#140,.F.);
#4628=ADVANCED_FACE('',(#1283),#1046,.T.);
#4629=ADVANCED_FACE('',(#1284),#141,.F.);
#4630=ADVANCED_FACE('',(#1285),#1047,.F.);
#4631=ADVANCED_FACE('',(#1286),#142,.F.);
#4632=ADVANCED_FACE('',(#1287),#1048,.T.);
#4633=ADVANCED_FACE('',(#1288),#143,.F.);
#4634=ADVANCED_FACE('',(#1289),#1049,.F.);
#4635=ADVANCED_FACE('',(#1290),#144,.F.);
#4636=ADVANCED_FACE('',(#1291),#1050,.T.);
#4637=ADVANCED_FACE('',(#1292),#145,.F.);
#4638=ADVANCED_FACE('',(#1293),#146,.F.);
#4639=ADVANCED_FACE('',(#1294,#19),#147,.T.);
#4640=ADVANCED_FACE('',(#1295),#1051,.F.);
#4641=ADVANCED_FACE('',(#1296),#148,.F.);
#4642=ADVANCED_FACE('',(#1297),#1052,.F.);
#4643=ADVANCED_FACE('',(#1298),#149,.F.);
#4644=ADVANCED_FACE('',(#1299),#1053,.F.);
#4645=ADVANCED_FACE('',(#1300),#150,.F.);
#4646=ADVANCED_FACE('',(#1301),#151,.F.);
#4647=ADVANCED_FACE('',(#1302),#1054,.F.);
#4648=ADVANCED_FACE('',(#1303),#152,.F.);
#4649=ADVANCED_FACE('',(#1304),#1055,.F.);
#4650=ADVANCED_FACE('',(#1305),#153,.F.);
#4651=ADVANCED_FACE('',(#1306),#1056,.F.);
#4652=ADVANCED_FACE('',(#1307),#154,.F.);
#4653=ADVANCED_FACE('',(#1308),#1057,.F.);
#4654=ADVANCED_FACE('',(#1309),#155,.F.);
#4655=ADVANCED_FACE('',(#1310),#1058,.T.);
#4656=ADVANCED_FACE('',(#1311),#156,.F.);
#4657=ADVANCED_FACE('',(#1312),#1059,.T.);
#4658=ADVANCED_FACE('',(#1313),#157,.F.);
#4659=ADVANCED_FACE('',(#1314),#1060,.T.);
#4660=ADVANCED_FACE('',(#1315),#1061,.T.);
#4661=ADVANCED_FACE('',(#1316),#1062,.F.);
#4662=ADVANCED_FACE('',(#1317),#1063,.T.);
#4663=ADVANCED_FACE('',(#1318),#1064,.T.);
#4664=ADVANCED_FACE('',(#1319),#158,.F.);
#4665=ADVANCED_FACE('',(#1320),#1065,.T.);
#4666=ADVANCED_FACE('',(#1321),#1066,.T.);
#4667=ADVANCED_FACE('',(#1322),#1067,.F.);
#4668=ADVANCED_FACE('',(#1323),#1068,.F.);
#4669=ADVANCED_FACE('',(#1324),#15,.T.);
#4670=ADVANCED_FACE('',(#1325),#1069,.F.);
#4671=ADVANCED_FACE('',(#1326),#16,.T.);
#4672=ADVANCED_FACE('',(#1327),#17,.T.);
#4673=ADVANCED_FACE('',(#1328),#1070,.F.);
#4674=ADVANCED_FACE('',(#1329),#18,.T.);
#4675=ADVANCED_FACE('',(#1330),#1071,.F.);
#4676=ADVANCED_FACE('',(#1331),#54,.F.);
#4677=ADVANCED_FACE('',(#1332),#159,.F.);
#4678=ADVANCED_FACE('',(#1333),#55,.F.);
#4679=ADVANCED_FACE('',(#1334),#56,.F.);
#4680=ADVANCED_FACE('',(#1335),#160,.F.);
#4681=ADVANCED_FACE('',(#1336),#161,.F.);
#4682=ADVANCED_FACE('',(#1337),#162,.F.);
#4683=ADVANCED_FACE('',(#1338),#163,.F.);
#4684=ADVANCED_FACE('',(#1339),#164,.F.);
#4685=ADVANCED_FACE('',(#1340),#1072,.F.);
#4686=ADVANCED_FACE('',(#1341),#165,.F.);
#4687=ADVANCED_FACE('',(#1342),#1073,.T.);
#4688=ADVANCED_FACE('',(#1343),#166,.T.);
#4689=ADVANCED_FACE('',(#1344),#167,.T.);
#4690=ADVANCED_FACE('',(#1345),#1074,.T.);
#4691=ADVANCED_FACE('',(#1346),#168,.T.);
#4692=ADVANCED_FACE('',(#1347),#1075,.T.);
#4693=ADVANCED_FACE('',(#1348),#169,.T.);
#4694=ADVANCED_FACE('',(#1349),#1076,.T.);
#4695=ADVANCED_FACE('',(#1350),#170,.T.);
#4696=CLOSED_SHELL('',(#4422,#4423,#4424,#4425,#4426,#4427,#4428,#4429,
#4430,#4431,#4432,#4433,#4434,#4435,#4436,#4437,#4438,#4439,#4440,#4441,
#4442,#4443,#4444,#4445,#4446,#4447,#4448,#4449,#4450,#4451,#4452,#4453,
#4454,#4455,#4456,#4457,#4458,#4459,#4460,#4461,#4462,#4463,#4464,#4465,
#4466,#4467,#4468,#4469,#4470,#4471,#4472,#4473,#4474,#4475,#4476,#4477,
#4478,#4479,#4480,#4481,#4482,#4483,#4484,#4485,#4486,#4487,#4488,#4489,
#4490,#4491,#4492,#4493,#4494,#4495,#4496,#4497,#4498,#4499,#4500,#4501,
#4502,#4503,#4504,#4505,#4506,#4507,#4508,#4509,#4510,#4511,#4512,#4513,
#4514,#4515,#4516,#4517,#4518,#4519,#4520,#4521,#4522,#4523,#4524,#4525,
#4526,#4527,#4528,#4529,#4530,#4531,#4532,#4533,#4534,#4535,#4536,#4537,
#4538,#4539,#4540,#4541,#4542,#4543,#4544,#4545,#4546,#4547,#4548,#4549,
#4550,#4551,#4552,#4553,#4554,#4555,#4556,#4557,#4558,#4559,#4560,#4561,
#4562,#4563,#4564,#4565,#4566,#4567,#4568,#4569,#4570,#4571,#4572,#4573,
#4574,#4575,#4576,#4577,#4578,#4579,#4580,#4581,#4582,#4583,#4584,#4585,
#4586,#4587,#4588,#4589,#4590,#4591,#4592,#4593,#4594,#4595,#4596,#4597,
#4598,#4599,#4600,#4601,#4602,#4603,#4604,#4605,#4606,#4607,#4608,#4609,
#4610,#4611,#4612,#4613,#4614,#4615,#4616,#4617,#4618,#4619,#4620,#4621,
#4622,#4623,#4624,#4625,#4626,#4627,#4628,#4629,#4630,#4631,#4632,#4633,
#4634,#4635,#4636,#4637,#4638,#4639,#4640,#4641,#4642,#4643,#4644,#4645,
#4646,#4647,#4648,#4649,#4650,#4651,#4652,#4653,#4654,#4655,#4656,#4657,
#4658,#4659,#4660,#4661,#4662,#4663,#4664,#4665,#4666,#4667,#4668,#4669,
#4670,#4671,#4672,#4673,#4674,#4675,#4676,#4677,#4678,#4679,#4680,#4681,
#4682,#4683,#4684,#4685,#4686,#4687,#4688,#4689,#4690,#4691,#4692,#4693,
#4694,#4695));
#4697=DERIVED_UNIT_ELEMENT(#4699,1.);
#4698=DERIVED_UNIT_ELEMENT(#9324,-3.);
#4699=(
MASS_UNIT()
NAMED_UNIT(*)
SI_UNIT(.KILO.,.GRAM.)
);
#4700=DERIVED_UNIT((#4697,#4698));
#4701=MEASURE_REPRESENTATION_ITEM('density measure',
POSITIVE_RATIO_MEASURE(7850.),#4700);
#4702=PROPERTY_DEFINITION_REPRESENTATION(#4707,#4704);
#4703=PROPERTY_DEFINITION_REPRESENTATION(#4708,#4705);
#4704=REPRESENTATION('material name',(#4706),#9321);
#4705=REPRESENTATION('density',(#4701),#9321);
#4706=DESCRIPTIVE_REPRESENTATION_ITEM('Steel','Steel');
#4707=PROPERTY_DEFINITION('material property','material name',#9331);
#4708=PROPERTY_DEFINITION('material property','density of part',#9331);
#4709=AXIS2_PLACEMENT_3D('',#6423,#5154,#5155);
#4710=AXIS2_PLACEMENT_3D('',#6466,#5156,#5157);
#4711=AXIS2_PLACEMENT_3D('',#6477,#5158,#5159);
#4712=AXIS2_PLACEMENT_3D('',#6549,#5160,#5161);
#4713=AXIS2_PLACEMENT_3D('',#6554,#5162,#5163);
#4714=AXIS2_PLACEMENT_3D('',#6557,#5164,#5165);
#4715=AXIS2_PLACEMENT_3D('',#6560,#5168,#5169);
#4716=AXIS2_PLACEMENT_3D('',#6562,#5170,#5171);
#4717=AXIS2_PLACEMENT_3D('',#6566,#5173,#5174);
#4718=AXIS2_PLACEMENT_3D('',#6580,#5175,#5176);
#4719=AXIS2_PLACEMENT_3D('',#6618,#5177,#5178);
#4720=AXIS2_PLACEMENT_3D('',#6628,#5179,#5180);
#4721=AXIS2_PLACEMENT_3D('',#6699,#5181,#5182);
#4722=AXIS2_PLACEMENT_3D('',#6704,#5183,#5184);
#4723=AXIS2_PLACEMENT_3D('',#6707,#5185,#5186);
#4724=AXIS2_PLACEMENT_3D('',#6710,#5189,#5190);
#4725=AXIS2_PLACEMENT_3D('',#6714,#5192,#5193);
#4726=AXIS2_PLACEMENT_3D('',#6718,#5195,#5196);
#4727=AXIS2_PLACEMENT_3D('',#6721,#5199,#5200);
#4728=AXIS2_PLACEMENT_3D('',#6760,#5202,#5203);
#4729=AXIS2_PLACEMENT_3D('',#6770,#5204,#5205);
#4730=AXIS2_PLACEMENT_3D('',#6837,#5206,#5207);
#4731=AXIS2_PLACEMENT_3D('',#6846,#5208,#5209);
#4732=AXIS2_PLACEMENT_3D('',#6849,#5210,#5211);
#4733=AXIS2_PLACEMENT_3D('',#6852,#5214,#5215);
#4734=AXIS2_PLACEMENT_3D('',#6862,#5220,#5221);
#4735=AXIS2_PLACEMENT_3D('',#6865,#5223,#5224);
#4736=AXIS2_PLACEMENT_3D('',#6866,#5225,#5226);
#4737=AXIS2_PLACEMENT_3D('',#6917,#5228,#5229);
#4738=AXIS2_PLACEMENT_3D('',#6926,#5230,#5231);
#4739=AXIS2_PLACEMENT_3D('',#6985,#5232,#5233);
#4740=AXIS2_PLACEMENT_3D('',#6990,#5234,#5235);
#4741=AXIS2_PLACEMENT_3D('',#6992,#5236,#5237);
#4742=AXIS2_PLACEMENT_3D('',#6994,#5239,#5240);
#4743=AXIS2_PLACEMENT_3D('',#6996,#5241,#5242);
#4744=AXIS2_PLACEMENT_3D('',#7000,#5244,#5245);
#4745=AXIS2_PLACEMENT_3D('',#7014,#5246,#5247);
#4746=AXIS2_PLACEMENT_3D('',#7015,#5248,#5249);
#4747=AXIS2_PLACEMENT_3D('',#7016,#5250,#5251);
#4748=AXIS2_PLACEMENT_3D('',#7017,#5252,#5253);
#4749=AXIS2_PLACEMENT_3D('',#7021,#5255,#5256);
#4750=AXIS2_PLACEMENT_3D('',#7025,#5258,#5259);
#4751=AXIS2_PLACEMENT_3D('',#7065,#5265,#5266);
#4752=AXIS2_PLACEMENT_3D('',#7069,#5268,#5269);
#4753=AXIS2_PLACEMENT_3D('',#7109,#5272,#5273);
#4754=AXIS2_PLACEMENT_3D('',#7118,#5274,#5275);
#4755=AXIS2_PLACEMENT_3D('',#7182,#5276,#5277);
#4756=AXIS2_PLACEMENT_3D('',#7187,#5278,#5279);
#4757=AXIS2_PLACEMENT_3D('',#7190,#5280,#5281);
#4758=AXIS2_PLACEMENT_3D('',#7193,#5284,#5285);
#4759=AXIS2_PLACEMENT_3D('',#7195,#5286,#5287);
#4760=AXIS2_PLACEMENT_3D('',#7199,#5289,#5290);
#4761=AXIS2_PLACEMENT_3D('',#7213,#5291,#5292);
#4762=AXIS2_PLACEMENT_3D('',#7250,#5293,#5294);
#4763=AXIS2_PLACEMENT_3D('',#7260,#5295,#5296);
#4764=AXIS2_PLACEMENT_3D('',#7320,#5297,#5298);
#4765=AXIS2_PLACEMENT_3D('',#7329,#5299,#5300);
#4766=AXIS2_PLACEMENT_3D('',#7332,#5301,#5302);
#4767=AXIS2_PLACEMENT_3D('',#7335,#5305,#5306);
#4768=AXIS2_PLACEMENT_3D('',#7339,#5308,#5309);
#4769=AXIS2_PLACEMENT_3D('',#7346,#5314,#5315);
#4770=AXIS2_PLACEMENT_3D('',#7389,#5316,#5317);
#4771=AXIS2_PLACEMENT_3D('',#7399,#5318,#5319);
#4772=AXIS2_PLACEMENT_3D('',#7464,#5320,#5321);
#4773=AXIS2_PLACEMENT_3D('',#7469,#5322,#5323);
#4774=AXIS2_PLACEMENT_3D('',#7472,#5324,#5325);
#4775=AXIS2_PLACEMENT_3D('',#7475,#5328,#5329);
#4776=AXIS2_PLACEMENT_3D('',#7477,#5330,#5331);
#4777=AXIS2_PLACEMENT_3D('',#7480,#5333,#5334);
#4778=AXIS2_PLACEMENT_3D('',#7517,#5335,#5336);
#4779=AXIS2_PLACEMENT_3D('',#7527,#5337,#5338);
#4780=AXIS2_PLACEMENT_3D('',#7587,#5339,#5340);
#4781=AXIS2_PLACEMENT_3D('',#7596,#5341,#5342);
#4782=AXIS2_PLACEMENT_3D('',#7599,#5343,#5344);
#4783=AXIS2_PLACEMENT_3D('',#7602,#5347,#5348);
#4784=AXIS2_PLACEMENT_3D('',#7610,#5352,#5353);
#4785=AXIS2_PLACEMENT_3D('',#7613,#5356,#5357);
#4786=AXIS2_PLACEMENT_3D('',#7614,#5358,#5359);
#4787=AXIS2_PLACEMENT_3D('',#7632,#5361,#5362);
#4788=AXIS2_PLACEMENT_3D('',#7634,#5364,#5365);
#4789=AXIS2_PLACEMENT_3D('',#7636,#5366,#5367);
#4790=AXIS2_PLACEMENT_3D('',#7640,#5369,#5370);
#4791=AXIS2_PLACEMENT_3D('',#7644,#5373,#5374);
#4792=AXIS2_PLACEMENT_3D('',#7646,#5375,#5376);
#4793=AXIS2_PLACEMENT_3D('',#7650,#5378,#5379);
#4794=AXIS2_PLACEMENT_3D('',#7679,#5381,#5382);
#4795=AXIS2_PLACEMENT_3D('',#7680,#5383,#5384);
#4796=AXIS2_PLACEMENT_3D('',#7681,#5385,#5386);
#4797=AXIS2_PLACEMENT_3D('',#7714,#5387,#5388);
#4798=AXIS2_PLACEMENT_3D('',#7754,#5389,#5390);
#4799=AXIS2_PLACEMENT_3D('',#7755,#5391,#5392);
#4800=AXIS2_PLACEMENT_3D('',#7756,#5393,#5394);
#4801=AXIS2_PLACEMENT_3D('',#7757,#5395,#5396);
#4802=AXIS2_PLACEMENT_3D('',#7760,#5397,#5398);
#4803=AXIS2_PLACEMENT_3D('',#7765,#5401,#5402);
#4804=AXIS2_PLACEMENT_3D('',#7778,#5403,#5404);
#4805=AXIS2_PLACEMENT_3D('',#7782,#5407,#5408);
#4806=AXIS2_PLACEMENT_3D('',#7784,#5410,#5411);
#4807=AXIS2_PLACEMENT_3D('',#7785,#5412,#5413);
#4808=AXIS2_PLACEMENT_3D('',#7786,#5414,#5415);
#4809=AXIS2_PLACEMENT_3D('',#7788,#5417,#5418);
#4810=AXIS2_PLACEMENT_3D('',#7794,#5422,#5423);
#4811=AXIS2_PLACEMENT_3D('',#7797,#5425,#5426);
#4812=AXIS2_PLACEMENT_3D('',#7798,#5427,#5428);
#4813=AXIS2_PLACEMENT_3D('',#7801,#5429,#5430);
#4814=AXIS2_PLACEMENT_3D('',#7833,#5432,#5433);
#4815=AXIS2_PLACEMENT_3D('',#7896,#5435,#5436);
#4816=AXIS2_PLACEMENT_3D('',#7899,#5437,#5438);
#4817=AXIS2_PLACEMENT_3D('',#7900,#5439,#5440);
#4818=AXIS2_PLACEMENT_3D('',#7901,#5441,#5442);
#4819=AXIS2_PLACEMENT_3D('',#7902,#5443,#5444);
#4820=AXIS2_PLACEMENT_3D('',#7906,#5446,#5447);
#4821=AXIS2_PLACEMENT_3D('',#7997,#5449,#5450);
#4822=AXIS2_PLACEMENT_3D('',#7998,#5451,#5452);
#4823=AXIS2_PLACEMENT_3D('',#7999,#5453,#5454);
#4824=AXIS2_PLACEMENT_3D('',#8000,#5455,#5456);
#4825=AXIS2_PLACEMENT_3D('',#8001,#5457,#5458);
#4826=AXIS2_PLACEMENT_3D('',#8002,#5459,#5460);
#4827=AXIS2_PLACEMENT_3D('',#8003,#5461,#5462);
#4828=AXIS2_PLACEMENT_3D('',#8005,#5463,#5464);
#4829=AXIS2_PLACEMENT_3D('',#8009,#5466,#5467);
#4830=AXIS2_PLACEMENT_3D('',#8026,#5470,#5471);
#4831=AXIS2_PLACEMENT_3D('',#8030,#5473,#5474);
#4832=AXIS2_PLACEMENT_3D('',#8047,#5477,#5478);
#4833=AXIS2_PLACEMENT_3D('',#8050,#5480,#5481);
#4834=AXIS2_PLACEMENT_3D('',#8053,#5484,#5485);
#4835=AXIS2_PLACEMENT_3D('',#8055,#5487,#5488);
#4836=AXIS2_PLACEMENT_3D('',#8070,#5490,#5491);
#4837=AXIS2_PLACEMENT_3D('',#8071,#5492,#5493);
#4838=AXIS2_PLACEMENT_3D('',#8073,#5495,#5496);
#4839=AXIS2_PLACEMENT_3D('',#8074,#5497,#5498);
#4840=AXIS2_PLACEMENT_3D('',#8075,#5499,#5500);
#4841=AXIS2_PLACEMENT_3D('',#8077,#5502,#5503);
#4842=AXIS2_PLACEMENT_3D('',#8079,#5505,#5506);
#4843=AXIS2_PLACEMENT_3D('',#8081,#5508,#5509);
#4844=AXIS2_PLACEMENT_3D('',#8083,#5511,#5512);
#4845=AXIS2_PLACEMENT_3D('',#8085,#5514,#5515);
#4846=AXIS2_PLACEMENT_3D('',#8089,#5517,#5518);
#4847=AXIS2_PLACEMENT_3D('',#8091,#5520,#5521);
#4848=AXIS2_PLACEMENT_3D('',#8095,#5524,#5525);
#4849=AXIS2_PLACEMENT_3D('',#8097,#5526,#5527);
#4850=AXIS2_PLACEMENT_3D('',#8099,#5529,#5530);
#4851=AXIS2_PLACEMENT_3D('',#8103,#5532,#5533);
#4852=AXIS2_PLACEMENT_3D('',#8105,#5535,#5536);
#4853=AXIS2_PLACEMENT_3D('',#8107,#5538,#5539);
#4854=AXIS2_PLACEMENT_3D('',#8125,#5541,#5542);
#4855=AXIS2_PLACEMENT_3D('',#8127,#5544,#5545);
#4856=AXIS2_PLACEMENT_3D('',#8128,#5546,#5547);
#4857=AXIS2_PLACEMENT_3D('',#8130,#5548,#5549);
#4858=AXIS2_PLACEMENT_3D('',#8133,#5551,#5552);
#4859=AXIS2_PLACEMENT_3D('',#8134,#5553,#5554);
#4860=AXIS2_PLACEMENT_3D('',#8139,#5558,#5559);
#4861=AXIS2_PLACEMENT_3D('',#8141,#5560,#5561);
#4862=AXIS2_PLACEMENT_3D('',#8143,#5563,#5564);
#4863=AXIS2_PLACEMENT_3D('',#8147,#5567,#5568);
#4864=AXIS2_PLACEMENT_3D('',#8149,#5569,#5570);
#4865=AXIS2_PLACEMENT_3D('',#8151,#5572,#5573);
#4866=AXIS2_PLACEMENT_3D('',#8155,#5575,#5576);
#4867=AXIS2_PLACEMENT_3D('',#8157,#5578,#5579);
#4868=AXIS2_PLACEMENT_3D('',#8159,#5581,#5582);
#4869=AXIS2_PLACEMENT_3D('',#8177,#5584,#5585);
#4870=AXIS2_PLACEMENT_3D('',#8179,#5587,#5588);
#4871=AXIS2_PLACEMENT_3D('',#8181,#5590,#5591);
#4872=AXIS2_PLACEMENT_3D('',#8182,#5592,#5593);
#4873=AXIS2_PLACEMENT_3D('',#8184,#5594,#5595);
#4874=AXIS2_PLACEMENT_3D('',#8187,#5597,#5598);
#4875=AXIS2_PLACEMENT_3D('',#8188,#5599,#5600);
#4876=AXIS2_PLACEMENT_3D('',#8189,#5601,#5602);
#4877=AXIS2_PLACEMENT_3D('',#8190,#5603,#5604);
#4878=AXIS2_PLACEMENT_3D('',#8192,#5606,#5607);
#4879=AXIS2_PLACEMENT_3D('',#8193,#5608,#5609);
#4880=AXIS2_PLACEMENT_3D('',#8194,#5610,#5611);
#4881=AXIS2_PLACEMENT_3D('',#8197,#5613,#5614);
#4882=AXIS2_PLACEMENT_3D('',#8198,#5615,#5616);
#4883=AXIS2_PLACEMENT_3D('',#8202,#5619,#5620);
#4884=AXIS2_PLACEMENT_3D('',#8206,#5623,#5624);
#4885=AXIS2_PLACEMENT_3D('',#8207,#5625,#5626);
#4886=AXIS2_PLACEMENT_3D('',#8208,#5627,#5628);
#4887=AXIS2_PLACEMENT_3D('',#8209,#5629,#5630);
#4888=AXIS2_PLACEMENT_3D('',#8211,#5632,#5633);
#4889=AXIS2_PLACEMENT_3D('',#8217,#5637,#5638);
#4890=AXIS2_PLACEMENT_3D('',#8218,#5639,#5640);
#4891=AXIS2_PLACEMENT_3D('',#8220,#5641,#5642);
#4892=AXIS2_PLACEMENT_3D('',#8223,#5644,#5645);
#4893=AXIS2_PLACEMENT_3D('',#8224,#5646,#5647);
#4894=AXIS2_PLACEMENT_3D('',#8225,#5648,#5649);
#4895=AXIS2_PLACEMENT_3D('',#8226,#5650,#5651);
#4896=AXIS2_PLACEMENT_3D('',#8229,#5653,#5654);
#4897=AXIS2_PLACEMENT_3D('',#8230,#5655,#5656);
#4898=AXIS2_PLACEMENT_3D('',#8238,#5661,#5662);
#4899=AXIS2_PLACEMENT_3D('',#8240,#5663,#5664);
#4900=AXIS2_PLACEMENT_3D('',#8244,#5666,#5667);
#4901=AXIS2_PLACEMENT_3D('',#8248,#5669,#5670);
#4902=AXIS2_PLACEMENT_3D('',#8251,#5672,#5673);
#4903=AXIS2_PLACEMENT_3D('',#8252,#5674,#5675);
#4904=AXIS2_PLACEMENT_3D('',#8253,#5676,#5677);
#4905=AXIS2_PLACEMENT_3D('',#8254,#5678,#5679);
#4906=AXIS2_PLACEMENT_3D('',#8258,#5681,#5682);
#4907=AXIS2_PLACEMENT_3D('',#8262,#5684,#5685);
#4908=AXIS2_PLACEMENT_3D('',#8266,#5687,#5688);
#4909=AXIS2_PLACEMENT_3D('',#8269,#5690,#5691);
#4910=AXIS2_PLACEMENT_3D('',#8270,#5692,#5693);
#4911=AXIS2_PLACEMENT_3D('',#8278,#5698,#5699);
#4912=AXIS2_PLACEMENT_3D('',#8279,#5700,#5701);
#4913=AXIS2_PLACEMENT_3D('',#8282,#5702,#5703);
#4914=AXIS2_PLACEMENT_3D('',#8323,#5709,#5710);
#4915=AXIS2_PLACEMENT_3D('',#8327,#5713,#5714);
#4916=AXIS2_PLACEMENT_3D('',#8331,#5716,#5717);
#4917=AXIS2_PLACEMENT_3D('',#8332,#5718,#5719);
#4918=AXIS2_PLACEMENT_3D('',#8333,#5720,#5721);
#4919=AXIS2_PLACEMENT_3D('',#8339,#5725,#5726);
#4920=AXIS2_PLACEMENT_3D('',#8340,#5727,#5728);
#4921=AXIS2_PLACEMENT_3D('',#8341,#5729,#5730);
#4922=AXIS2_PLACEMENT_3D('',#8342,#5731,#5732);
#4923=AXIS2_PLACEMENT_3D('',#8346,#5734,#5735);
#4924=AXIS2_PLACEMENT_3D('',#8347,#5736,#5737);
#4925=AXIS2_PLACEMENT_3D('',#8348,#5738,#5739);
#4926=AXIS2_PLACEMENT_3D('',#8411,#5744,#5745);
#4927=AXIS2_PLACEMENT_3D('',#8420,#5750,#5751);
#4928=AXIS2_PLACEMENT_3D('',#8426,#5752,#5753);
#4929=AXIS2_PLACEMENT_3D('',#8427,#5754,#5755);
#4930=AXIS2_PLACEMENT_3D('',#8452,#5756,#5757);
#4931=AXIS2_PLACEMENT_3D('',#8454,#5758,#5759);
#4932=AXIS2_PLACEMENT_3D('',#8456,#5761,#5762);
#4933=AXIS2_PLACEMENT_3D('',#8458,#5764,#5765);
#4934=AXIS2_PLACEMENT_3D('',#8464,#5769,#5770);
#4935=AXIS2_PLACEMENT_3D('',#8472,#5774,#5775);
#4936=AXIS2_PLACEMENT_3D('',#8474,#5776,#5777);
#4937=AXIS2_PLACEMENT_3D('',#8478,#5779,#5780);
#4938=AXIS2_PLACEMENT_3D('',#8482,#5782,#5783);
#4939=AXIS2_PLACEMENT_3D('',#8486,#5785,#5786);
#4940=AXIS2_PLACEMENT_3D('',#8490,#5788,#5789);
#4941=AXIS2_PLACEMENT_3D('',#8494,#5791,#5792);
#4942=AXIS2_PLACEMENT_3D('',#8498,#5794,#5795);
#4943=AXIS2_PLACEMENT_3D('',#8502,#5797,#5798);
#4944=AXIS2_PLACEMENT_3D('',#8506,#5800,#5801);
#4945=AXIS2_PLACEMENT_3D('',#8510,#5803,#5804);
#4946=AXIS2_PLACEMENT_3D('',#8514,#5806,#5807);
#4947=AXIS2_PLACEMENT_3D('',#8517,#5809,#5810);
#4948=AXIS2_PLACEMENT_3D('',#8518,#5811,#5812);
#4949=AXIS2_PLACEMENT_3D('',#8525,#5814,#5815);
#4950=AXIS2_PLACEMENT_3D('',#8526,#5816,#5817);
#4951=AXIS2_PLACEMENT_3D('',#8557,#5821,#5822);
#4952=AXIS2_PLACEMENT_3D('',#8586,#5825,#5826);
#4953=AXIS2_PLACEMENT_3D('',#8588,#5828,#5829);
#4954=AXIS2_PLACEMENT_3D('',#8594,#5833,#5834);
#4955=AXIS2_PLACEMENT_3D('',#8599,#5835,#5836);
#4956=AXIS2_PLACEMENT_3D('',#8640,#5837,#5838);
#4957=AXIS2_PLACEMENT_3D('',#8642,#5840,#5841);
#4958=AXIS2_PLACEMENT_3D('',#8644,#5843,#5844);
#4959=AXIS2_PLACEMENT_3D('',#8646,#5846,#5847);
#4960=AXIS2_PLACEMENT_3D('',#8648,#5849,#5850);
#4961=AXIS2_PLACEMENT_3D('',#8650,#5852,#5853);
#4962=AXIS2_PLACEMENT_3D('',#8659,#5858,#5859);
#4963=AXIS2_PLACEMENT_3D('',#8665,#5860,#5861);
#4964=AXIS2_PLACEMENT_3D('',#8666,#5862,#5863);
#4965=AXIS2_PLACEMENT_3D('',#8702,#5866,#5867);
#4966=AXIS2_PLACEMENT_3D('',#8706,#5870,#5871);
#4967=AXIS2_PLACEMENT_3D('',#8708,#5872,#5873);
#4968=AXIS2_PLACEMENT_3D('',#8711,#5875,#5876);
#4969=AXIS2_PLACEMENT_3D('',#8712,#5877,#5878);
#4970=AXIS2_PLACEMENT_3D('',#8751,#5883,#5884);
#4971=AXIS2_PLACEMENT_3D('',#8754,#5885,#5886);
#4972=AXIS2_PLACEMENT_3D('',#8808,#5890,#5891);
#4973=AXIS2_PLACEMENT_3D('',#8810,#5892,#5893);
#4974=AXIS2_PLACEMENT_3D('',#8814,#5895,#5896);
#4975=AXIS2_PLACEMENT_3D('',#8818,#5898,#5899);
#4976=AXIS2_PLACEMENT_3D('',#8822,#5901,#5902);
#4977=AXIS2_PLACEMENT_3D('',#8826,#5904,#5905);
#4978=AXIS2_PLACEMENT_3D('',#8830,#5908,#5909);
#4979=AXIS2_PLACEMENT_3D('',#8839,#5914,#5915);
#4980=AXIS2_PLACEMENT_3D('',#8848,#5918,#5919);
#4981=AXIS2_PLACEMENT_3D('',#8854,#5923,#5924);
#4982=AXIS2_PLACEMENT_3D('',#8860,#5928,#5929);
#4983=AXIS2_PLACEMENT_3D('',#8864,#5931,#5932);
#4984=AXIS2_PLACEMENT_3D('',#8865,#5933,#5934);
#4985=AXIS2_PLACEMENT_3D('',#8866,#5935,#5936);
#4986=AXIS2_PLACEMENT_3D('',#8868,#5937,#5938);
#4987=AXIS2_PLACEMENT_3D('',#8871,#5940,#5941);
#4988=AXIS2_PLACEMENT_3D('',#8872,#5942,#5943);
#4989=AXIS2_PLACEMENT_3D('',#8878,#5947,#5948);
#4990=AXIS2_PLACEMENT_3D('',#8882,#5950,#5951);
#4991=AXIS2_PLACEMENT_3D('',#8883,#5952,#5953);
#4992=AXIS2_PLACEMENT_3D('',#8884,#5954,#5955);
#4993=AXIS2_PLACEMENT_3D('',#8890,#5959,#5960);
#4994=AXIS2_PLACEMENT_3D('',#8894,#5962,#5963);
#4995=AXIS2_PLACEMENT_3D('',#8895,#5964,#5965);
#4996=AXIS2_PLACEMENT_3D('',#8896,#5966,#5967);
#4997=AXIS2_PLACEMENT_3D('',#8902,#5971,#5972);
#4998=AXIS2_PLACEMENT_3D('',#8906,#5974,#5975);
#4999=AXIS2_PLACEMENT_3D('',#8907,#5976,#5977);
#5000=AXIS2_PLACEMENT_3D('',#8908,#5978,#5979);
#5001=AXIS2_PLACEMENT_3D('',#8914,#5983,#5984);
#5002=AXIS2_PLACEMENT_3D('',#8918,#5986,#5987);
#5003=AXIS2_PLACEMENT_3D('',#8919,#5988,#5989);
#5004=AXIS2_PLACEMENT_3D('',#8920,#5990,#5991);
#5005=AXIS2_PLACEMENT_3D('',#8926,#5995,#5996);
#5006=AXIS2_PLACEMENT_3D('',#8928,#5997,#5998);
#5007=AXIS2_PLACEMENT_3D('',#8931,#6000,#6001);
#5008=AXIS2_PLACEMENT_3D('',#8932,#6002,#6003);
#5009=AXIS2_PLACEMENT_3D('',#8938,#6007,#6008);
#5010=AXIS2_PLACEMENT_3D('',#8942,#6010,#6011);
#5011=AXIS2_PLACEMENT_3D('',#8943,#6012,#6013);
#5012=AXIS2_PLACEMENT_3D('',#8944,#6014,#6015);
#5013=AXIS2_PLACEMENT_3D('',#8950,#6019,#6020);
#5014=AXIS2_PLACEMENT_3D('',#8954,#6022,#6023);
#5015=AXIS2_PLACEMENT_3D('',#8955,#6024,#6025);
#5016=AXIS2_PLACEMENT_3D('',#8956,#6026,#6027);
#5017=AXIS2_PLACEMENT_3D('',#8962,#6031,#6032);
#5018=AXIS2_PLACEMENT_3D('',#8966,#6034,#6035);
#5019=AXIS2_PLACEMENT_3D('',#8967,#6036,#6037);
#5020=AXIS2_PLACEMENT_3D('',#8968,#6038,#6039);
#5021=AXIS2_PLACEMENT_3D('',#8974,#6043,#6044);
#5022=AXIS2_PLACEMENT_3D('',#8978,#6046,#6047);
#5023=AXIS2_PLACEMENT_3D('',#8979,#6048,#6049);
#5024=AXIS2_PLACEMENT_3D('',#8980,#6050,#6051);
#5025=AXIS2_PLACEMENT_3D('',#8986,#6055,#6056);
#5026=AXIS2_PLACEMENT_3D('',#8988,#6057,#6058);
#5027=AXIS2_PLACEMENT_3D('',#8991,#6060,#6061);
#5028=AXIS2_PLACEMENT_3D('',#8992,#6062,#6063);
#5029=AXIS2_PLACEMENT_3D('',#8998,#6067,#6068);
#5030=AXIS2_PLACEMENT_3D('',#9001,#6070,#6071);
#5031=AXIS2_PLACEMENT_3D('',#9002,#6072,#6073);
#5032=AXIS2_PLACEMENT_3D('',#9003,#6074,#6075);
#5033=AXIS2_PLACEMENT_3D('',#9007,#6078,#6079);
#5034=AXIS2_PLACEMENT_3D('',#9011,#6081,#6082);
#5035=AXIS2_PLACEMENT_3D('',#9012,#6083,#6084);
#5036=AXIS2_PLACEMENT_3D('',#9013,#6085,#6086);
#5037=AXIS2_PLACEMENT_3D('',#9019,#6090,#6091);
#5038=AXIS2_PLACEMENT_3D('',#9023,#6093,#6094);
#5039=AXIS2_PLACEMENT_3D('',#9024,#6095,#6096);
#5040=AXIS2_PLACEMENT_3D('',#9025,#6097,#6098);
#5041=AXIS2_PLACEMENT_3D('',#9031,#6102,#6103);
#5042=AXIS2_PLACEMENT_3D('',#9035,#6105,#6106);
#5043=AXIS2_PLACEMENT_3D('',#9036,#6107,#6108);
#5044=AXIS2_PLACEMENT_3D('',#9037,#6109,#6110);
#5045=AXIS2_PLACEMENT_3D('',#9043,#6114,#6115);
#5046=AXIS2_PLACEMENT_3D('',#9045,#6116,#6117);
#5047=AXIS2_PLACEMENT_3D('',#9048,#6119,#6120);
#5048=AXIS2_PLACEMENT_3D('',#9049,#6121,#6122);
#5049=AXIS2_PLACEMENT_3D('',#9055,#6126,#6127);
#5050=AXIS2_PLACEMENT_3D('',#9059,#6129,#6130);
#5051=AXIS2_PLACEMENT_3D('',#9060,#6131,#6132);
#5052=AXIS2_PLACEMENT_3D('',#9061,#6133,#6134);
#5053=AXIS2_PLACEMENT_3D('',#9067,#6138,#6139);
#5054=AXIS2_PLACEMENT_3D('',#9071,#6141,#6142);
#5055=AXIS2_PLACEMENT_3D('',#9072,#6143,#6144);
#5056=AXIS2_PLACEMENT_3D('',#9073,#6145,#6146);
#5057=AXIS2_PLACEMENT_3D('',#9079,#6150,#6151);
#5058=AXIS2_PLACEMENT_3D('',#9080,#6152,#6153);
#5059=AXIS2_PLACEMENT_3D('',#9081,#6154,#6155);
#5060=AXIS2_PLACEMENT_3D('',#9082,#6156,#6157);
#5061=AXIS2_PLACEMENT_3D('',#9085,#6160,#6161);
#5062=AXIS2_PLACEMENT_3D('',#9087,#6163,#6164);
#5063=AXIS2_PLACEMENT_3D('',#9089,#6166,#6167);
#5064=AXIS2_PLACEMENT_3D('',#9091,#6169,#6170);
#5065=AXIS2_PLACEMENT_3D('',#9092,#6171,#6172);
#5066=AXIS2_PLACEMENT_3D('',#9094,#6174,#6175);
#5067=AXIS2_PLACEMENT_3D('',#9097,#6178,#6179);
#5068=AXIS2_PLACEMENT_3D('',#9099,#6181,#6182);
#5069=AXIS2_PLACEMENT_3D('',#9102,#6185,#6186);
#5070=AXIS2_PLACEMENT_3D('',#9104,#6188,#6189);
#5071=AXIS2_PLACEMENT_3D('',#9106,#6191,#6192);
#5072=AXIS2_PLACEMENT_3D('',#9108,#6194,#6195);
#5073=AXIS2_PLACEMENT_3D('',#9110,#6197,#6198);
#5074=AXIS2_PLACEMENT_3D('',#9112,#6200,#6201);
#5075=AXIS2_PLACEMENT_3D('',#9114,#6203,#6204);
#5076=AXIS2_PLACEMENT_3D('',#9116,#6206,#6207);
#5077=AXIS2_PLACEMENT_3D('',#9118,#6209,#6210);
#5078=AXIS2_PLACEMENT_3D('',#9120,#6212,#6213);
#5079=AXIS2_PLACEMENT_3D('',#9122,#6215,#6216);
#5080=AXIS2_PLACEMENT_3D('',#9129,#6221,#6222);
#5081=AXIS2_PLACEMENT_3D('',#9132,#6223,#6224);
#5082=AXIS2_PLACEMENT_3D('',#9136,#6226,#6227);
#5083=AXIS2_PLACEMENT_3D('',#9140,#6229,#6230);
#5084=AXIS2_PLACEMENT_3D('',#9144,#6232,#6233);
#5085=AXIS2_PLACEMENT_3D('',#9146,#6235,#6236);
#5086=AXIS2_PLACEMENT_3D('',#9148,#6238,#6239);
#5087=AXIS2_PLACEMENT_3D('',#9150,#6241,#6242);
#5088=AXIS2_PLACEMENT_3D('',#9152,#6243,#6244);
#5089=AXIS2_PLACEMENT_3D('',#9154,#6246,#6247);
#5090=AXIS2_PLACEMENT_3D('',#9158,#6250,#6251);
#5091=AXIS2_PLACEMENT_3D('',#9161,#6253,#6254);
#5092=AXIS2_PLACEMENT_3D('',#9162,#6255,#6256);
#5093=AXIS2_PLACEMENT_3D('',#9166,#6258,#6259);
#5094=AXIS2_PLACEMENT_3D('',#9169,#6261,#6262);
#5095=AXIS2_PLACEMENT_3D('',#9170,#6263,#6264);
#5096=AXIS2_PLACEMENT_3D('',#9172,#6266,#6267);
#5097=AXIS2_PLACEMENT_3D('',#9175,#6270,#6271);
#5098=AXIS2_PLACEMENT_3D('',#9176,#6272,#6273);
#5099=AXIS2_PLACEMENT_3D('',#9179,#6276,#6277);
#5100=AXIS2_PLACEMENT_3D('',#9180,#6278,#6279);
#5101=AXIS2_PLACEMENT_3D('',#9183,#6282,#6283);
#5102=AXIS2_PLACEMENT_3D('',#9185,#6285,#6286);
#5103=AXIS2_PLACEMENT_3D('',#9187,#6288,#6289);
#5104=AXIS2_PLACEMENT_3D('',#9189,#6291,#6292);
#5105=AXIS2_PLACEMENT_3D('',#9192,#6295,#6296);
#5106=AXIS2_PLACEMENT_3D('',#9193,#6297,#6298);
#5107=AXIS2_PLACEMENT_3D('',#9195,#6300,#6301);
#5108=AXIS2_PLACEMENT_3D('',#9202,#6306,#6307);
#5109=AXIS2_PLACEMENT_3D('',#9203,#6308,#6309);
#5110=AXIS2_PLACEMENT_3D('',#9206,#6312,#6313);
#5111=AXIS2_PLACEMENT_3D('',#9208,#6315,#6316);
#5112=AXIS2_PLACEMENT_3D('',#9210,#6318,#6319);
#5113=AXIS2_PLACEMENT_3D('',#9213,#6322,#6323);
#5114=AXIS2_PLACEMENT_3D('',#9215,#6325,#6326);
#5115=AXIS2_PLACEMENT_3D('',#9216,#6327,#6328);
#5116=AXIS2_PLACEMENT_3D('',#9217,#6329,#6330);
#5117=AXIS2_PLACEMENT_3D('',#9218,#6331,#6332);
#5118=AXIS2_PLACEMENT_3D('',#9219,#6333,#6334);
#5119=AXIS2_PLACEMENT_3D('',#9229,#6335,#6336);
#5120=AXIS2_PLACEMENT_3D('',#9230,#6337,#6338);
#5121=AXIS2_PLACEMENT_3D('',#9232,#6339,#6340);
#5122=AXIS2_PLACEMENT_3D('',#9243,#6342,#6343);
#5123=AXIS2_PLACEMENT_3D('',#9254,#6344,#6345);
#5124=AXIS2_PLACEMENT_3D('',#9255,#6346,#6347);
#5125=AXIS2_PLACEMENT_3D('',#9256,#6348,#6349);
#5126=AXIS2_PLACEMENT_3D('',#9257,#6350,#6351);
#5127=AXIS2_PLACEMENT_3D('',#9258,#6352,#6353);
#5128=AXIS2_PLACEMENT_3D('',#9268,#6354,#6355);
#5129=AXIS2_PLACEMENT_3D('',#9269,#6356,#6357);
#5130=AXIS2_PLACEMENT_3D('',#9271,#6359,#6360);
#5131=AXIS2_PLACEMENT_3D('',#9272,#6361,#6362);
#5132=AXIS2_PLACEMENT_3D('',#9274,#6364,#6365);
#5133=AXIS2_PLACEMENT_3D('',#9275,#6366,#6367);
#5134=AXIS2_PLACEMENT_3D('',#9277,#6369,#6370);
#5135=AXIS2_PLACEMENT_3D('',#9278,#6371,#6372);
#5136=AXIS2_PLACEMENT_3D('',#9280,#6374,#6375);
#5137=AXIS2_PLACEMENT_3D('',#9281,#6376,#6377);
#5138=AXIS2_PLACEMENT_3D('',#9282,#6378,#6379);
#5139=AXIS2_PLACEMENT_3D('',#9283,#6380,#6381);
#5140=AXIS2_PLACEMENT_3D('',#9285,#6383,#6384);
#5141=AXIS2_PLACEMENT_3D('',#9286,#6385,#6386);
#5142=AXIS2_PLACEMENT_3D('',#9289,#6387,#6388);
#5143=AXIS2_PLACEMENT_3D('',#9292,#6391,#6392);
#5144=AXIS2_PLACEMENT_3D('',#9296,#6395,#6396);
#5145=AXIS2_PLACEMENT_3D('',#9300,#6398,#6399);
#5146=AXIS2_PLACEMENT_3D('',#9304,#6401,#6402);
#5147=AXIS2_PLACEMENT_3D('',#9307,#6404,#6405);
#5148=AXIS2_PLACEMENT_3D('',#9308,#6406,#6407);
#5149=AXIS2_PLACEMENT_3D('',#9310,#6409,#6410);
#5150=AXIS2_PLACEMENT_3D('',#9312,#6412,#6413);
#5151=AXIS2_PLACEMENT_3D('',#9314,#6415,#6416);
#5152=AXIS2_PLACEMENT_3D('',#9316,#6418,#6419);
#5153=AXIS2_PLACEMENT_3D('',#9318,#6421,#6422);
#5154=DIRECTION('axis',(0.,0.,1.));
#5155=DIRECTION('refdir',(1.,0.,0.));
#5156=DIRECTION('center_axis',(-0.000110708396158866,0.110067306625777,
0.993924129778424));
#5157=DIRECTION('ref_axis',(0.999988438152268,0.00479039793309812,-0.000419105512700872));
#5158=DIRECTION('center_axis',(0.411096706791374,-0.911591738480164,5.78325792639288E-15));
#5159=DIRECTION('ref_axis',(0.,-6.34413156928662E-15,-1.));
#5160=DIRECTION('center_axis',(3.65912239293743E-16,0.087155742747656,0.996194698091746));
#5161=DIRECTION('ref_axis',(0.999992759812485,0.00379082158511932,-0.000331653914147673));
#5162=DIRECTION('center_axis',(-2.21170999604021E-15,-0.0871557427476582,
-0.996194698091746));
#5163=DIRECTION('ref_axis',(0.705760121462062,0.705755011626057,-0.0617455627438891));
#5164=DIRECTION('center_axis',(-0.707106781186548,1.79439138135292E-14,
0.707106781186548));
#5165=DIRECTION('ref_axis',(0.701755757082147,0.122791346617462,0.701755757082144));
#5166=DIRECTION('',(-2.21170999604021E-15,-0.0871557427476582,-0.996194698091746));
#5167=DIRECTION('',(2.21170999604021E-15,0.0871557427476582,0.996194698091746));
#5168=DIRECTION('center_axis',(-2.21170999604021E-15,-0.0871557427476582,
-0.996194698091746));
#5169=DIRECTION('ref_axis',(-0.707106781186553,-0.704416026402753,0.0616284167162192));
#5170=DIRECTION('center_axis',(2.21170999604024E-15,0.0871557427476612,
0.996194698091745));
#5171=DIRECTION('ref_axis',(-1.,2.53765262771465E-14,0.));
#5172=DIRECTION('',(2.21170999604021E-15,0.0871557427476582,0.996194698091746));
#5173=DIRECTION('center_axis',(9.79664723208111E-16,0.675590207615661,-0.737277336810123));
#5174=DIRECTION('ref_axis',(-4.01815609128319E-15,-0.737277336810123,-0.675590207615661));
#5175=DIRECTION('center_axis',(0.707106781186548,-1.79439138135292E-14,
-0.707106781186548));
#5176=DIRECTION('ref_axis',(-0.701755757082147,-0.122791346617461,-0.701755757082144));
#5177=DIRECTION('center_axis',(-0.411096706791409,-0.911591738480148,1.73497737791783E-14));
#5178=DIRECTION('ref_axis',(-0.492784464024803,0.222228945005915,-0.841295291807428));
#5179=DIRECTION('center_axis',(0.000110708396141429,0.110067306625777,0.993924129778424));
#5180=DIRECTION('ref_axis',(2.53765262771464E-14,0.993924135869365,-0.110067307300289));
#5181=DIRECTION('center_axis',(9.00367968990888E-16,0.087155742747656,0.996194698091746));
#5182=DIRECTION('ref_axis',(3.1720657846433E-14,0.996194698091746,-0.087155742747656));
#5183=DIRECTION('center_axis',(-2.21170999604017E-15,-0.0871557427476582,
-0.996194698091746));
#5184=DIRECTION('ref_axis',(-0.705760121462112,0.705755011626008,-0.0617455627438794));
#5185=DIRECTION('center_axis',(0.707106781186548,-1.79439138135289E-14,
0.707106781186548));
#5186=DIRECTION('ref_axis',(-0.701755757082141,0.122791346617497,0.701755757082144));
#5187=DIRECTION('',(-2.21170999604017E-15,-0.0871557427476582,-0.996194698091746));
#5188=DIRECTION('',(2.21170999604017E-15,0.0871557427476582,0.996194698091746));
#5189=DIRECTION('center_axis',(3.09679521432669E-14,0.996194698091746,-0.0871557427476582));
#5190=DIRECTION('ref_axis',(1.,-3.10862446895044E-14,0.));
#5191=DIRECTION('',(0.705757556807954,0.0617457854184272,0.705757556807952));
#5192=DIRECTION('center_axis',(-3.09679521432669E-14,-0.996194698091746,
0.0871557427476582));
#5193=DIRECTION('ref_axis',(-0.67559020761566,-0.0642579539006809,-0.73447177395345));
#5194=DIRECTION('',(1.,-3.10862446895044E-14,0.));
#5195=DIRECTION('center_axis',(-3.09679521432669E-14,-0.996194698091746,
0.0871557427476582));
#5196=DIRECTION('ref_axis',(0.675590207615661,-0.0642579539007224,-0.734471773953446));
#5197=DIRECTION('',(0.70575755680795,-0.061745785418471,-0.705757556807952));
#5198=DIRECTION('',(-1.,3.10862446895044E-14,0.));
#5199=DIRECTION('center_axis',(1.,-3.10862446895044E-14,0.));
#5200=DIRECTION('ref_axis',(2.10817850606944E-14,0.67559020761566,-0.737277336810124));
#5201=DIRECTION('',(1.,-3.10862446895044E-14,0.));
#5202=DIRECTION('center_axis',(-0.411096706791461,-0.911591738480124,1.73497737791779E-14));
#5203=DIRECTION('ref_axis',(-0.49278446402446,0.222228945005794,-0.841295291807661));
#5204=DIRECTION('center_axis',(0.000110708396165656,0.110067306625772,0.993924129778425));
#5205=DIRECTION('ref_axis',(-6.34413156928667E-15,0.993924135869365,-0.110067307300284));
#5206=DIRECTION('center_axis',(-3.36987583363751E-15,0.0871557427476571,
0.996194698091746));
#5207=DIRECTION('ref_axis',(0.,0.996194698091746,-0.0871557427476571));
#5208=DIRECTION('center_axis',(2.76463749505028E-16,-0.0871557427476582,
-0.996194698091746));
#5209=DIRECTION('ref_axis',(-0.70576012146186,0.705755011626258,-0.0617455627439028));
#5210=DIRECTION('center_axis',(0.707106781186548,2.24298922669117E-15,0.707106781186548));
#5211=DIRECTION('ref_axis',(-0.701755757082144,0.122791346617477,0.701755757082144));
#5212=DIRECTION('',(2.76463749505028E-16,-0.0871557427476582,-0.996194698091746));
#5213=DIRECTION('',(-2.76463749505028E-16,0.0871557427476582,0.996194698091746));
#5214=DIRECTION('center_axis',(-1.47466438777462E-15,0.996194698091746,
-0.0871557427476582));
#5215=DIRECTION('ref_axis',(1.,1.48029736616688E-15,0.));
#5216=DIRECTION('',(0.705757556807952,-0.0617457854184481,-0.705757556807952));
#5217=DIRECTION('',(-1.,-1.48029736616688E-15,0.));
#5218=DIRECTION('',(0.,-0.0871557427476582,-0.996194698091746));
#5219=DIRECTION('',(0.705757556807953,0.06174578541845,0.70575755680795));
#5220=DIRECTION('center_axis',(1.47466438777462E-15,-0.996194698091746,
0.0871557427476582));
#5221=DIRECTION('ref_axis',(-0.675590207615662,-0.0642579539007025,-0.734471773953446));
#5222=DIRECTION('',(1.,1.48029736616688E-15,0.));
#5223=DIRECTION('center_axis',(1.47466438777462E-15,-0.996194698091746,
0.0871557427476582));
#5224=DIRECTION('ref_axis',(0.675590207615661,-0.0642579539007007,-0.734471773953447));
#5225=DIRECTION('center_axis',(1.,1.48029736616688E-15,0.));
#5226=DIRECTION('ref_axis',(-1.00389452669973E-15,0.67559020761566,-0.737277336810124));
#5227=DIRECTION('',(1.,1.48029736616688E-15,0.));
#5228=DIRECTION('center_axis',(0.41109670679142,-0.911591738480143,-5.78325792639275E-15));
#5229=DIRECTION('ref_axis',(0.,6.34413156928662E-15,-1.));
#5230=DIRECTION('center_axis',(-0.000110708396164223,0.110067306625765,
0.993924129778426));
#5231=DIRECTION('ref_axis',(0.999988438152265,0.00479039793360564,-0.000419105512751623));
#5232=DIRECTION('center_axis',(-1.84006275240925E-15,0.087155742747656,
0.996194698091746));
#5233=DIRECTION('ref_axis',(0.999992759812483,0.00379082158565224,-0.000331653914192083));
#5234=DIRECTION('center_axis',(0.,-0.0871557427476582,-0.996194698091746));
#5235=DIRECTION('ref_axis',(0.705760121461873,0.705755011626244,-0.0617455627439032));
#5236=DIRECTION('center_axis',(-0.707106781186546,0.,0.707106781186549));
#5237=DIRECTION('ref_axis',(0.701755757082145,0.12279134661748,0.701755757082142));
#5238=DIRECTION('',(0.,0.0871557427476582,0.996194698091746));
#5239=DIRECTION('center_axis',(0.,-0.0871557427476582,-0.996194698091746));
#5240=DIRECTION('ref_axis',(-0.707106781186544,-0.704416026402762,0.0616284167162196));
#5241=DIRECTION('center_axis',(0.,0.087155742747656,0.996194698091746));
#5242=DIRECTION('ref_axis',(-1.,0.,0.));
#5243=DIRECTION('',(0.,0.0871557427476582,0.996194698091746));
#5244=DIRECTION('center_axis',(9.79664723208111E-16,0.675590207615661,-0.737277336810124));
#5245=DIRECTION('ref_axis',(-8.70600486444691E-16,-0.737277336810124,-0.675590207615661));
#5246=DIRECTION('center_axis',(0.707106781186546,0.,-0.707106781186549));
#5247=DIRECTION('ref_axis',(-0.701755757082145,-0.12279134661748,-0.701755757082142));
#5248=DIRECTION('center_axis',(1.,0.,0.));
#5249=DIRECTION('ref_axis',(0.,0.,-1.));
#5250=DIRECTION('center_axis',(1.,0.,0.));
#5251=DIRECTION('ref_axis',(0.,0.675590207615661,-0.737277336810124));
#5252=DIRECTION('center_axis',(0.,0.,1.));
#5253=DIRECTION('ref_axis',(1.,0.,0.));
#5254=DIRECTION('',(1.,-1.45008721583697E-15,0.));
#5255=DIRECTION('center_axis',(0.,0.,-1.));
#5256=DIRECTION('ref_axis',(-0.964301364052793,0.264807249307722,0.));
#5257=DIRECTION('',(0.,1.,0.));
#5258=DIRECTION('center_axis',(0.,0.,-1.));
#5259=DIRECTION('ref_axis',(-0.707106781186548,-0.707106781186548,0.));
#5260=DIRECTION('',(-1.,0.,0.));
#5261=DIRECTION('',(-1.,4.44089209850062E-15,0.));
#5262=DIRECTION('',(-1.,0.,0.));
#5263=DIRECTION('',(-1.,3.70074341541719E-14,0.));
#5264=DIRECTION('',(-1.,0.,0.));
#5265=DIRECTION('center_axis',(0.,0.,-1.));
#5266=DIRECTION('ref_axis',(0.707106781186547,-0.707106781186548,0.));
#5267=DIRECTION('',(5.38731172605E-15,-1.,0.));
#5268=DIRECTION('center_axis',(0.,0.,-1.));
#5269=DIRECTION('ref_axis',(0.964301364052815,0.264807249307644,0.));
#5270=DIRECTION('',(1.,-1.45008721583697E-15,0.));
#5271=DIRECTION('',(1.,-1.45008721583697E-15,0.));
#5272=DIRECTION('center_axis',(0.000110708396152979,-0.110067306625759,
0.993924129778426));
#5273=DIRECTION('ref_axis',(-0.999988438152265,-0.00479039793361835,-0.000419105512764314));
#5274=DIRECTION('center_axis',(-0.411096706791394,0.911591738480155,-5.78325792639283E-15));
#5275=DIRECTION('ref_axis',(0.,-6.34413156928662E-15,-1.));
#5276=DIRECTION('center_axis',(7.34201373964975E-16,-0.087155742747656,
0.996194698091746));
#5277=DIRECTION('ref_axis',(-0.999992759812483,-0.00379082158563955,-0.000331653914192083));
#5278=DIRECTION('center_axis',(3.59402874356536E-15,0.0871557427476582,
-0.996194698091746));
#5279=DIRECTION('ref_axis',(-0.705760121461887,-0.705755011626231,-0.0617455627439043));
#5280=DIRECTION('center_axis',(0.707106781186549,-2.91588599469853E-14,
0.707106781186546));
#5281=DIRECTION('ref_axis',(-0.701755757082148,-0.12279134661745,0.701755757082145));
#5282=DIRECTION('',(3.59402874356536E-15,0.0871557427476582,-0.996194698091746));
#5283=DIRECTION('',(-3.59402874356536E-15,-0.0871557427476582,0.996194698091746));
#5284=DIRECTION('center_axis',(3.59402874356536E-15,0.0871557427476582,
-0.996194698091746));
#5285=DIRECTION('ref_axis',(0.707106781186557,0.704416026402749,0.0616284167162204));
#5286=DIRECTION('center_axis',(-3.31756499406017E-15,-0.087155742747656,
0.996194698091746));
#5287=DIRECTION('ref_axis',(1.,-3.80647894157197E-14,0.));
#5288=DIRECTION('',(-3.59402874356536E-15,-0.0871557427476582,0.996194698091746));
#5289=DIRECTION('center_axis',(0.,-0.675590207615661,-0.737277336810123));
#5290=DIRECTION('ref_axis',(4.88875657772788E-15,0.737277336810123,-0.675590207615661));
#5291=DIRECTION('center_axis',(-0.707106781186549,2.91588599469853E-14,
-0.707106781186546));
#5292=DIRECTION('ref_axis',(0.701755757082147,0.12279134661745,-0.701755757082145));
#5293=DIRECTION('center_axis',(0.411096706791461,0.911591738480124,3.17520633080716E-15));
#5294=DIRECTION('ref_axis',(0.492784464024596,-0.222228945005869,-0.841295291807561));
#5295=DIRECTION('center_axis',(-0.000110708396160186,-0.110067306625779,
0.993924129778424));
#5296=DIRECTION('ref_axis',(-4.44089209850067E-14,-0.993924135869365,-0.11006730730029));
#5297=DIRECTION('center_axis',(-5.02696085826004E-15,-0.0871557427476623,
0.996194698091745));
#5298=DIRECTION('ref_axis',(-3.80647894157196E-14,-0.996194698091745,-0.0871557427476623));
#5299=DIRECTION('center_axis',(3.87049249307029E-15,0.0871557427476582,
-0.996194698091746));
#5300=DIRECTION('ref_axis',(0.70576012146195,-0.705755011626169,-0.0617455627438921));
#5301=DIRECTION('center_axis',(2.78639382384791E-17,0.258819045102521,0.965925826289068));
#5302=DIRECTION('ref_axis',(-1.18299182790797E-14,-0.965925826289068,0.258819045102521));
#5303=DIRECTION('',(3.87049249307029E-15,0.0871557427476582,-0.996194698091746));
#5304=DIRECTION('',(-3.87049249307029E-15,-0.0871557427476582,0.996194698091746));
#5305=DIRECTION('center_axis',(-3.68666096943654E-14,-0.996194698091746,
-0.0871557427476582));
#5306=DIRECTION('ref_axis',(-1.,3.70074341541719E-14,0.));
#5307=DIRECTION('',(-0.705757556807953,-0.0617457854184231,0.705757556807953));
#5308=DIRECTION('center_axis',(3.68666096943654E-14,0.996194698091746,0.0871557427476582));
#5309=DIRECTION('ref_axis',(0.675590207615663,0.0642579539006766,-0.734471773953447));
#5310=DIRECTION('',(-1.,3.70074341541719E-14,0.));
#5311=DIRECTION('',(0.,-0.0871557427476582,0.996194698091746));
#5312=DIRECTION('',(-1.,3.78932228918567E-14,-1.01246116009348E-14));
#5313=DIRECTION('',(1.,-3.70074341541719E-14,0.));
#5314=DIRECTION('center_axis',(-1.,3.70074341541719E-14,0.));
#5315=DIRECTION('ref_axis',(-2.50973631674933E-14,-0.67559020761566,-0.737277336810124));
#5316=DIRECTION('center_axis',(0.000110708396161051,-0.110067306625747,
0.993924129778428));
#5317=DIRECTION('ref_axis',(-0.999988438152262,-0.00479039793437963,-0.000419105512840442));
#5318=DIRECTION('center_axis',(-0.411096706791523,0.911591738480096,1.41745674483708E-14));
#5319=DIRECTION('ref_axis',(-6.34413156928662E-15,1.26882631385732E-14,
-1.));
#5320=DIRECTION('center_axis',(-6.52289237628913E-15,-0.0871557427476612,
0.996194698091745));
#5321=DIRECTION('ref_axis',(-0.99999275981248,-0.00379082158642621,-0.000331653914268212));
#5322=DIRECTION('center_axis',(8.29391248515058E-16,0.0871557427476582,
-0.996194698091746));
#5323=DIRECTION('ref_axis',(-0.70576012146159,-0.705755011626526,-0.0617455627439274));
#5324=DIRECTION('center_axis',(2.78639382384791E-17,0.258819045102521,0.965925826289068));
#5325=DIRECTION('ref_axis',(-2.23557510785758E-15,-0.965925826289068,0.258819045102521));
#5326=DIRECTION('',(8.29391248515057E-16,0.0871557427476582,-0.996194698091746));
#5327=DIRECTION('',(-8.29391248515058E-16,-0.0871557427476582,0.996194698091746));
#5328=DIRECTION('center_axis',(8.29391248515058E-16,0.0871557427476582,
-0.996194698091746));
#5329=DIRECTION('ref_axis',(0.707106781186553,0.704416026402753,0.0616284167162192));
#5330=DIRECTION('center_axis',(-1.10585499802006E-15,-0.087155742747656,
0.996194698091746));
#5331=DIRECTION('ref_axis',(1.,-1.26882631385732E-14,0.));
#5332=DIRECTION('',(-8.29391248515058E-16,-0.0871557427476582,0.996194698091746));
#5333=DIRECTION('center_axis',(-2.78639382384791E-17,-0.258819045102521,
-0.965925826289068));
#5334=DIRECTION('ref_axis',(1.76983029372059E-15,0.965925826289068,-0.258819045102521));
#5335=DIRECTION('center_axis',(0.411096706791514,0.911591738480101,0.));
#5336=DIRECTION('ref_axis',(0.492784464024122,-0.222228945005692,-0.841295291807886));
#5337=DIRECTION('center_axis',(-0.000110708396172267,-0.110067306625747,
0.993924129778428));
#5338=DIRECTION('ref_axis',(-6.34413156928669E-15,-0.993924135869368,-0.110067307300259));
#5339=DIRECTION('center_axis',(2.41457997328686E-15,-0.0871557427476612,
0.996194698091745));
#5340=DIRECTION('ref_axis',(0.,-0.996194698091745,-0.0871557427476612));
#5341=DIRECTION('center_axis',(8.29391248515079E-16,0.0871557427476582,
-0.996194698091746));
#5342=DIRECTION('ref_axis',(0.705760121461599,-0.705755011626517,-0.061745562743927));
#5343=DIRECTION('center_axis',(-0.707106781186548,6.72896768007346E-15,
0.707106781186548));
#5344=DIRECTION('ref_axis',(0.701755757082143,-0.122791346617486,0.701755757082144));
#5345=DIRECTION('',(8.29391248515078E-16,0.0871557427476582,-0.996194698091746));
#5346=DIRECTION('',(-8.29391248515078E-16,-0.0871557427476582,0.996194698091746));
#5347=DIRECTION('center_axis',(-4.42399316332385E-15,-0.996194698091746,
-0.0871557427476582));
#5348=DIRECTION('ref_axis',(-1.,4.44089209850062E-15,0.));
#5349=DIRECTION('',(-1.,4.5449125118976E-15,-1.18895876568235E-15));
#5350=DIRECTION('',(0.,0.0871557427476582,-0.996194698091746));
#5351=DIRECTION('',(-1.,4.44089209850062E-15,0.));
#5352=DIRECTION('center_axis',(4.42399316332385E-15,0.996194698091746,0.0871557427476582));
#5353=DIRECTION('ref_axis',(-0.675590207615658,0.0642579539007049,-0.73447177395345));
#5354=DIRECTION('',(-0.705757556807951,0.0617457854184522,-0.705757556807952));
#5355=DIRECTION('',(1.,-4.44089209850062E-15,0.));
#5356=DIRECTION('center_axis',(-1.,4.44089209850062E-15,0.));
#5357=DIRECTION('ref_axis',(-3.01168358009919E-15,-0.67559020761566,-0.737277336810124));
#5358=DIRECTION('center_axis',(0.559808787677355,0.610924088965578,-0.559808787677354));
#5359=DIRECTION('ref_axis',(0.405375732628556,0.387307663644969,0.828047878493591));
#5360=DIRECTION('',(-0.559808787677355,-0.610924088965578,0.559808787677354));
#5361=DIRECTION('center_axis',(0.,0.,-1.));
#5362=DIRECTION('ref_axis',(0.675590207615661,0.737277336810123,0.));
#5363=DIRECTION('',(0.559808787677355,0.610924088965578,-0.559808787677354));
#5364=DIRECTION('center_axis',(0.,0.675590207615661,0.737277336810123));
#5365=DIRECTION('ref_axis',(1.,0.,0.));
#5366=DIRECTION('center_axis',(0.,-0.675590207615661,-0.737277336810123));
#5367=DIRECTION('ref_axis',(-1.33938536376106E-16,0.737277336810123,-0.675590207615661));
#5368=DIRECTION('',(-1.,0.,0.));
#5369=DIRECTION('center_axis',(0.,-0.675590207615661,-0.737277336810123));
#5370=DIRECTION('ref_axis',(1.0045390228208E-15,0.737277336810124,-0.675590207615661));
#5371=DIRECTION('',(-0.55980878767735,0.61092408896558,-0.559808787677356));
#5372=DIRECTION('',(1.,0.,0.));
#5373=DIRECTION('center_axis',(1.61270520544598E-17,0.0871557427476582,
-0.996194698091746));
#5374=DIRECTION('ref_axis',(0.707106781186541,0.704416026402765,0.061628416716222));
#5375=DIRECTION('center_axis',(-0.707106781186547,1.3084103822365E-16,-0.707106781186548));
#5376=DIRECTION('ref_axis',(0.701755757082144,0.122791346617479,-0.701755757082144));
#5377=DIRECTION('',(1.61270520544598E-17,0.0871557427476582,-0.996194698091746));
#5378=DIRECTION('center_axis',(0.,-0.087155742747658,0.996194698091746));
#5379=DIRECTION('ref_axis',(1.,0.,0.));
#5380=DIRECTION('',(-1.61270520544598E-17,-0.0871557427476582,0.996194698091746));
#5381=DIRECTION('center_axis',(-0.895018614953884,-0.0388739702230332,0.44433151286526));
#5382=DIRECTION('ref_axis',(0.444667627545256,0.,0.895695652000876));
#5383=DIRECTION('center_axis',(0.,0.996194698091746,0.0871557427476582));
#5384=DIRECTION('ref_axis',(-6.08220962969753E-16,0.0871557427476582,-0.996194698091746));
#5385=DIRECTION('center_axis',(-9.46399339813703E-16,-0.995646905317477,
-0.0932053642862447));
#5386=DIRECTION('ref_axis',(-6.50438567017428E-16,0.0932053642862447,-0.995646905317477));
#5387=DIRECTION('center_axis',(-0.89501861495401,0.0388739702235539,-0.444331512864959));
#5388=DIRECTION('ref_axis',(-0.444667627544964,0.,0.895695652001021));
#5389=DIRECTION('center_axis',(-1.10585499802009E-15,0.0871557427476591,
-0.996194698091745));
#5390=DIRECTION('ref_axis',(-1.,-1.26882631385732E-14,0.));
#5391=DIRECTION('center_axis',(0.,0.996194698091746,0.0871557427476582));
#5392=DIRECTION('ref_axis',(-6.08220962969753E-16,0.0871557427476582,-0.996194698091746));
#5393=DIRECTION('center_axis',(-9.46399339813703E-16,-0.995646905317477,
-0.0932053642862447));
#5394=DIRECTION('ref_axis',(-6.50438567017428E-16,0.0932053642862447,-0.995646905317477));
#5395=DIRECTION('center_axis',(-3.06413989034739E-16,-0.0871557427476582,
0.996194698091746));
#5396=DIRECTION('ref_axis',(-0.707106781186542,0.704416026402765,0.0616284167162198));
#5397=DIRECTION('center_axis',(0.,-0.675590207615661,-0.737277336810123));
#5398=DIRECTION('ref_axis',(4.01815609128319E-16,0.737277336810123,-0.675590207615661));
#5399=DIRECTION('',(3.06413989034739E-16,0.0871557427476582,-0.996194698091746));
#5400=DIRECTION('',(-3.06413989034739E-16,-0.0871557427476582,0.996194698091746));
#5401=DIRECTION('center_axis',(0.707106781186548,-2.48597972624938E-15,
-0.707106781186548));
#5402=DIRECTION('ref_axis',(-0.701755757082144,0.122791346617482,-0.701755757082144));
#5403=DIRECTION('center_axis',(0.,-0.996194698091746,-0.0871557427476582));
#5404=DIRECTION('ref_axis',(-1.,0.,0.));
#5405=DIRECTION('',(1.,0.,0.));
#5406=DIRECTION('',(8.29391248515078E-16,0.0871557427476582,-0.996194698091746));
#5407=DIRECTION('center_axis',(-1.,0.,0.));
#5408=DIRECTION('ref_axis',(0.,-0.67559020761566,-0.737277336810124));
#5409=DIRECTION('',(1.,0.,0.));
#5410=DIRECTION('center_axis',(-1.,4.12368552003641E-14,0.));
#5411=DIRECTION('ref_axis',(-2.78480942010144E-14,-0.675590207615658,-0.737277336810126));
#5412=DIRECTION('center_axis',(1.,-9.51619735393012E-15,0.));
#5413=DIRECTION('ref_axis',(-6.43004168428736E-15,-0.675590207615661,-0.737277336810124));
#5414=DIRECTION('center_axis',(0.,-0.996194698091746,-0.0871557427476582));
#5415=DIRECTION('ref_axis',(-1.,0.,0.));
#5416=DIRECTION('',(-1.,0.,0.));
#5417=DIRECTION('center_axis',(0.,0.675590207615661,0.737277336810123));
#5418=DIRECTION('ref_axis',(1.,0.,0.));
#5419=DIRECTION('',(-0.559808787677353,0.610924088965579,-0.559808787677355));
#5420=DIRECTION('',(1.,0.,0.));
#5421=DIRECTION('',(-0.55980878767737,-0.61092408896557,0.559808787677347));
#5422=DIRECTION('center_axis',(-0.559808787677353,0.610924088965579,-0.559808787677355));
#5423=DIRECTION('ref_axis',(-0.405375732628557,0.387307663644969,0.82804787849359));
#5424=DIRECTION('',(0.559808787677353,-0.610924088965579,0.559808787677355));
#5425=DIRECTION('center_axis',(0.,0.,-1.));
#5426=DIRECTION('ref_axis',(-0.675590207615659,0.737277336810125,0.));
#5427=DIRECTION('center_axis',(0.,0.,1.));
#5428=DIRECTION('ref_axis',(0.826918657670251,-0.562321557115526,0.));
#5429=DIRECTION('center_axis',(0.,0.,-1.));
#5430=DIRECTION('ref_axis',(1.,0.,0.));
#5431=DIRECTION('',(0.,0.,1.));
#5432=DIRECTION('center_axis',(-0.707106781186548,2.48597972624938E-15,
0.707106781186548));
#5433=DIRECTION('ref_axis',(0.707106781186548,-2.5233628800275E-15,0.707106781186548));
#5434=DIRECTION('',(0.,0.,-1.));
#5435=DIRECTION('center_axis',(6.97855291912013E-15,-1.,0.));
#5436=DIRECTION('ref_axis',(0.,0.,-1.));
#5437=DIRECTION('center_axis',(0.,0.,1.));
#5438=DIRECTION('ref_axis',(-1.,-1.26882631385827E-14,0.));
#5439=DIRECTION('center_axis',(6.97855291912013E-15,-1.,0.));
#5440=DIRECTION('ref_axis',(6.12323399573683E-17,0.,-1.));
#5441=DIRECTION('center_axis',(-6.97855291912013E-15,1.,0.));
#5442=DIRECTION('ref_axis',(6.12323399573683E-17,0.,-1.));
#5443=DIRECTION('center_axis',(0.,0.,1.));
#5444=DIRECTION('ref_axis',(-0.82691865767024,-0.562321557115543,0.));
#5445=DIRECTION('',(0.,0.,1.));
#5446=DIRECTION('center_axis',(0.707106781186547,-1.3084103822365E-16,0.707106781186548));
#5447=DIRECTION('ref_axis',(-0.707106781186548,2.10280240002291E-16,0.707106781186547));
#5448=DIRECTION('',(0.,0.,-1.));
#5449=DIRECTION('center_axis',(6.1232339957368E-17,0.,1.));
#5450=DIRECTION('ref_axis',(1.,0.,0.));
#5451=DIRECTION('center_axis',(0.,0.,1.));
#5452=DIRECTION('ref_axis',(-0.38461538461537,-0.923076923076929,0.));
#5453=DIRECTION('center_axis',(0.,0.,1.));
#5454=DIRECTION('ref_axis',(-0.38461538461537,-0.923076923076929,0.));
#5455=DIRECTION('center_axis',(0.,0.,-1.));
#5456=DIRECTION('ref_axis',(-0.38461538461537,-0.923076923076929,0.));
#5457=DIRECTION('center_axis',(0.,0.,1.));
#5458=DIRECTION('ref_axis',(-0.38461538461537,-0.923076923076929,0.));
#5459=DIRECTION('center_axis',(0.,0.,1.));
#5460=DIRECTION('ref_axis',(-0.38461538461537,-0.923076923076929,0.));
#5461=DIRECTION('center_axis',(0.,0.,-1.));
#5462=DIRECTION('ref_axis',(-1.,0.,0.));
#5463=DIRECTION('center_axis',(0.,0.,-1.));
#5464=DIRECTION('ref_axis',(-0.675590207615657,0.737277336810127,0.));
#5465=DIRECTION('',(9.51619735393012E-15,1.,0.));
#5466=DIRECTION('center_axis',(0.,0.,1.));
#5467=DIRECTION('ref_axis',(0.675590207615653,-0.737277336810131,0.));
#5468=DIRECTION('',(1.,-4.44089209850062E-15,0.));
#5469=DIRECTION('',(0.,1.,0.));
#5470=DIRECTION('center_axis',(0.,0.,1.));
#5471=DIRECTION('ref_axis',(0.707106781186548,-0.707106781186548,0.));
#5472=DIRECTION('',(-1.,1.07657990266682E-16,0.));
#5473=DIRECTION('center_axis',(0.,0.,1.));
#5474=DIRECTION('ref_axis',(-0.707106781186548,-0.707106781186548,0.));
#5475=DIRECTION('',(0.,-1.,0.));
#5476=DIRECTION('',(1.,-3.70074341541719E-14,0.));
#5477=DIRECTION('center_axis',(0.,0.,1.));
#5478=DIRECTION('ref_axis',(-0.675590207615692,-0.737277336810095,0.));
#5479=DIRECTION('',(-4.12368552003641E-14,-1.,0.));
#5480=DIRECTION('center_axis',(0.,0.,-1.));
#5481=DIRECTION('ref_axis',(0.675590207615676,0.73727733681011,0.));
#5482=DIRECTION('',(3.51570624464642E-15,1.,0.));
#5483=DIRECTION('',(-1.85037170770863E-16,-1.,0.));
#5484=DIRECTION('center_axis',(-0.707106781186548,2.48597972624938E-15,
0.707106781186548));
#5485=DIRECTION('ref_axis',(0.707106781186548,0.,0.707106781186548));
#5486=DIRECTION('',(-3.51570624464642E-15,-1.,0.));
#5487=DIRECTION('center_axis',(-0.55980878767735,0.61092408896558,-0.559808787677356));
#5488=DIRECTION('ref_axis',(-0.405375732628554,0.38730766364497,0.828047878493592));
#5489=DIRECTION('',(0.55980878767735,-0.61092408896558,0.559808787677356));
#5490=DIRECTION('center_axis',(-0.707106781186548,6.72896768007346E-15,
0.707106781186548));
#5491=DIRECTION('ref_axis',(0.707106781186548,0.,0.707106781186548));
#5492=DIRECTION('center_axis',(0.707106781186548,-6.72896768007346E-15,
-0.707106781186548));
#5493=DIRECTION('ref_axis',(-0.701755757082143,0.122791346617486,-0.701755757082144));
#5494=DIRECTION('',(-0.559808787677348,0.610924088965585,-0.559808787677354));
#5495=DIRECTION('center_axis',(8.29391248515079E-16,0.0871557427476582,
-0.996194698091746));
#5496=DIRECTION('ref_axis',(-0.707106781186544,0.704416026402762,0.0616284167162196));
#5497=DIRECTION('center_axis',(-1.10585499802006E-15,-0.087155742747656,
0.996194698091746));
#5498=DIRECTION('ref_axis',(0.,0.996194698091746,0.087155742747656));
#5499=DIRECTION('center_axis',(-0.559808787677348,0.610924088965585,-0.559808787677354));
#5500=DIRECTION('ref_axis',(0.405375732628553,-0.387307663644968,-0.828047878493593));
#5501=DIRECTION('',(0.559808787677348,-0.610924088965585,0.559808787677354));
#5502=DIRECTION('center_axis',(3.00022321482477E-15,0.675590207615658,0.737277336810126));
#5503=DIRECTION('ref_axis',(1.,0.,-4.06932787030375E-15));
#5504=DIRECTION('',(0.,0.73727733681012,-0.675590207615665));
#5505=DIRECTION('center_axis',(0.55980878767737,0.610924088965571,-0.559808787677347));
#5506=DIRECTION('ref_axis',(0.405375732628563,0.387307663644956,0.828047878493594));
#5507=DIRECTION('',(0.55980878767737,0.61092408896557,-0.559808787677347));
#5508=DIRECTION('center_axis',(0.707106781186549,-2.91588599469853E-14,
0.707106781186546));
#5509=DIRECTION('ref_axis',(0.707106781186546,0.,-0.707106781186549));
#5510=DIRECTION('',(-0.559808787677379,-0.610924088965554,0.559808787677356));
#5511=DIRECTION('center_axis',(0.559808787677379,0.610924088965554,-0.559808787677356));
#5512=DIRECTION('ref_axis',(-0.405375732628571,-0.387307663644965,-0.828047878493585));
#5513=DIRECTION('',(0.559808787677379,0.610924088965554,-0.559808787677356));
#5514=DIRECTION('center_axis',(-0.559808787677356,-0.610924088965577,-0.559808787677354));
#5515=DIRECTION('ref_axis',(-0.40537573262856,-0.387307663644969,0.828047878493589));
#5516=DIRECTION('',(0.559808787677356,0.610924088965577,0.559808787677354));
#5517=DIRECTION('center_axis',(0.,0.,-1.));
#5518=DIRECTION('ref_axis',(-0.675590207615663,-0.737277336810122,0.));
#5519=DIRECTION('',(-0.559808787677356,-0.610924088965577,-0.559808787677354));
#5520=DIRECTION('center_axis',(-0.707106781186546,0.,0.707106781186549));
#5521=DIRECTION('ref_axis',(0.707106781186549,0.,0.707106781186546));
#5522=DIRECTION('',(0.,1.,0.));
#5523=DIRECTION('',(0.559808787677354,0.610924088965581,0.559808787677352));
#5524=DIRECTION('center_axis',(-0.559808787677354,-0.610924088965581,-0.559808787677352));
#5525=DIRECTION('ref_axis',(0.405375732628559,0.387307663644967,-0.82804787849359));
#5526=DIRECTION('center_axis',(0.,0.,1.));
#5527=DIRECTION('ref_axis',(0.675590207615659,0.737277336810125,0.));
#5528=DIRECTION('',(-0.559808787677354,-0.610924088965581,-0.559808787677352));
#5529=DIRECTION('center_axis',(0.559808787677354,-0.61092408896558,-0.559808787677352));
#5530=DIRECTION('ref_axis',(-0.40537573262856,0.387307663644968,-0.82804787849359));
#5531=DIRECTION('',(-0.559808787677354,0.61092408896558,0.559808787677352));
#5532=DIRECTION('center_axis',(0.,0.,1.));
#5533=DIRECTION('ref_axis',(-0.67559020761566,0.737277336810125,0.));
#5534=DIRECTION('',(0.559808787677354,-0.61092408896558,-0.559808787677352));
#5535=DIRECTION('center_axis',(1.00007440494159E-15,-0.675590207615658,
0.737277336810126));
#5536=DIRECTION('ref_axis',(1.,0.,-1.35644262343458E-15));
#5537=DIRECTION('',(-1.,-1.48029736616688E-15,0.));
#5538=DIRECTION('center_axis',(0.559808787677355,-0.610924088965578,-0.559808787677353));
#5539=DIRECTION('ref_axis',(0.405375732628558,-0.387307663644966,0.828047878493592));
#5540=DIRECTION('',(-0.559808787677355,0.610924088965578,0.559808787677353));
#5541=DIRECTION('center_axis',(0.,0.,-1.));
#5542=DIRECTION('ref_axis',(0.675590207615662,-0.737277336810123,0.));
#5543=DIRECTION('',(0.559808787677355,-0.610924088965578,-0.559808787677353));
#5544=DIRECTION('center_axis',(2.76463749505028E-16,-0.0871557427476582,
-0.996194698091746));
#5545=DIRECTION('ref_axis',(0.707106781186539,-0.704416026402767,0.06162841671622));
#5546=DIRECTION('center_axis',(-0.707106781186548,-2.24298922669117E-15,
-0.707106781186548));
#5547=DIRECTION('ref_axis',(0.701755757082144,-0.122791346617477,-0.701755757082144));
#5548=DIRECTION('center_axis',(9.79664723208111E-16,0.675590207615661,-0.737277336810123));
#5549=DIRECTION('ref_axis',(-6.02723413692478E-16,-0.737277336810123,-0.675590207615661));
#5550=DIRECTION('',(2.76463749505028E-16,-0.0871557427476582,-0.996194698091746));
#5551=DIRECTION('center_axis',(0.,0.0871557427476554,0.996194698091746));
#5552=DIRECTION('ref_axis',(0.,-0.996194698091746,0.0871557427476554));
#5553=DIRECTION('center_axis',(-9.79664723208111E-16,-0.675590207615661,
0.737277336810123));
#5554=DIRECTION('ref_axis',(1.,0.,1.32876012091555E-15));
#5555=DIRECTION('',(-1.,1.45008721583697E-15,0.));
#5556=DIRECTION('',(0.559808787677365,0.610924088965572,0.55980878767735));
#5557=DIRECTION('',(1.,-1.45008721583697E-15,0.));
#5558=DIRECTION('center_axis',(-0.559808787677365,-0.610924088965573,-0.55980878767735));
#5559=DIRECTION('ref_axis',(-0.405375732628553,-0.387307663644968,0.828047878493593));
#5560=DIRECTION('center_axis',(0.,0.,-1.));
#5561=DIRECTION('ref_axis',(-0.675590207615672,-0.737277336810114,0.));
#5562=DIRECTION('',(-0.559808787677365,-0.610924088965572,-0.55980878767735));
#5563=DIRECTION('center_axis',(-0.707106781186548,1.79439138135292E-14,
0.707106781186548));
#5564=DIRECTION('ref_axis',(0.707106781186548,0.,0.707106781186548));
#5565=DIRECTION('',(2.5376526277147E-14,1.,0.));
#5566=DIRECTION('',(0.559808787677369,0.610924088965566,0.559808787677353));
#5567=DIRECTION('center_axis',(-0.559808787677369,-0.610924088965566,-0.559808787677353));
#5568=DIRECTION('ref_axis',(0.405375732628569,0.387307663644955,-0.828047878493591));
#5569=DIRECTION('center_axis',(0.,0.,1.));
#5570=DIRECTION('ref_axis',(0.675590207615678,0.737277336810108,0.));
#5571=DIRECTION('',(-0.559808787677369,-0.610924088965566,-0.559808787677353));
#5572=DIRECTION('center_axis',(0.559808787677336,-0.610924088965598,-0.559808787677351));
#5573=DIRECTION('ref_axis',(-0.405375732628546,0.387307663644976,-0.828047878493593));
#5574=DIRECTION('',(-0.559808787677336,0.610924088965598,0.559808787677351));
#5575=DIRECTION('center_axis',(0.,0.,1.));
#5576=DIRECTION('ref_axis',(-0.675590207615637,0.737277336810146,0.));
#5577=DIRECTION('',(0.559808787677336,-0.610924088965598,-0.559808787677351));
#5578=DIRECTION('center_axis',(-2.10015625037734E-14,-0.675590207615658,
0.737277336810127));
#5579=DIRECTION('ref_axis',(1.,0.,2.84852950921262E-14));
#5580=DIRECTION('',(-1.,3.10862446895044E-14,0.));
#5581=DIRECTION('center_axis',(0.559808787677343,-0.610924088965585,-0.559808787677359));
#5582=DIRECTION('ref_axis',(0.405375732628552,-0.387307663644982,0.828047878493587));
#5583=DIRECTION('',(-0.559808787677343,0.610924088965585,0.559808787677359));
#5584=DIRECTION('center_axis',(0.,0.,-1.));
#5585=DIRECTION('ref_axis',(0.67559020761565,-0.737277336810134,0.));
#5586=DIRECTION('',(0.559808787677343,-0.610924088965585,-0.559808787677359));
#5587=DIRECTION('center_axis',(0.707106781186548,-1.79439138135289E-14,
0.707106781186548));
#5588=DIRECTION('ref_axis',(0.707106781186548,0.,-0.707106781186548));
#5589=DIRECTION('',(-2.53765262771465E-14,-1.,0.));
#5590=DIRECTION('center_axis',(-0.707106781186548,1.79439138135289E-14,
-0.707106781186548));
#5591=DIRECTION('ref_axis',(0.701755757082141,-0.122791346617497,-0.701755757082144));
#5592=DIRECTION('center_axis',(-2.21170999604017E-15,-0.0871557427476582,
-0.996194698091746));
#5593=DIRECTION('ref_axis',(0.70710678118653,-0.704416026402776,0.0616284167162192));
#5594=DIRECTION('center_axis',(9.79664723208111E-16,0.675590207615661,-0.737277336810124));
#5595=DIRECTION('ref_axis',(-3.88421755490708E-15,-0.737277336810124,-0.675590207615661));
#5596=DIRECTION('',(-2.21170999604017E-15,-0.0871557427476582,-0.996194698091746));
#5597=DIRECTION('center_axis',(2.21170999604015E-15,0.0871557427476565,
0.996194698091746));
#5598=DIRECTION('ref_axis',(0.,-0.996194698091746,0.0871557427476565));
#5599=DIRECTION('center_axis',(-1.,2.5376526277147E-14,0.));
#5600=DIRECTION('ref_axis',(0.,0.,1.));
#5601=DIRECTION('center_axis',(1.,-2.5376526277147E-14,0.));
#5602=DIRECTION('ref_axis',(1.71390679426509E-14,0.675590207615658,-0.737277336810126));
#5603=DIRECTION('center_axis',(1.44456919618741E-15,0.996194698091746,-0.0871557427476582));
#5604=DIRECTION('ref_axis',(1.,-1.45008721583697E-15,0.));
#5605=DIRECTION('',(-1.,1.45008721583697E-15,0.));
#5606=DIRECTION('center_axis',(1.,-2.53765262771465E-14,0.));
#5607=DIRECTION('ref_axis',(0.,0.,-1.));
#5608=DIRECTION('center_axis',(-1.,2.53765262771465E-14,0.));
#5609=DIRECTION('ref_axis',(1.71390679426508E-14,0.675590207615661,-0.737277336810123));
#5610=DIRECTION('center_axis',(1.,-1.45008721583697E-15,0.));
#5611=DIRECTION('ref_axis',(0.,0.,-1.));
#5612=DIRECTION('',(-1.,1.45008721583697E-15,0.));
#5613=DIRECTION('center_axis',(1.,0.,0.));
#5614=DIRECTION('ref_axis',(0.,0.,-1.));
#5615=DIRECTION('center_axis',(1.44456919618741E-15,0.996194698091746,-0.0871557427476582));
#5616=DIRECTION('ref_axis',(1.,-1.45008721583697E-15,0.));
#5617=DIRECTION('',(1.,-1.45008721583697E-15,0.));
#5618=DIRECTION('',(-1.26383428345154E-16,-0.0871557427476582,-0.996194698091746));
#5619=DIRECTION('center_axis',(-9.79664723208111E-16,-0.675590207615661,
0.737277336810124));
#5620=DIRECTION('ref_axis',(1.,0.,1.32876012091554E-15));
#5621=DIRECTION('',(-1.,1.45008721583697E-15,0.));
#5622=DIRECTION('',(0.,0.737277336810126,0.675590207615658));
#5623=DIRECTION('center_axis',(1.,3.17206578464339E-15,0.));
#5624=DIRECTION('ref_axis',(0.,0.,-1.));
#5625=DIRECTION('center_axis',(-1.,-3.17206578464339E-15,0.));
#5626=DIRECTION('ref_axis',(-2.15105711021124E-15,0.67559020761566,-0.737277336810124));
#5627=DIRECTION('center_axis',(1.,-1.45008721583697E-15,0.));
#5628=DIRECTION('ref_axis',(1.00389452669973E-15,0.67559020761566,-0.737277336810124));
#5629=DIRECTION('center_axis',(0.707106781186548,2.24298922669117E-15,0.707106781186548));
#5630=DIRECTION('ref_axis',(0.707106781186548,0.,-0.707106781186548));
#5631=DIRECTION('',(3.17206578464339E-15,-1.,0.));
#5632=DIRECTION('center_axis',(-9.79664723208111E-16,-0.675590207615661,
0.737277336810124));
#5633=DIRECTION('ref_axis',(1.,0.,1.32876012091554E-15));
#5634=DIRECTION('',(1.,-1.45008721583697E-15,0.));
#5635=DIRECTION('',(0.,0.737277336810124,0.675590207615661));
#5636=DIRECTION('',(-1.,1.45008721583697E-15,0.));
#5637=DIRECTION('center_axis',(1.,-4.12368552003641E-14,0.));
#5638=DIRECTION('ref_axis',(0.,0.,-1.));
#5639=DIRECTION('center_axis',(3.87049249307029E-15,0.0871557427476582,
-0.996194698091746));
#5640=DIRECTION('ref_axis',(-0.70710678118653,0.704416026402776,0.0616284167162192));
#5641=DIRECTION('center_axis',(-2.78639382384791E-17,-0.258819045102521,
-0.965925826289068));
#5642=DIRECTION('ref_axis',(1.16436203534249E-14,0.965925826289068,-0.258819045102521));
#5643=DIRECTION('',(3.87049249307029E-15,0.0871557427476582,-0.996194698091746));
#5644=DIRECTION('center_axis',(-3.31756499406017E-15,-0.087155742747656,
0.996194698091746));
#5645=DIRECTION('ref_axis',(0.,0.996194698091746,0.087155742747656));
#5646=DIRECTION('center_axis',(-1.,4.44089209850064E-14,0.));
#5647=DIRECTION('ref_axis',(0.,0.,1.));
#5648=DIRECTION('center_axis',(1.,-4.44089209850064E-14,0.));
#5649=DIRECTION('ref_axis',(-2.99991513112255E-14,-0.675590207615663,-0.737277336810122));
#5650=DIRECTION('center_axis',(-1.,0.,0.));
#5651=DIRECTION('ref_axis',(0.,-0.67559020761566,-0.737277336810124));
#5652=DIRECTION('',(1.,0.,0.));
#5653=DIRECTION('center_axis',(-1.,0.,0.));
#5654=DIRECTION('ref_axis',(0.,0.,-1.));
#5655=DIRECTION('center_axis',(0.,-0.996194698091746,-0.0871557427476582));
#5656=DIRECTION('ref_axis',(-1.,0.,0.));
#5657=DIRECTION('',(1.,2.58435809681941E-18,-2.95393482157107E-17));
#5658=DIRECTION('',(-1.30048547767162E-14,0.0871557427476582,-0.996194698091746));
#5659=DIRECTION('',(-1.,0.,0.));
#5660=DIRECTION('',(0.,0.0871557427476582,-0.996194698091746));
#5661=DIRECTION('center_axis',(-2.78639382384791E-17,-0.258819045102521,
-0.965925826289068));
#5662=DIRECTION('ref_axis',(-1.,3.66835706171671E-18,2.78639382384791E-17));
#5663=DIRECTION('center_axis',(-2.78639382384791E-17,-0.258819045102521,
-0.965925826289068));
#5664=DIRECTION('ref_axis',(1.95612821937538E-16,0.965925826289068,-0.258819045102521));
#5665=DIRECTION('',(0.,0.965925826289068,-0.258819045102521));
#5666=DIRECTION('center_axis',(2.78639382384791E-17,0.258819045102521,0.965925826289068));
#5667=DIRECTION('ref_axis',(-6.70245682766377E-17,-0.965925826289068,0.258819045102521));
#5668=DIRECTION('',(-1.,2.73285667600039E-15,0.));
#5669=DIRECTION('center_axis',(2.78639382384791E-17,0.258819045102521,0.965925826289068));
#5670=DIRECTION('ref_axis',(-2.01073704829913E-16,-0.965925826289068,0.258819045102521));
#5671=DIRECTION('',(1.44129631622082E-13,-0.965925826289068,0.258819045102521));
#5672=DIRECTION('center_axis',(-2.78639382384791E-17,-0.258819045102521,
-0.965925826289068));
#5673=DIRECTION('ref_axis',(-3.79488874558824E-14,0.965925826289068,-0.258819045102521));
#5674=DIRECTION('center_axis',(1.,-9.51619735392987E-15,0.));
#5675=DIRECTION('ref_axis',(0.,0.,-1.));
#5676=DIRECTION('center_axis',(-1.,9.51619735392987E-15,0.));
#5677=DIRECTION('ref_axis',(-6.43004168428737E-15,-0.67559020761566,-0.737277336810125));
#5678=DIRECTION('center_axis',(-2.78639382384791E-17,-0.258819045102521,
-0.965925826289068));
#5679=DIRECTION('ref_axis',(-1.,3.66835706171671E-18,2.78639382384791E-17));
#5680=DIRECTION('',(1.,2.58435809681941E-18,-2.95393482157107E-17));
#5681=DIRECTION('center_axis',(-2.78639382384791E-17,-0.258819045102521,
-0.965925826289068));
#5682=DIRECTION('ref_axis',(3.69708233461948E-14,0.965925826289068,-0.258819045102521));
#5683=DIRECTION('',(1.44129631622082E-13,0.965925826289068,-0.258819045102521));
#5684=DIRECTION('center_axis',(2.78639382384791E-17,0.258819045102521,0.965925826289068));
#5685=DIRECTION('ref_axis',(-2.01073704829913E-16,-0.965925826289068,0.258819045102521));
#5686=DIRECTION('',(-1.,-2.73285667600039E-15,0.));
#5687=DIRECTION('center_axis',(2.78639382384791E-17,0.258819045102521,0.965925826289068));
#5688=DIRECTION('ref_axis',(6.70245682766377E-17,-0.965925826289068,0.258819045102521));
#5689=DIRECTION('',(0.,-0.965925826289068,0.258819045102521));
#5690=DIRECTION('center_axis',(-2.78639382384791E-17,-0.258819045102521,
-0.965925826289068));
#5691=DIRECTION('ref_axis',(0.,0.965925826289068,-0.258819045102521));
#5692=DIRECTION('center_axis',(0.,-0.996194698091746,-0.0871557427476582));
#5693=DIRECTION('ref_axis',(-1.,0.,0.));
#5694=DIRECTION('',(1.,0.,0.));
#5695=DIRECTION('',(0.,0.0871557427476582,-0.996194698091746));
#5696=DIRECTION('',(-1.,0.,0.));
#5697=DIRECTION('',(-1.30048547767162E-14,-0.0871557427476582,0.996194698091746));
#5698=DIRECTION('center_axis',(-1.,9.51619735393012E-15,0.));
#5699=DIRECTION('ref_axis',(0.,0.,1.));
#5700=DIRECTION('center_axis',(0.707106781186549,-1.0551021322355E-13,0.707106781186546));
#5701=DIRECTION('ref_axis',(0.707106781186546,0.,-0.707106781186549));
#5702=DIRECTION('center_axis',(0.707106781186549,-1.0551021322355E-13,0.707106781186546));
#5703=DIRECTION('ref_axis',(0.707106781186546,-1.05441521678482E-13,-0.707106781186549));
#5704=DIRECTION('',(1.49213974509621E-13,1.,0.));
#5705=DIRECTION('',(-0.707106781186546,1.06766287190497E-13,0.707106781186549));
#5706=DIRECTION('',(-1.49213974509621E-13,-1.,0.));
#5707=DIRECTION('',(0.707111549672624,0.0306973166030236,-0.706435369353031));
#5708=DIRECTION('',(-6.02336716019842E-15,-0.737277336810121,0.675590207615664));
#5709=DIRECTION('center_axis',(0.,0.675590207615661,0.737277336810124));
#5710=DIRECTION('ref_axis',(1.,0.,0.));
#5711=DIRECTION('',(0.,-0.737277336810123,0.675590207615661));
#5712=DIRECTION('',(1.,0.,0.));
#5713=DIRECTION('center_axis',(0.,0.,1.));
#5714=DIRECTION('ref_axis',(-1.,0.,0.));
#5715=DIRECTION('',(-0.737277336810124,0.,0.67559020761566));
#5716=DIRECTION('center_axis',(0.,0.,1.));
#5717=DIRECTION('ref_axis',(-1.,0.,0.));
#5718=DIRECTION('center_axis',(0.,0.,-1.));
#5719=DIRECTION('ref_axis',(-1.,0.,0.));
#5720=DIRECTION('center_axis',(0.675590207615658,0.,0.737277336810126));
#5721=DIRECTION('ref_axis',(0.737277336810126,0.,-0.675590207615658));
#5722=DIRECTION('',(-0.737277336810125,-3.01168358009918E-15,0.675590207615659));
#5723=DIRECTION('',(0.,-1.,0.));
#5724=DIRECTION('',(0.,1.,0.));
#5725=DIRECTION('center_axis',(0.,0.,1.));
#5726=DIRECTION('ref_axis',(0.,1.,0.));
#5727=DIRECTION('center_axis',(0.,0.,1.));
#5728=DIRECTION('ref_axis',(0.,1.,0.));
#5729=DIRECTION('center_axis',(0.,0.,-1.));
#5730=DIRECTION('ref_axis',(0.,1.,0.));
#5731=DIRECTION('center_axis',(0.,0.,1.));
#5732=DIRECTION('ref_axis',(1.,0.,0.));
#5733=DIRECTION('',(0.737277336810127,0.,0.675590207615657));
#5734=DIRECTION('center_axis',(0.,0.,1.));
#5735=DIRECTION('ref_axis',(1.,0.,0.));
#5736=DIRECTION('center_axis',(0.,0.,-1.));
#5737=DIRECTION('ref_axis',(1.,0.,0.));
#5738=DIRECTION('center_axis',(-0.675590207615658,-3.63961504749239E-15,
0.737277336810127));
#5739=DIRECTION('ref_axis',(0.737277336810127,0.,0.675590207615657));
#5740=DIRECTION('',(0.737277336810124,3.0116835800992E-15,0.675590207615661));
#5741=DIRECTION('',(-5.38731172605E-15,1.,0.));
#5742=DIRECTION('',(5.38731172605E-15,-1.,0.));
#5743=DIRECTION('',(0.0306973166035193,0.707111549672601,0.706435369353033));
#5744=DIRECTION('center_axis',(-3.80687033058264E-13,-0.707106781186549,
0.707106781186546));
#5745=DIRECTION('ref_axis',(1.,0.,5.38372765170572E-13));
#5746=DIRECTION('',(3.83102559918843E-13,0.707106781186545,0.70710678118655));
#5747=DIRECTION('',(-1.,5.38372765170571E-13,0.));
#5748=DIRECTION('',(-3.76822190084107E-13,-0.707106781186546,-0.707106781186549));
#5749=DIRECTION('',(1.,-5.38372765170571E-13,0.));
#5750=DIRECTION('center_axis',(0.,0.,1.));
#5751=DIRECTION('ref_axis',(0.707106781187929,0.707106781185166,0.));
#5752=DIRECTION('center_axis',(0.,0.,1.));
#5753=DIRECTION('ref_axis',(0.707106781187929,0.707106781185166,0.));
#5754=DIRECTION('center_axis',(0.,0.,-1.));
#5755=DIRECTION('ref_axis',(0.707106781187929,0.707106781185166,0.));
#5756=DIRECTION('center_axis',(0.,0.,1.));
#5757=DIRECTION('ref_axis',(-1.,0.,0.));
#5758=DIRECTION('center_axis',(0.,0.,1.));
#5759=DIRECTION('ref_axis',(-0.707106781186548,-0.707106781186547,0.));
#5760=DIRECTION('',(0.0871557427476582,0.,-0.996194698091746));
#5761=DIRECTION('center_axis',(1.30048547767162E-14,0.0871557427476582,
-0.996194698091746));
#5762=DIRECTION('ref_axis',(0.7071067811866,0.704416026402705,0.0616284167162242));
#5763=DIRECTION('',(1.30048547767162E-14,0.0871557427476582,-0.996194698091746));
#5764=DIRECTION('center_axis',(-1.,1.49213974509621E-13,0.));
#5765=DIRECTION('ref_axis',(1.49213974509621E-13,1.,0.));
#5766=DIRECTION('',(0.,0.,-1.));
#5767=DIRECTION('',(1.49213974509621E-13,1.,0.));
#5768=DIRECTION('',(0.,0.,1.));
#5769=DIRECTION('center_axis',(0.,0.,1.));
#5770=DIRECTION('ref_axis',(-1.,0.,0.));
#5771=DIRECTION('',(-3.3602750212178E-12,-1.,0.));
#5772=DIRECTION('',(0.707106781186069,-0.707106781187026,0.));
#5773=DIRECTION('',(1.,-4.20001590031815E-13,0.));
#5774=DIRECTION('center_axis',(0.,0.,-1.));
#5775=DIRECTION('ref_axis',(4.2188474935756E-13,1.,0.));
#5776=DIRECTION('center_axis',(0.,0.,-1.));
#5777=DIRECTION('ref_axis',(1.,3.08086889333481E-14,0.));
#5778=DIRECTION('',(1.,-9.06304509898183E-17,0.));
#5779=DIRECTION('center_axis',(0.,0.,-1.));
#5780=DIRECTION('ref_axis',(-0.537299608346822,-0.843391445812887,0.));
#5781=DIRECTION('',(0.422618261740701,-0.906307787036649,0.));
#5782=DIRECTION('center_axis',(0.,0.,1.));
#5783=DIRECTION('ref_axis',(0.537299608346825,0.843391445812885,0.));
#5784=DIRECTION('',(1.,-1.10279189631425E-16,0.));
#5785=DIRECTION('center_axis',(0.,0.,1.));
#5786=DIRECTION('ref_axis',(-0.537299608346827,0.843391445812884,0.));
#5787=DIRECTION('',(0.422618261740699,0.90630778703665,0.));
#5788=DIRECTION('center_axis',(0.,0.,-1.));
#5789=DIRECTION('ref_axis',(0.537299608346824,-0.843391445812886,0.));
#5790=DIRECTION('',(1.,-9.06304509898183E-17,0.));
#5791=DIRECTION('center_axis',(0.,0.,-1.));
#5792=DIRECTION('ref_axis',(2.54241072639161E-13,1.,0.));
#5793=DIRECTION('',(0.,1.,0.));
#5794=DIRECTION('center_axis',(0.,0.,-1.));
#5795=DIRECTION('ref_axis',(0.707106781186486,-0.707106781186609,0.));
#5796=DIRECTION('',(1.,-1.68753899743028E-13,0.));
#5797=DIRECTION('center_axis',(0.,0.,1.));
#5798=DIRECTION('ref_axis',(-0.707106781186483,0.707106781186612,0.));
#5799=DIRECTION('',(-1.93082265152201E-16,1.,0.));
#5800=DIRECTION('center_axis',(0.,0.,1.));
#5801=DIRECTION('ref_axis',(-0.707106781186548,-0.707106781186548,0.));
#5802=DIRECTION('',(-1.,9.86864910777931E-16,0.));
#5803=DIRECTION('center_axis',(0.,0.,-1.));
#5804=DIRECTION('ref_axis',(0.707106781186551,0.707106781186544,0.));
#5805=DIRECTION('',(0.,1.,0.));
#5806=DIRECTION('center_axis',(0.,0.,-1.));
#5807=DIRECTION('ref_axis',(-1.,2.77555756156289E-16,0.));
#5808=DIRECTION('',(-1.,1.81260901979646E-16,0.));
#5809=DIRECTION('center_axis',(0.,0.,-1.));
#5810=DIRECTION('ref_axis',(0.707106781186601,0.707106781186494,0.));
#5811=DIRECTION('center_axis',(0.,0.,1.));
#5812=DIRECTION('ref_axis',(0.707106781186548,-0.707106781186548,0.));
#5813=DIRECTION('',(-0.707106781186547,0.,-0.707106781186547));
#5814=DIRECTION('center_axis',(0.,0.,-1.));
#5815=DIRECTION('ref_axis',(0.707106781186548,-0.707106781186548,0.));
#5816=DIRECTION('center_axis',(-0.707106781186548,0.,0.707106781186548));
#5817=DIRECTION('ref_axis',(0.707106781186548,0.,0.707106781186548));
#5818=DIRECTION('',(-0.707106781186547,0.,-0.707106781186547));
#5819=DIRECTION('',(0.,-1.,0.));
#5820=DIRECTION('',(0.707111549672615,-0.0306973166031367,0.706435369353035));
#5821=DIRECTION('center_axis',(2.500186012354E-14,0.675590207615665,0.73727733681012));
#5822=DIRECTION('ref_axis',(1.,0.,-3.39110655858652E-14));
#5823=DIRECTION('',(2.71051522208927E-14,0.737277336810123,-0.675590207615662));
#5824=DIRECTION('',(0.707111549672619,0.0306973166031366,-0.706435369353032));
#5825=DIRECTION('center_axis',(0.707106781186547,-1.3084103822365E-16,0.707106781186548));
#5826=DIRECTION('ref_axis',(0.707106781186548,0.,-0.707106781186547));
#5827=DIRECTION('',(1.85037170770863E-16,1.,0.));
#5828=DIRECTION('center_axis',(0.707106781186548,0.,0.707106781186548));
#5829=DIRECTION('ref_axis',(0.707106781186548,0.,-0.707106781186548));
#5830=DIRECTION('',(0.707106781186547,0.,-0.707106781186547));
#5831=DIRECTION('',(0.,1.,0.));
#5832=DIRECTION('',(-0.707106781186547,0.,0.707106781186547));
#5833=DIRECTION('center_axis',(0.,0.,1.));
#5834=DIRECTION('ref_axis',(-0.707106781186548,-0.707106781186548,0.));
#5835=DIRECTION('center_axis',(0.,0.,-1.));
#5836=DIRECTION('ref_axis',(-0.707106781186548,-0.707106781186548,0.));
#5837=DIRECTION('center_axis',(-1.,1.85037170770863E-16,0.));
#5838=DIRECTION('ref_axis',(-1.85037170770863E-16,-1.,0.));
#5839=DIRECTION('',(-6.97855291912013E-15,1.,0.));
#5840=DIRECTION('center_axis',(1.,-3.51570624464642E-15,0.));
#5841=DIRECTION('ref_axis',(3.51570624464642E-15,1.,0.));
#5842=DIRECTION('',(-6.97855291912013E-15,1.,0.));
#5843=DIRECTION('center_axis',(0.,0.0871557427476582,-0.996194698091746));
#5844=DIRECTION('ref_axis',(0.707106781186561,0.704416026402745,0.0616284167162182));
#5845=DIRECTION('',(0.,0.0871557427476582,-0.996194698091746));
#5846=DIRECTION('center_axis',(-1.,0.,0.));
#5847=DIRECTION('ref_axis',(0.,1.,0.));
#5848=DIRECTION('',(0.,0.,1.));
#5849=DIRECTION('center_axis',(0.,0.,-1.));
#5850=DIRECTION('ref_axis',(-0.707106781186548,-0.707106781186548,0.));
#5851=DIRECTION('',(0.,0.,-1.));
#5852=DIRECTION('center_axis',(0.,0.707106781186548,0.707106781186547));
#5853=DIRECTION('ref_axis',(1.,0.,0.));
#5854=DIRECTION('',(0.,-0.707106781186547,0.707106781186548));
#5855=DIRECTION('',(1.,0.,0.));
#5856=DIRECTION('',(0.,0.707106781186547,-0.707106781186548));
#5857=DIRECTION('',(-1.,0.,0.));
#5858=DIRECTION('center_axis',(0.,0.,1.));
#5859=DIRECTION('ref_axis',(0.707106781185358,-0.707106781187738,0.));
#5860=DIRECTION('center_axis',(0.,0.,-1.));
#5861=DIRECTION('ref_axis',(0.707106781185358,-0.707106781187738,0.));
#5862=DIRECTION('center_axis',(0.,0.,1.));
#5863=DIRECTION('ref_axis',(0.707106781185358,-0.707106781187738,0.));
#5864=DIRECTION('',(0.707111549672621,-0.03069731660303,0.706435369353034));
#5865=DIRECTION('',(-6.02336716019839E-15,0.737277336810123,-0.675590207615661));
#5866=DIRECTION('center_axis',(0.,0.675590207615661,0.737277336810124));
#5867=DIRECTION('ref_axis',(1.,0.,0.));
#5868=DIRECTION('',(1.,0.,0.));
#5869=DIRECTION('',(0.,0.737277336810123,-0.675590207615661));
#5870=DIRECTION('center_axis',(0.,-4.45785558486442E-15,1.));
#5871=DIRECTION('ref_axis',(0.,-1.,0.));
#5872=DIRECTION('center_axis',(0.,0.,1.));
#5873=DIRECTION('ref_axis',(0.,-1.,0.));
#5874=DIRECTION('',(-0.737277336810123,3.01168358009919E-15,-0.675590207615662));
#5875=DIRECTION('center_axis',(0.,0.,-1.));
#5876=DIRECTION('ref_axis',(0.,-1.,0.));
#5877=DIRECTION('center_axis',(-0.675590207615658,-3.63961504749239E-15,
0.737277336810127));
#5878=DIRECTION('ref_axis',(0.737277336810127,0.,0.675590207615657));
#5879=DIRECTION('',(-5.38731172605E-15,1.,0.));
#5880=DIRECTION('',(-0.737277336810127,-4.51752537014878E-15,-0.675590207615657));
#5881=DIRECTION('',(5.38731172605E-15,-1.,0.));
#5882=DIRECTION('',(-0.0306973166031367,0.707111549672616,-0.706435369353034));
#5883=DIRECTION('center_axis',(-0.707106781186549,-1.0551021322355E-13,
0.707106781186546));
#5884=DIRECTION('ref_axis',(0.707106781186546,0.,0.707106781186549));
#5885=DIRECTION('center_axis',(-0.707106781186549,-1.0551021322355E-13,
0.707106781186546));
#5886=DIRECTION('ref_axis',(-0.707106781186546,-1.05441521678482E-13,-0.707106781186549));
#5887=DIRECTION('',(-1.49213974509621E-13,1.,0.));
#5888=DIRECTION('',(-0.707106781186546,-1.06766287190497E-13,-0.707106781186549));
#5889=DIRECTION('',(1.49213974509621E-13,-1.,0.));
#5890=DIRECTION('center_axis',(0.,0.,1.));
#5891=DIRECTION('ref_axis',(-1.,0.,0.));
#5892=DIRECTION('center_axis',(0.,0.,-1.));
#5893=DIRECTION('ref_axis',(-0.707106781186601,0.707106781186494,0.));
#5894=DIRECTION('',(-1.,1.81260901979646E-16,0.));
#5895=DIRECTION('center_axis',(0.,0.,-1.));
#5896=DIRECTION('ref_axis',(-3.43614026121486E-13,-1.,0.));
#5897=DIRECTION('',(3.10109753319027E-14,-1.,0.));
#5898=DIRECTION('center_axis',(0.,0.,-1.));
#5899=DIRECTION('ref_axis',(-0.707106781186742,0.707106781186353,0.));
#5900=DIRECTION('',(-1.,-5.14156618515295E-13,0.));
#5901=DIRECTION('center_axis',(0.,0.,1.));
#5902=DIRECTION('ref_axis',(0.707106781186727,-0.707106781186368,0.));
#5903=DIRECTION('',(-1.93082265152221E-16,-1.,0.));
#5904=DIRECTION('center_axis',(0.,0.,-1.));
#5905=DIRECTION('ref_axis',(-0.707106781186547,0.707106781186548,0.));
#5906=DIRECTION('',(-0.707106781183213,-0.707106781189882,0.));
#5907=DIRECTION('',(-3.3602750212178E-12,-1.,0.));
#5908=DIRECTION('center_axis',(-0.707106781186549,2.37607325415488E-12,
0.707106781186546));
#5909=DIRECTION('ref_axis',(0.707106781186546,0.,0.707106781186549));
#5910=DIRECTION('',(3.3602750212178E-12,1.,0.));
#5911=DIRECTION('',(-0.678598344546585,-0.281084637713536,-0.678598344545641));
#5912=DIRECTION('',(-3.3602750212178E-12,-1.,0.));
#5913=DIRECTION('',(-0.678598344545512,0.28108463771415,-0.67859834454646));
#5914=DIRECTION('center_axis',(-0.500000000002357,0.499999999997642,0.707106781186549));
#5915=DIRECTION('ref_axis',(0.816496580926444,0.,0.577350269191439));
#5916=DIRECTION('',(-0.707106781183213,-0.707106781189882,0.));
#5917=DIRECTION('',(0.707106781183213,0.707106781189882,0.));
#5918=DIRECTION('center_axis',(-0.500000000000335,-0.499999999999658,0.707106781186552));
#5919=DIRECTION('ref_axis',(0.816496580927545,0.,0.577350269189881));
#5920=DIRECTION('',(-0.707106781186069,0.707106781187026,0.));
#5921=DIRECTION('',(-0.28108463771521,-0.678598344545706,-0.678598344545826));
#5922=DIRECTION('',(0.707106781186069,-0.707106781187026,0.));
#5923=DIRECTION('center_axis',(-2.96985972420629E-13,-0.707106781186549,
0.707106781186546));
#5924=DIRECTION('ref_axis',(1.,0.,4.20001590031817E-13));
#5925=DIRECTION('',(-1.,4.20001590031815E-13,0.));
#5926=DIRECTION('',(-3.01457752067285E-13,-0.707106781186546,-0.707106781186549));
#5927=DIRECTION('',(1.,-4.20001590031815E-13,0.));
#5928=DIRECTION('center_axis',(0.,0.,-1.));
#5929=DIRECTION('ref_axis',(-4.2188474935756E-13,-1.,0.));
#5930=DIRECTION('',(-0.706833924999979,-0.0196418550326801,-0.707106781186547));
#5931=DIRECTION('center_axis',(0.,0.,1.));
#5932=DIRECTION('ref_axis',(-4.2188474935756E-13,-1.,0.));
#5933=DIRECTION('center_axis',(0.,0.,-1.));
#5934=DIRECTION('ref_axis',(-4.2188474935756E-13,-1.,0.));
#5935=DIRECTION('center_axis',(0.,0.,1.));
#5936=DIRECTION('ref_axis',(1.,3.08086889333481E-14,0.));
#5937=DIRECTION('center_axis',(0.,0.,1.));
#5938=DIRECTION('ref_axis',(1.,3.08086889333481E-14,0.));
#5939=DIRECTION('',(1.75850355372583E-13,-0.707106781186546,-0.707106781186549));
#5940=DIRECTION('center_axis',(0.,0.,-1.));
#5941=DIRECTION('ref_axis',(1.,3.08086889333481E-14,0.));
#5942=DIRECTION('center_axis',(-6.40854064768957E-17,-0.707106781186549,
0.707106781186546));
#5943=DIRECTION('ref_axis',(1.,0.,9.06304509898186E-17));
#5944=DIRECTION('',(-1.,9.06304509898183E-17,0.));
#5945=DIRECTION('',(0.,-0.707106781186546,-0.707106781186549));
#5946=DIRECTION('',(1.,-9.06304509898183E-17,0.));
#5947=DIRECTION('center_axis',(0.,0.,-1.));
#5948=DIRECTION('ref_axis',(-0.537299608346822,-0.843391445812887,0.));
#5949=DIRECTION('',(-0.640856382055785,-0.298836238730124,-0.707106781186549));
#5950=DIRECTION('center_axis',(0.,0.,1.));
#5951=DIRECTION('ref_axis',(-0.537299608346822,-0.843391445812887,0.));
#5952=DIRECTION('center_axis',(0.,0.,-1.));
#5953=DIRECTION('ref_axis',(-0.537299608346822,-0.843391445812887,0.));
#5954=DIRECTION('center_axis',(-0.640856382055784,-0.298836238730119,0.707106781186552));
#5955=DIRECTION('ref_axis',(0.740965645273294,0.,0.671542934237813));
#5956=DIRECTION('',(-0.422618261740702,0.906307787036649,0.));
#5957=DIRECTION('',(-0.640856382055788,-0.298836238730122,-0.707106781186547));
#5958=DIRECTION('',(0.422618261740702,-0.906307787036649,0.));
#5959=DIRECTION('center_axis',(0.,0.,1.));
#5960=DIRECTION('ref_axis',(0.537299608346825,0.843391445812885,0.));
#5961=DIRECTION('',(-3.14018491736756E-15,-0.707106781186546,-0.707106781186549));
#5962=DIRECTION('center_axis',(0.,0.,-1.));
#5963=DIRECTION('ref_axis',(0.537299608346825,0.843391445812885,0.));
#5964=DIRECTION('center_axis',(0.,0.,1.));
#5965=DIRECTION('ref_axis',(0.537299608346825,0.843391445812885,0.));
#5966=DIRECTION('center_axis',(-7.79791628121385E-17,-0.707106781186552,
0.707106781186543));
#5967=DIRECTION('ref_axis',(1.,0.,1.10279189631427E-16));
#5968=DIRECTION('',(-1.,1.10279189631425E-16,0.));
#5969=DIRECTION('',(0.,-0.707106781186543,-0.707106781186552));
#5970=DIRECTION('',(1.,-1.10279189631425E-16,0.));
#5971=DIRECTION('center_axis',(0.,0.,1.));
#5972=DIRECTION('ref_axis',(-0.537299608346827,0.843391445812883,0.));
#5973=DIRECTION('',(0.64085638205579,-0.298836238730117,-0.707106781186548));
#5974=DIRECTION('center_axis',(0.,0.,-1.));
#5975=DIRECTION('ref_axis',(-0.537299608346827,0.843391445812883,0.));
#5976=DIRECTION('center_axis',(0.,0.,1.));
#5977=DIRECTION('ref_axis',(-0.537299608346827,0.843391445812883,0.));
#5978=DIRECTION('center_axis',(0.640856382055782,-0.298836238730116,0.707106781186555));
#5979=DIRECTION('ref_axis',(0.740965645273296,0.,-0.671542934237811));
#5980=DIRECTION('',(-0.422618261740699,-0.90630778703665,0.));
#5981=DIRECTION('',(0.640856382055796,-0.29883623873012,-0.707106781186541));
#5982=DIRECTION('',(0.422618261740699,0.90630778703665,0.));
#5983=DIRECTION('center_axis',(0.,0.,-1.));
#5984=DIRECTION('ref_axis',(0.537299608346824,-0.843391445812886,0.));
#5985=DIRECTION('',(0.,-0.707106781186546,-0.707106781186549));
#5986=DIRECTION('center_axis',(0.,0.,1.));
#5987=DIRECTION('ref_axis',(0.537299608346824,-0.843391445812886,0.));
#5988=DIRECTION('center_axis',(0.,0.,-1.));
#5989=DIRECTION('ref_axis',(0.537299608346824,-0.843391445812886,0.));
#5990=DIRECTION('center_axis',(-6.4085406476896E-17,-0.707106781186552,
0.707106781186543));
#5991=DIRECTION('ref_axis',(1.,0.,9.06304509898194E-17));
#5992=DIRECTION('',(-1.,9.06304509898183E-17,0.));
#5993=DIRECTION('',(0.,-0.707106781186543,-0.707106781186552));
#5994=DIRECTION('',(1.,-9.06304509898183E-17,0.));
#5995=DIRECTION('center_axis',(0.,0.,1.));
#5996=DIRECTION('ref_axis',(2.54241072639161E-13,1.,0.));
#5997=DIRECTION('center_axis',(0.,0.,1.));
#5998=DIRECTION('ref_axis',(2.54241072639161E-13,1.,0.));
#5999=DIRECTION('',(0.707106781186549,0.,-0.707106781186546));
#6000=DIRECTION('center_axis',(0.,0.,-1.));
#6001=DIRECTION('ref_axis',(2.54241072639161E-13,1.,0.));
#6002=DIRECTION('center_axis',(0.707106781186549,0.,0.707106781186546));
#6003=DIRECTION('ref_axis',(0.707106781186546,0.,-0.707106781186549));
#6004=DIRECTION('',(0.,-1.,0.));
#6005=DIRECTION('',(0.707106781186546,0.,-0.707106781186549));
#6006=DIRECTION('',(0.,1.,0.));
#6007=DIRECTION('center_axis',(0.,0.,-1.));
#6008=DIRECTION('ref_axis',(0.707106781186486,-0.707106781186609,0.));
#6009=DIRECTION('',(-1.19327026859967E-13,-0.707106781186547,-0.707106781186548));
#6010=DIRECTION('center_axis',(0.,0.,1.));
#6011=DIRECTION('ref_axis',(0.707106781186486,-0.707106781186609,0.));
#6012=DIRECTION('center_axis',(0.,0.,-1.));
#6013=DIRECTION('ref_axis',(0.707106781186486,-0.707106781186609,0.));
#6014=DIRECTION('center_axis',(-1.1932702685997E-13,-0.707106781186547,
0.707106781186548));
#6015=DIRECTION('ref_axis',(1.,0.,1.68753899743028E-13));
#6016=DIRECTION('',(-1.,1.68753899743028E-13,0.));
#6017=DIRECTION('',(-1.19327026859967E-13,-0.707106781186548,-0.707106781186547));
#6018=DIRECTION('',(1.,-1.68753899743028E-13,0.));
#6019=DIRECTION('center_axis',(0.,0.,1.));
#6020=DIRECTION('ref_axis',(-0.707106781186483,0.707106781186612,0.));
#6021=DIRECTION('',(0.707106781186549,0.,-0.707106781186546));
#6022=DIRECTION('center_axis',(0.,0.,-1.));
#6023=DIRECTION('ref_axis',(-0.707106781186483,0.707106781186612,0.));
#6024=DIRECTION('center_axis',(0.,0.,1.));
#6025=DIRECTION('ref_axis',(-0.707106781186483,0.707106781186612,0.));
#6026=DIRECTION('center_axis',(0.707106781186549,1.3652977901598E-16,0.707106781186546));
#6027=DIRECTION('ref_axis',(0.707106781186546,0.,-0.707106781186549));
#6028=DIRECTION('',(1.93082265152201E-16,-1.,0.));
#6029=DIRECTION('',(0.707106781186546,0.,-0.707106781186549));
#6030=DIRECTION('',(-1.93082265152201E-16,1.,0.));
#6031=DIRECTION('center_axis',(0.,0.,1.));
#6032=DIRECTION('ref_axis',(-0.707106781186548,-0.707106781186548,0.));
#6033=DIRECTION('',(0.,0.707106781186548,-0.707106781186547));
#6034=DIRECTION('center_axis',(0.,0.,-1.));
#6035=DIRECTION('ref_axis',(-0.707106781186548,-0.707106781186548,0.));
#6036=DIRECTION('center_axis',(0.,0.,1.));
#6037=DIRECTION('ref_axis',(-0.707106781186548,-0.707106781186548,0.));
#6038=DIRECTION('center_axis',(6.97818870526134E-16,0.707106781186549,0.707106781186546));
#6039=DIRECTION('ref_axis',(1.,0.,-9.86864910777935E-16));
#6040=DIRECTION('',(1.,-9.86864910777931E-16,0.));
#6041=DIRECTION('',(0.,0.707106781186545,-0.70710678118655));
#6042=DIRECTION('',(-1.,9.86864910777931E-16,0.));
#6043=DIRECTION('center_axis',(0.,0.,-1.));
#6044=DIRECTION('ref_axis',(0.707106781186551,0.707106781186544,0.));
#6045=DIRECTION('',(0.707106781186546,0.,-0.707106781186549));
#6046=DIRECTION('center_axis',(0.,0.,1.));
#6047=DIRECTION('ref_axis',(0.707106781186551,0.707106781186544,0.));
#6048=DIRECTION('center_axis',(0.,0.,-1.));
#6049=DIRECTION('ref_axis',(0.707106781186551,0.707106781186544,0.));
#6050=DIRECTION('center_axis',(0.707106781186549,0.,0.707106781186546));
#6051=DIRECTION('ref_axis',(0.707106781186546,0.,-0.707106781186549));
#6052=DIRECTION('',(0.,-1.,0.));
#6053=DIRECTION('',(0.707106781186546,0.,-0.707106781186549));
#6054=DIRECTION('',(0.,1.,0.));
#6055=DIRECTION('center_axis',(0.,0.,1.));
#6056=DIRECTION('ref_axis',(-1.,2.77555756156289E-16,0.));
#6057=DIRECTION('center_axis',(0.,0.,1.));
#6058=DIRECTION('ref_axis',(-1.,2.77555756156289E-16,0.));
#6059=DIRECTION('',(-4.20784778927252E-13,0.707106781186546,-0.707106781186549));
#6060=DIRECTION('center_axis',(0.,0.,-1.));
#6061=DIRECTION('ref_axis',(-1.,2.77555756156289E-16,0.));
#6062=DIRECTION('center_axis',(1.28170812953798E-16,0.707106781186549,0.707106781186546));
#6063=DIRECTION('ref_axis',(1.,0.,-1.81260901979647E-16));
#6064=DIRECTION('',(1.,-1.81260901979646E-16,0.));
#6065=DIRECTION('',(0.,0.707106781186549,-0.707106781186546));
#6066=DIRECTION('',(-1.,1.81260901979646E-16,0.));
#6067=DIRECTION('center_axis',(0.,0.,-1.));
#6068=DIRECTION('ref_axis',(0.707106781186601,0.707106781186494,0.));
#6069=DIRECTION('',(0.707106781186549,-1.06766287190496E-13,-0.707106781186546));
#6070=DIRECTION('center_axis',(0.,0.,1.));
#6071=DIRECTION('ref_axis',(0.707106781186601,0.707106781186494,0.));
#6072=DIRECTION('center_axis',(0.,0.,-1.));
#6073=DIRECTION('ref_axis',(0.707106781186601,0.707106781186494,0.));
#6074=DIRECTION('center_axis',(0.707106781186546,-1.05510213223549E-13,
0.707106781186549));
#6075=DIRECTION('ref_axis',(0.707106781186549,0.,-0.707106781186546));
#6076=DIRECTION('',(-1.49213974509621E-13,-1.,0.));
#6077=DIRECTION('',(0.707106781186549,-1.06766287190496E-13,-0.707106781186546));
#6078=DIRECTION('center_axis',(0.,0.,1.));
#6079=DIRECTION('ref_axis',(-0.707106781186604,-0.707106781186491,0.));
#6080=DIRECTION('',(0.,0.707106781186552,-0.707106781186542));
#6081=DIRECTION('center_axis',(0.,0.,-1.));
#6082=DIRECTION('ref_axis',(-0.707106781186604,-0.707106781186491,0.));
#6083=DIRECTION('center_axis',(0.,0.,1.));
#6084=DIRECTION('ref_axis',(-0.707106781186604,-0.707106781186491,0.));
#6085=DIRECTION('center_axis',(7.61256949664862E-17,0.707106781186549,0.707106781186546));
#6086=DIRECTION('ref_axis',(1.,0.,-1.07657990266682E-16));
#6087=DIRECTION('',(1.,-1.07657990266682E-16,0.));
#6088=DIRECTION('',(0.,0.707106781186546,-0.707106781186549));
#6089=DIRECTION('',(-1.,1.07657990266682E-16,0.));
#6090=DIRECTION('center_axis',(0.,0.,1.));
#6091=DIRECTION('ref_axis',(0.707106781186598,-0.707106781186497,0.));
#6092=DIRECTION('',(-0.707106781186546,-1.06766287190497E-13,-0.707106781186549));
#6093=DIRECTION('center_axis',(0.,0.,-1.));
#6094=DIRECTION('ref_axis',(0.707106781186598,-0.707106781186497,0.));
#6095=DIRECTION('center_axis',(0.,0.,1.));
#6096=DIRECTION('ref_axis',(0.707106781186598,-0.707106781186497,0.));
#6097=DIRECTION('center_axis',(-0.707106781186546,-1.05510213223549E-13,
0.707106781186549));
#6098=DIRECTION('ref_axis',(0.707106781186549,0.,0.707106781186546));
#6099=DIRECTION('',(-1.49213974509621E-13,1.,0.));
#6100=DIRECTION('',(-0.707106781186549,-1.06766287190496E-13,-0.707106781186546));
#6101=DIRECTION('',(1.49213974509621E-13,-1.,0.));
#6102=DIRECTION('center_axis',(0.,0.,-1.));
#6103=DIRECTION('ref_axis',(-0.707106781186601,0.707106781186494,0.));
#6104=DIRECTION('',(0.,0.707106781186546,-0.707106781186549));
#6105=DIRECTION('center_axis',(0.,0.,1.));
#6106=DIRECTION('ref_axis',(-0.707106781186601,0.707106781186494,0.));
#6107=DIRECTION('center_axis',(0.,0.,-1.));
#6108=DIRECTION('ref_axis',(-0.707106781186601,0.707106781186494,0.));
#6109=DIRECTION('center_axis',(1.28170812953798E-16,0.707106781186549,0.707106781186546));
#6110=DIRECTION('ref_axis',(1.,0.,-1.81260901979647E-16));
#6111=DIRECTION('',(1.,-1.81260901979646E-16,0.));
#6112=DIRECTION('',(0.,0.707106781186546,-0.707106781186549));
#6113=DIRECTION('',(-1.,1.81260901979646E-16,0.));
#6114=DIRECTION('center_axis',(0.,0.,1.));
#6115=DIRECTION('ref_axis',(-3.43614026121486E-13,-1.,0.));
#6116=DIRECTION('center_axis',(0.,0.,1.));
#6117=DIRECTION('ref_axis',(-3.43614026121486E-13,-1.,0.));
#6118=DIRECTION('',(-0.707106781186546,-2.51214793389404E-14,-0.707106781186549));
#6119=DIRECTION('center_axis',(0.,0.,-1.));
#6120=DIRECTION('ref_axis',(-3.43614026121486E-13,-1.,0.));
#6121=DIRECTION('center_axis',(-0.707106781186552,-2.19280709483973E-14,
0.707106781186543));
#6122=DIRECTION('ref_axis',(0.707106781186543,0.,0.707106781186552));
#6123=DIRECTION('',(-3.10109753319027E-14,1.,0.));
#6124=DIRECTION('',(-0.707106781186543,-2.1981294421573E-14,-0.707106781186552));
#6125=DIRECTION('',(3.10109753319027E-14,-1.,0.));
#6126=DIRECTION('center_axis',(0.,0.,-1.));
#6127=DIRECTION('ref_axis',(-0.707106781186742,0.707106781186353,0.));
#6128=DIRECTION('',(-3.64261450414635E-13,0.707106781186549,-0.707106781186546));
#6129=DIRECTION('center_axis',(0.,0.,1.));
#6130=DIRECTION('ref_axis',(-0.707106781186742,0.707106781186353,0.));
#6131=DIRECTION('center_axis',(0.,0.,-1.));
#6132=DIRECTION('ref_axis',(-0.707106781186742,0.707106781186353,0.));
#6133=DIRECTION('center_axis',(-3.63563631544109E-13,0.707106781186547,
0.707106781186548));
#6134=DIRECTION('ref_axis',(1.,0.,5.14156618515294E-13));
#6135=DIRECTION('',(1.,5.14156618515295E-13,0.));
#6136=DIRECTION('',(-3.64261450414636E-13,0.707106781186548,-0.707106781186547));
#6137=DIRECTION('',(-1.,-5.14156618515295E-13,0.));
#6138=DIRECTION('center_axis',(0.,0.,1.));
#6139=DIRECTION('ref_axis',(0.707106781186727,-0.707106781186368,0.));
#6140=DIRECTION('',(-0.707106781186546,0.,-0.707106781186549));
#6141=DIRECTION('center_axis',(0.,0.,-1.));
#6142=DIRECTION('ref_axis',(0.707106781186727,-0.707106781186368,0.));
#6143=DIRECTION('center_axis',(0.,0.,1.));
#6144=DIRECTION('ref_axis',(0.707106781186727,-0.707106781186368,0.));
#6145=DIRECTION('center_axis',(-0.707106781186549,1.36529779015994E-16,
0.707106781186546));
#6146=DIRECTION('ref_axis',(0.707106781186546,0.,0.707106781186549));
#6147=DIRECTION('',(1.93082265152221E-16,1.,0.));
#6148=DIRECTION('',(-0.707106781186546,0.,-0.707106781186549));
#6149=DIRECTION('',(-1.93082265152221E-16,-1.,0.));
#6150=DIRECTION('center_axis',(0.,0.,-1.));
#6151=DIRECTION('ref_axis',(-0.707106781186547,0.707106781186548,0.));
#6152=DIRECTION('center_axis',(0.,0.,1.));
#6153=DIRECTION('ref_axis',(-0.707106781186547,0.707106781186548,0.));
#6154=DIRECTION('center_axis',(0.,0.,-1.));
#6155=DIRECTION('ref_axis',(-0.707106781186547,0.707106781186548,0.));
#6156=DIRECTION('center_axis',(0.,0.,-1.));
#6157=DIRECTION('ref_axis',(0.707106781186551,0.707106781186544,0.));
#6158=DIRECTION('',(0.,0.,-1.));
#6159=DIRECTION('',(0.,0.,1.));
#6160=DIRECTION('center_axis',(-1.,0.,0.));
#6161=DIRECTION('ref_axis',(0.,1.,0.));
#6162=DIRECTION('',(0.,0.,-1.));
#6163=DIRECTION('center_axis',(0.,0.,-1.));
#6164=DIRECTION('ref_axis',(-1.,2.77555756156289E-16,0.));
#6165=DIRECTION('',(0.,0.,-1.));
#6166=DIRECTION('center_axis',(-1.81260901979646E-16,-1.,0.));
#6167=DIRECTION('ref_axis',(-1.,1.81260901979646E-16,0.));
#6168=DIRECTION('',(0.,0.,1.));
#6169=DIRECTION('center_axis',(0.,0.,-1.));
#6170=DIRECTION('ref_axis',(0.707106781186601,0.707106781186494,0.));
#6171=DIRECTION('center_axis',(0.,0.,-1.));
#6172=DIRECTION('ref_axis',(-0.707106781186604,-0.707106781186491,0.));
#6173=DIRECTION('',(0.,0.,-1.));
#6174=DIRECTION('center_axis',(-1.07657990266682E-16,-1.,0.));
#6175=DIRECTION('ref_axis',(-1.,1.07657990266682E-16,0.));
#6176=DIRECTION('',(0.,0.,1.));
#6177=DIRECTION('',(0.,0.,1.));
#6178=DIRECTION('center_axis',(0.,0.,-1.));
#6179=DIRECTION('ref_axis',(0.707106781186598,-0.707106781186497,0.));
#6180=DIRECTION('',(0.,0.,-1.));
#6181=DIRECTION('center_axis',(1.,1.49213974509621E-13,0.));
#6182=DIRECTION('ref_axis',(1.49213974509621E-13,-1.,0.));
#6183=DIRECTION('',(1.30048547767162E-14,-0.0871557427476582,0.996194698091746));
#6184=DIRECTION('',(0.,0.,1.));
#6185=DIRECTION('center_axis',(0.,0.,1.));
#6186=DIRECTION('ref_axis',(-0.707106781186601,0.707106781186494,0.));
#6187=DIRECTION('',(0.,0.,-1.));
#6188=DIRECTION('center_axis',(-1.81260901979646E-16,-1.,0.));
#6189=DIRECTION('ref_axis',(-1.,1.81260901979646E-16,0.));
#6190=DIRECTION('',(0.,0.,-1.));
#6191=DIRECTION('center_axis',(0.,0.,-1.));
#6192=DIRECTION('ref_axis',(-3.43614026121486E-13,-1.,0.));
#6193=DIRECTION('',(0.,0.,-1.));
#6194=DIRECTION('center_axis',(1.,3.10109753319027E-14,0.));
#6195=DIRECTION('ref_axis',(3.10109753319027E-14,-1.,0.));
#6196=DIRECTION('',(0.,0.,1.));
#6197=DIRECTION('center_axis',(0.,0.,-1.));
#6198=DIRECTION('ref_axis',(-0.707106781186742,0.707106781186353,0.));
#6199=DIRECTION('',(0.,0.,-1.));
#6200=DIRECTION('center_axis',(5.14156618515295E-13,-1.,0.));
#6201=DIRECTION('ref_axis',(-1.,-5.14156618515295E-13,0.));
#6202=DIRECTION('',(0.,0.,1.));
#6203=DIRECTION('center_axis',(0.,0.,-1.));
#6204=DIRECTION('ref_axis',(0.707106781186727,-0.707106781186368,0.));
#6205=DIRECTION('',(0.,0.,-1.));
#6206=DIRECTION('center_axis',(1.,-1.93082265152221E-16,0.));
#6207=DIRECTION('ref_axis',(-1.93082265152221E-16,-1.,0.));
#6208=DIRECTION('',(0.,0.,1.));
#6209=DIRECTION('center_axis',(0.,0.,-1.));
#6210=DIRECTION('ref_axis',(-0.707106781186547,0.707106781186548,0.));
#6211=DIRECTION('',(0.,0.,-1.));
#6212=DIRECTION('center_axis',(0.707106781189882,-0.707106781183213,0.));
#6213=DIRECTION('ref_axis',(-0.707106781183213,-0.707106781189882,0.));
#6214=DIRECTION('',(0.,0.,-1.));
#6215=DIRECTION('center_axis',(1.,-3.3602750212178E-12,0.));
#6216=DIRECTION('ref_axis',(-3.3602750212178E-12,-1.,0.));
#6217=DIRECTION('',(0.,0.,-1.));
#6218=DIRECTION('',(0.,0.,1.));
#6219=DIRECTION('',(-3.3602750212178E-12,-1.,0.));
#6220=DIRECTION('',(0.,0.,-1.));
#6221=DIRECTION('center_axis',(0.,0.,1.));
#6222=DIRECTION('ref_axis',(1.,0.,0.));
#6223=DIRECTION('center_axis',(0.,0.,-1.));
#6224=DIRECTION('ref_axis',(-0.707106781186548,0.707106781186548,0.));
#6225=DIRECTION('',(0.,-1.,0.));
#6226=DIRECTION('center_axis',(0.,0.,-1.));
#6227=DIRECTION('ref_axis',(-0.707106781186548,-0.707106781186548,0.));
#6228=DIRECTION('',(1.,0.,0.));
#6229=DIRECTION('center_axis',(0.,0.,-1.));
#6230=DIRECTION('ref_axis',(0.707106781186548,-0.707106781186548,0.));
#6231=DIRECTION('',(0.,1.,0.));
#6232=DIRECTION('center_axis',(0.,0.,-1.));
#6233=DIRECTION('ref_axis',(0.707106781186548,0.707106781186548,0.));
#6234=DIRECTION('',(-1.,0.,0.));
#6235=DIRECTION('center_axis',(0.,0.,-1.));
#6236=DIRECTION('ref_axis',(0.707106781186548,-0.707106781186548,0.));
#6237=DIRECTION('',(0.,0.,-1.));
#6238=DIRECTION('center_axis',(1.,0.,0.));
#6239=DIRECTION('ref_axis',(0.,-1.,0.));
#6240=DIRECTION('',(0.,-0.0871557427476582,0.996194698091746));
#6241=DIRECTION('center_axis',(0.,0.,-1.));
#6242=DIRECTION('ref_axis',(0.707106781185358,-0.707106781187738,0.));
#6243=DIRECTION('center_axis',(-0.422618261740699,1.42011358843776E-12,
0.90630778703665));
#6244=DIRECTION('ref_axis',(0.90630778703665,-3.0455272686116E-12,0.422618261740699));
#6245=DIRECTION('',(0.,0.,1.));
#6246=DIRECTION('center_axis',(0.,-1.,0.));
#6247=DIRECTION('ref_axis',(-1.,0.,0.));
#6248=DIRECTION('',(-0.90630778703665,0.,-0.422618261740699));
#6249=DIRECTION('',(-0.0871557427476582,0.,-0.996194698091746));
#6250=DIRECTION('center_axis',(0.,0.,-1.));
#6251=DIRECTION('ref_axis',(0.707106781187929,0.707106781185166,0.));
#6252=DIRECTION('',(0.,0.,-1.));
#6253=DIRECTION('center_axis',(-0.422618261740699,1.42011358843776E-12,
0.90630778703665));
#6254=DIRECTION('ref_axis',(0.90630778703665,-3.04514994219689E-12,0.422618261740699));
#6255=DIRECTION('center_axis',(0.422618261740699,-1.42011358843776E-12,
-0.90630778703665));
#6256=DIRECTION('ref_axis',(-0.90630778703665,-3.14831602903363E-13,-0.422618261740699));
#6257=DIRECTION('',(0.90630778703665,-4.87931429402542E-13,0.422618261740699));
#6258=DIRECTION('center_axis',(0.422618261740699,-1.42011358843776E-12,
-0.90630778703665));
#6259=DIRECTION('ref_axis',(-0.90630778703665,2.55303342909393E-12,-0.422618261740699));
#6260=DIRECTION('',(-1.48534947090544E-13,1.,-1.63618495923278E-12));
#6261=DIRECTION('center_axis',(0.422618261740699,-1.42011358843776E-12,
-0.90630778703665));
#6262=DIRECTION('ref_axis',(-0.90630778703665,2.45946927588458E-12,-0.4226182617407));
#6263=DIRECTION('center_axis',(5.38372765170571E-13,1.,0.));
#6264=DIRECTION('ref_axis',(1.,-5.38372765170571E-13,0.));
#6265=DIRECTION('',(0.0871557427476582,-4.69222782235516E-14,0.996194698091746));
#6266=DIRECTION('center_axis',(0.,0.,-1.));
#6267=DIRECTION('ref_axis',(-0.707106781186548,-0.707106781186548,0.));
#6268=DIRECTION('',(0.,0.,-1.));
#6269=DIRECTION('',(0.,0.,1.));
#6270=DIRECTION('center_axis',(-9.86864910777931E-16,-1.,0.));
#6271=DIRECTION('ref_axis',(-1.,9.86864910777931E-16,0.));
#6272=DIRECTION('center_axis',(0.,0.,-1.));
#6273=DIRECTION('ref_axis',(-0.707106781186483,0.707106781186612,0.));
#6274=DIRECTION('',(0.,0.,-1.));
#6275=DIRECTION('',(0.,0.,1.));
#6276=DIRECTION('center_axis',(-1.,-1.93082265152201E-16,0.));
#6277=DIRECTION('ref_axis',(-1.93082265152201E-16,1.,0.));
#6278=DIRECTION('center_axis',(0.,0.,-1.));
#6279=DIRECTION('ref_axis',(-0.537299608346827,0.843391445812884,0.));
#6280=DIRECTION('',(0.,0.,-1.));
#6281=DIRECTION('',(0.,0.,1.));
#6282=DIRECTION('center_axis',(1.10279189631425E-16,1.,0.));
#6283=DIRECTION('ref_axis',(1.,-1.10279189631425E-16,0.));
#6284=DIRECTION('',(0.,0.,-1.));
#6285=DIRECTION('center_axis',(0.,0.,-1.));
#6286=DIRECTION('ref_axis',(0.537299608346825,0.843391445812885,0.));
#6287=DIRECTION('',(0.,0.,1.));
#6288=DIRECTION('center_axis',(0.906307787036649,0.422618261740702,0.));
#6289=DIRECTION('ref_axis',(0.422618261740702,-0.906307787036649,0.));
#6290=DIRECTION('',(0.,0.,-1.));
#6291=DIRECTION('center_axis',(0.,0.,-1.));
#6292=DIRECTION('ref_axis',(0.707106781186486,-0.707106781186609,0.));
#6293=DIRECTION('',(0.,0.,-1.));
#6294=DIRECTION('',(0.,0.,1.));
#6295=DIRECTION('center_axis',(1.68753899743028E-13,1.,0.));
#6296=DIRECTION('ref_axis',(1.,-1.68753899743028E-13,0.));
#6297=DIRECTION('center_axis',(-0.0871557427476582,0.,-0.996194698091746));
#6298=DIRECTION('ref_axis',(-0.70441602640276,0.707106781186546,0.0616284167162195));
#6299=DIRECTION('',(0.0871557427476582,0.,0.996194698091746));
#6300=DIRECTION('center_axis',(0.996194698091746,5.3668113784585E-15,-0.0871557427476582));
#6301=DIRECTION('ref_axis',(5.38731172605E-15,-1.,0.));
#6302=DIRECTION('',(-0.0871557427476582,3.51862953915451E-17,-0.996194698091746));
#6303=DIRECTION('',(-5.38731172605E-15,1.,0.));
#6304=DIRECTION('',(-0.0871557427476582,-4.69535154897056E-16,-0.996194698091746));
#6305=DIRECTION('',(-0.0871557427476582,4.69222782235516E-14,-0.996194698091746));
#6306=DIRECTION('center_axis',(0.0871557427476582,-4.69222782235516E-14,
0.996194698091746));
#6307=DIRECTION('ref_axis',(-0.704416026402949,-0.707106781186359,0.0616284167162023));
#6308=DIRECTION('center_axis',(0.,0.,-1.));
#6309=DIRECTION('ref_axis',(4.2188474935756E-13,1.,0.));
#6310=DIRECTION('',(0.,0.,-1.));
#6311=DIRECTION('',(0.,0.,1.));
#6312=DIRECTION('center_axis',(0.,0.,-1.));
#6313=DIRECTION('ref_axis',(1.,3.08086889333481E-14,0.));
#6314=DIRECTION('',(0.,0.,-1.));
#6315=DIRECTION('center_axis',(0.,0.,-1.));
#6316=DIRECTION('ref_axis',(-0.537299608346822,-0.843391445812887,0.));
#6317=DIRECTION('',(0.,0.,1.));
#6318=DIRECTION('center_axis',(0.,0.,-1.));
#6319=DIRECTION('ref_axis',(0.537299608346824,-0.843391445812886,0.));
#6320=DIRECTION('',(0.,0.,-1.));
#6321=DIRECTION('',(0.,0.,1.));
#6322=DIRECTION('center_axis',(9.06304509898183E-17,1.,0.));
#6323=DIRECTION('ref_axis',(1.,-9.06304509898183E-17,0.));
#6324=DIRECTION('',(0.,0.,-1.));
#6325=DIRECTION('center_axis',(1.30048547767162E-14,-0.0871557427476582,
0.996194698091746));
#6326=DIRECTION('ref_axis',(-0.707106781186603,0.704416026402702,0.0616284167162236));
#6327=DIRECTION('center_axis',(0.,0.0871557427476582,-0.996194698091746));
#6328=DIRECTION('ref_axis',(-0.707106781186547,0.704416026402759,0.0616284167162196));
#6329=DIRECTION('center_axis',(6.97855291912013E-15,-1.,0.));
#6330=DIRECTION('ref_axis',(1.,7.06577110979011E-15,0.));
#6331=DIRECTION('center_axis',(-1.,0.,0.));
#6332=DIRECTION('ref_axis',(0.,-0.67559020761566,-0.737277336810124));
#6333=DIRECTION('center_axis',(-1.,0.,0.));
#6334=DIRECTION('ref_axis',(0.,0.,-1.));
#6335=DIRECTION('center_axis',(0.,1.,0.));
#6336=DIRECTION('ref_axis',(0.,0.,-1.));
#6337=DIRECTION('center_axis',(0.,1.,0.));
#6338=DIRECTION('ref_axis',(-0.675590207615661,0.,-0.737277336810124));
#6339=DIRECTION('center_axis',(0.,1.,0.));
#6340=DIRECTION('ref_axis',(0.,0.,-1.));
#6341=DIRECTION('',(0.,-1.,0.));
#6342=DIRECTION('center_axis',(0.,0.,1.));
#6343=DIRECTION('ref_axis',(-0.964301364052793,0.264807249307722,0.));
#6344=DIRECTION('center_axis',(-1.,-1.48595186162148E-15,0.));
#6345=DIRECTION('ref_axis',(-1.48029736616688E-15,0.996194698091746,-0.0871557427476577));
#6346=DIRECTION('center_axis',(0.,-1.,0.));
#6347=DIRECTION('ref_axis',(0.,0.,-1.));
#6348=DIRECTION('center_axis',(0.,0.,1.));
#6349=DIRECTION('ref_axis',(0.964301364052815,0.264807249307645,0.));
#6350=DIRECTION('center_axis',(5.38731172605E-15,-1.,0.));
#6351=DIRECTION('ref_axis',(0.67559020761566,3.51363084344906E-15,-0.737277336810125));
#6352=DIRECTION('center_axis',(4.45785558486444E-15,-1.,0.));
#6353=DIRECTION('ref_axis',(0.,0.,-1.));
#6354=DIRECTION('center_axis',(0.,0.,1.));
#6355=DIRECTION('ref_axis',(0.707106781186548,-0.707106781186547,0.));
#6356=DIRECTION('center_axis',(-1.,1.45008721583697E-15,0.));
#6357=DIRECTION('ref_axis',(1.48029736616688E-15,0.996194698091745,-0.0871557427476585));
#6358=DIRECTION('',(-1.,1.45008721583697E-15,0.));
#6359=DIRECTION('center_axis',(0.,0.,1.));
#6360=DIRECTION('ref_axis',(0.,-1.,0.));
#6361=DIRECTION('center_axis',(1.44456919618741E-15,0.996194698091746,-0.0871557427476582));
#6362=DIRECTION('ref_axis',(1.,-1.45008721583697E-15,0.));
#6363=DIRECTION('',(-1.26383428345154E-16,-0.0871557427476582,-0.996194698091746));
#6364=DIRECTION('center_axis',(0.,0.,1.));
#6365=DIRECTION('ref_axis',(1.,0.,0.));
#6366=DIRECTION('center_axis',(0.,0.,1.));
#6367=DIRECTION('ref_axis',(0.,1.,0.));
#6368=DIRECTION('',(0.0871557427476582,0.,-0.996194698091746));
#6369=DIRECTION('center_axis',(-0.996194698091746,0.,-0.0871557427476582));
#6370=DIRECTION('ref_axis',(0.,1.,0.));
#6371=DIRECTION('center_axis',(0.707106781187026,0.707106781186069,0.));
#6372=DIRECTION('ref_axis',(0.707106781186069,-0.707106781187026,0.));
#6373=DIRECTION('',(0.,0.,-1.));
#6374=DIRECTION('center_axis',(4.20001590031815E-13,1.,0.));
#6375=DIRECTION('ref_axis',(1.,-4.20001590031815E-13,0.));
#6376=DIRECTION('center_axis',(9.06304509898183E-17,1.,0.));
#6377=DIRECTION('ref_axis',(1.,-9.06304509898183E-17,0.));
#6378=DIRECTION('center_axis',(-0.90630778703665,0.422618261740699,0.));
#6379=DIRECTION('ref_axis',(0.422618261740699,0.90630778703665,0.));
#6380=DIRECTION('center_axis',(0.,0.,-1.));
#6381=DIRECTION('ref_axis',(2.54241072639161E-13,1.,0.));
#6382=DIRECTION('',(0.,0.,-1.));
#6383=DIRECTION('center_axis',(-1.,0.,0.));
#6384=DIRECTION('ref_axis',(0.,1.,0.));
#6385=DIRECTION('center_axis',(0.,0.,-1.));
#6386=DIRECTION('ref_axis',(-0.707106781186548,0.707106781186548,0.));
#6387=DIRECTION('center_axis',(0.,0.,1.));
#6388=DIRECTION('ref_axis',(-0.707106781186548,0.707106781186548,0.));
#6389=DIRECTION('',(0.,0.,1.));
#6390=DIRECTION('',(0.,0.,-1.));
#6391=DIRECTION('center_axis',(-1.,0.,0.));
#6392=DIRECTION('ref_axis',(0.,1.,0.));
#6393=DIRECTION('',(0.,1.,0.));
#6394=DIRECTION('',(0.,0.,-1.));
#6395=DIRECTION('center_axis',(0.,0.,-1.));
#6396=DIRECTION('ref_axis',(-1.,0.,0.));
#6397=DIRECTION('',(1.,0.,0.));
#6398=DIRECTION('center_axis',(0.,0.,1.));
#6399=DIRECTION('ref_axis',(0.707106781186548,0.707106781186548,0.));
#6400=DIRECTION('',(0.,-1.,0.));
#6401=DIRECTION('center_axis',(0.,0.,1.));
#6402=DIRECTION('ref_axis',(0.707106781186548,-0.707106781186548,0.));
#6403=DIRECTION('',(-1.,0.,0.));
#6404=DIRECTION('center_axis',(0.,0.,1.));
#6405=DIRECTION('ref_axis',(-0.707106781186548,-0.707106781186548,0.));
#6406=DIRECTION('center_axis',(0.,0.,-1.));
#6407=DIRECTION('ref_axis',(-0.707106781186548,-0.707106781186548,0.));
#6408=DIRECTION('',(0.,0.,1.));
#6409=DIRECTION('center_axis',(0.,-1.,0.));
#6410=DIRECTION('ref_axis',(-1.,0.,0.));
#6411=DIRECTION('',(0.,0.,-1.));
#6412=DIRECTION('center_axis',(0.,0.,-1.));
#6413=DIRECTION('ref_axis',(0.707106781186548,-0.707106781186548,0.));
#6414=DIRECTION('',(0.,0.,1.));
#6415=DIRECTION('center_axis',(1.,0.,0.));
#6416=DIRECTION('ref_axis',(0.,-1.,0.));
#6417=DIRECTION('',(0.,0.,-1.));
#6418=DIRECTION('center_axis',(0.,0.,-1.));
#6419=DIRECTION('ref_axis',(0.707106781186548,0.707106781186548,0.));
#6420=DIRECTION('',(0.,0.,1.));
#6421=DIRECTION('center_axis',(0.,1.,0.));
#6422=DIRECTION('ref_axis',(1.,0.,0.));
#6423=CARTESIAN_POINT('',(0.,0.,0.));
#6424=CARTESIAN_POINT('Ctrl Pts',(-25.9898982496339,34.7773530501181,-30.));
#6425=CARTESIAN_POINT('Ctrl Pts',(-26.1429148788225,35.1614761228667,-30.));
#6426=CARTESIAN_POINT('Ctrl Pts',(-26.3453036975122,35.9767754398392,-29.922902568346));
#6427=CARTESIAN_POINT('Ctrl Pts',(-26.5234991150086,37.174689323616,-29.5474893993719));
#6428=CARTESIAN_POINT('Ctrl Pts',(-26.6550692757286,38.647572182539,-28.7202681456414));
#6429=CARTESIAN_POINT('Ctrl Pts',(-26.7010347259589,40.1045627350108,-27.133480280479));
#6430=CARTESIAN_POINT('Ctrl Pts',(-26.6999013986166,40.6481383760902,-25.4980358114763));
#6431=CARTESIAN_POINT('Ctrl Pts',(-26.6999838134124,40.7408978653343,-24.6604038438017));
#6432=CARTESIAN_POINT('Ctrl Pts',(-25.9204809738976,34.8086578681029,-30.));
#6433=CARTESIAN_POINT('Ctrl Pts',(-26.0566232201621,35.1907276405609,-29.998027164173));
#6434=CARTESIAN_POINT('Ctrl Pts',(-26.2336677393966,36.0005027710675,-29.9175230324557));
#6435=CARTESIAN_POINT('Ctrl Pts',(-26.3826941576541,37.1901978363452,-29.5403483544504));
#6436=CARTESIAN_POINT('Ctrl Pts',(-26.4839409641854,38.6530633838317,-28.7144120884168));
#6437=CARTESIAN_POINT('Ctrl Pts',(-26.5033350430502,40.1045130197595,-27.1328443048469));
#6438=CARTESIAN_POINT('Ctrl Pts',(-26.4927692119126,40.648053462784,-25.4982266133509));
#6439=CARTESIAN_POINT('Ctrl Pts',(-26.4911852965138,40.7409004096225,-24.6603808685009));
#6440=CARTESIAN_POINT('Ctrl Pts',(-25.7990242066258,34.8634307175434,-29.9780450580191));
#6441=CARTESIAN_POINT('Ctrl Pts',(-25.9056761049402,35.2404812004572,-29.9640670706705));
#6442=CARTESIAN_POINT('Ctrl Pts',(-26.0379626394972,36.0354830610057,-29.8595482255828));
#6443=CARTESIAN_POINT('Ctrl Pts',(-26.1364721887995,37.1893677851551,-29.4552357020386));
#6444=CARTESIAN_POINT('Ctrl Pts',(-26.1852364446206,38.5948138405418,-28.6103910871251));
#6445=CARTESIAN_POINT('Ctrl Pts',(-26.1604297583218,39.9696557541824,-27.0438223805199));
#6446=CARTESIAN_POINT('Ctrl Pts',(-26.1339900875877,40.4801078780964,-25.4543506303168));
#6447=CARTESIAN_POINT('Ctrl Pts',(-26.1297505338551,40.5672283486646,-24.6411081400554));
#6448=CARTESIAN_POINT('Ctrl Pts',(-25.6887494452519,34.913160864636,-29.9197801480344));
#6449=CARTESIAN_POINT('Ctrl Pts',(-25.7728296689193,35.281306667623,-29.8809738031771));
#6450=CARTESIAN_POINT('Ctrl Pts',(-25.8795880730289,36.0482918075661,-29.7276440743404));
#6451=CARTESIAN_POINT('Ctrl Pts',(-25.9645347793517,37.1367651077903,-29.270870306565));
#6452=CARTESIAN_POINT('Ctrl Pts',(-26.0158943119172,38.4374688726702,-28.3921911071854));
#6453=CARTESIAN_POINT('Ctrl Pts',(-26.0145136506431,39.6764719430537,-26.8601592471546));
#6454=CARTESIAN_POINT('Ctrl Pts',(-26.0026317011419,40.1270921004206,-25.3635987515479));
#6455=CARTESIAN_POINT('Ctrl Pts',(-26.0007447436344,40.2041498560506,-24.6008864042084));
#6456=CARTESIAN_POINT('Ctrl Pts',(-25.6449491248166,34.9329133116222,-29.8889067042653));
#6457=CARTESIAN_POINT('Ctrl Pts',(-25.721457439411,35.2963993868232,-29.8377058730768));
#6458=CARTESIAN_POINT('Ctrl Pts',(-25.8226518487558,36.0491030519283,-29.6609445682757));
#6459=CARTESIAN_POINT('Ctrl Pts',(-25.9117495575039,37.1067101527647,-29.1815127790987));
#6460=CARTESIAN_POINT('Ctrl Pts',(-25.9775346378639,38.3609903835247,-28.291509306245));
#6461=CARTESIAN_POINT('Ctrl Pts',(-26.0005173629791,39.5458760899419,-26.7804062387739));
#6462=CARTESIAN_POINT('Ctrl Pts',(-25.9999506993079,39.975070720538,-25.32467805582));
#6463=CARTESIAN_POINT('Ctrl Pts',(-25.9999919067058,40.0485042487789,-24.5836501025506));
#6464=CARTESIAN_POINT('',(-25.9999919067058,40.0485042487789,-24.5836501025504));
#6465=CARTESIAN_POINT('',(-26.6999838134124,40.7408978653343,-24.6604038438017));
#6466=CARTESIAN_POINT('Origin',(-26.6999838134124,40.0451509702257,-24.5833567286915));
#6467=CARTESIAN_POINT('',(-25.9898982496339,34.7773530501181,-30.));
#6468=CARTESIAN_POINT('Ctrl Pts',(-26.6999838134124,40.7408978653343,-24.6604038438017));
#6469=CARTESIAN_POINT('Ctrl Pts',(-26.6999013986166,40.6481383760902,-25.4980358114763));
#6470=CARTESIAN_POINT('Ctrl Pts',(-26.7010347259589,40.1045627350108,-27.133480280479));
#6471=CARTESIAN_POINT('Ctrl Pts',(-26.6550692757286,38.647572182539,-28.7202681456414));
#6472=CARTESIAN_POINT('Ctrl Pts',(-26.5234991150086,37.174689323616,-29.5474893993719));
#6473=CARTESIAN_POINT('Ctrl Pts',(-26.3453036975122,35.9767754398392,-29.922902568346));
#6474=CARTESIAN_POINT('Ctrl Pts',(-26.1429148788225,35.1614761228667,-30.));
#6475=CARTESIAN_POINT('Ctrl Pts',(-25.9898982496339,34.7773530501181,-30.));
#6476=CARTESIAN_POINT('',(-25.6449491248166,34.9329133116222,-29.8889067042653));
#6477=CARTESIAN_POINT('Origin',(-25.9898982496339,34.7773530501181,-29.3));
#6478=CARTESIAN_POINT('Ctrl Pts',(-25.6449491248166,34.9329133116222,-29.8889067042653));
#6479=CARTESIAN_POINT('Ctrl Pts',(-25.721457439411,35.2963993868232,-29.8377058730768));
#6480=CARTESIAN_POINT('Ctrl Pts',(-25.8226518487558,36.0491030519283,-29.6609445682757));
#6481=CARTESIAN_POINT('Ctrl Pts',(-25.9117495575039,37.1067101527647,-29.1815127790987));
#6482=CARTESIAN_POINT('Ctrl Pts',(-25.9775346378639,38.3609903835247,-28.291509306245));
#6483=CARTESIAN_POINT('Ctrl Pts',(-26.0005173629791,39.5458760899419,-26.7804062387739));
#6484=CARTESIAN_POINT('Ctrl Pts',(-25.9999506993079,39.975070720538,-25.32467805582));
#6485=CARTESIAN_POINT('Ctrl Pts',(-25.9999919067058,40.0485042487789,-24.5836501025506));
#6486=CARTESIAN_POINT('Ctrl Pts',(-25.2999999999994,33.3773530501174,-30.));
#6487=CARTESIAN_POINT('Ctrl Pts',(-25.3015687660738,33.3804053844811,-30.));
#6488=CARTESIAN_POINT('Ctrl Pts',(-25.30313761908,33.3834576744978,-30.));
#6489=CARTESIAN_POINT('Ctrl Pts',(-25.5409337877898,33.8461839566933,-30.0000000000002));
#6490=CARTESIAN_POINT('Ctrl Pts',(-25.7774349827026,34.3062236159352,-30.));
#6491=CARTESIAN_POINT('Ctrl Pts',(-25.9898982496339,34.7773530501181,-30.));
#6492=CARTESIAN_POINT('Ctrl Pts',(-25.2999999999994,33.3773530501174,-30.));
#6493=CARTESIAN_POINT('Ctrl Pts',(-25.3013075990006,33.3805390316905,-30.));
#6494=CARTESIAN_POINT('Ctrl Pts',(-25.3026144078005,33.3837271545892,-30.));
#6495=CARTESIAN_POINT('Ctrl Pts',(-25.5007842054407,33.8667998726733,-30.0000000000002));
#6496=CARTESIAN_POINT('Ctrl Pts',(-25.697822245526,34.3471477606906,-30.));
#6497=CARTESIAN_POINT('Ctrl Pts',(-25.8684180170954,34.8321364815916,-30.));
#6498=CARTESIAN_POINT('Ctrl Pts',(-25.2999999999994,33.3773530501174,-30.));
#6499=CARTESIAN_POINT('Ctrl Pts',(-25.3010467693391,33.3806687503794,-29.999992017314));
#6500=CARTESIAN_POINT('Ctrl Pts',(-25.3020908198889,33.3840002684419,-30.0000069319808));
#6501=CARTESIAN_POINT('Ctrl Pts',(-25.4606553076214,33.8873370263201,-29.9996242325791));
#6502=CARTESIAN_POINT('Ctrl Pts',(-25.6180843187322,34.3879605117005,-29.9870070148986));
#6503=CARTESIAN_POINT('Ctrl Pts',(-25.7471498724989,34.8868242686545,-29.9609447397265));
#6504=CARTESIAN_POINT('Ctrl Pts',(-25.2999999999994,33.3773530501174,-30.));
#6505=CARTESIAN_POINT('Ctrl Pts',(-25.3007843830364,33.3808085229816,-30.));
#6506=CARTESIAN_POINT('Ctrl Pts',(-25.3015688095397,33.3842637107823,-29.9999978599259));
#6507=CARTESIAN_POINT('Ctrl Pts',(-25.4204668938943,33.9081539852215,-29.9995945688282));
#6508=CARTESIAN_POINT('Ctrl Pts',(-25.538717491351,34.4282136627623,-29.9599989503928));
#6509=CARTESIAN_POINT('Ctrl Pts',(-25.6449491248166,34.9329133116222,-29.8889067042653));
#6510=CARTESIAN_POINT('',(-25.2999999999994,33.3773530501174,-30.));
#6511=CARTESIAN_POINT('Ctrl Pts',(-25.9898982496339,34.7773530501181,-30.));
#6512=CARTESIAN_POINT('Ctrl Pts',(-25.7774349827026,34.3062236159352,-30.));
#6513=CARTESIAN_POINT('Ctrl Pts',(-25.5409337877898,33.8461839566933,-30.0000000000002));
#6514=CARTESIAN_POINT('Ctrl Pts',(-25.30313761908,33.3834576744978,-30.));
#6515=CARTESIAN_POINT('Ctrl Pts',(-25.3015687660738,33.3804053844811,-30.));
#6516=CARTESIAN_POINT('Ctrl Pts',(-25.2999999999994,33.3773530501174,-30.));
#6517=CARTESIAN_POINT('Ctrl Pts',(-25.2999999999994,33.3773530501174,-30.));
#6518=CARTESIAN_POINT('Ctrl Pts',(-25.3007843830364,33.3808085229816,-30.));
#6519=CARTESIAN_POINT('Ctrl Pts',(-25.3015688095397,33.3842637107823,-29.9999978599259));
#6520=CARTESIAN_POINT('Ctrl Pts',(-25.4204668938943,33.9081539852215,-29.9995945688282));
#6521=CARTESIAN_POINT('Ctrl Pts',(-25.538717491351,34.4282136627623,-29.9599989503928));
#6522=CARTESIAN_POINT('Ctrl Pts',(-25.6449491248166,34.9329133116222,-29.8889067042653));
#6523=CARTESIAN_POINT('Ctrl Pts',(-25.9999949318682,40.0598385251139,-24.4621575943025));
#6524=CARTESIAN_POINT('Ctrl Pts',(-25.9999949318682,40.0562933542607,-24.5026790825766));
#6525=CARTESIAN_POINT('Ctrl Pts',(-25.9999941583085,40.0525149283241,-24.5431801635917));
#6526=CARTESIAN_POINT('Ctrl Pts',(-25.999991906706,40.0485042487789,-24.5836501025505));
#6527=CARTESIAN_POINT('Ctrl Pts',(-26.0007899817217,40.2679741037359,-24.4803670979083));
#6528=CARTESIAN_POINT('Ctrl Pts',(-26.0007899817217,40.2642885774503,-24.5224928561159));
#6529=CARTESIAN_POINT('Ctrl Pts',(-26.0008546847816,40.2603091637144,-24.5645722472899));
#6530=CARTESIAN_POINT('Ctrl Pts',(-26.0009956892775,40.2560317251412,-24.6066318380943));
#6531=CARTESIAN_POINT('Ctrl Pts',(-26.1771390796544,40.6275893987103,-24.5118293594491));
#6532=CARTESIAN_POINT('Ctrl Pts',(-26.1771390796544,40.6236627397255,-24.5567112770208));
#6533=CARTESIAN_POINT('Ctrl Pts',(-26.1772503767719,40.6192751969748,-24.6015591373407));
#6534=CARTESIAN_POINT('Ctrl Pts',(-26.1774681707511,40.6144306826321,-24.6463406486075));
#6535=CARTESIAN_POINT('Ctrl Pts',(-26.5432907621666,40.7545212386685,-24.5229344564859));
#6536=CARTESIAN_POINT('Ctrl Pts',(-26.5432907621666,40.750507859773,-24.5688075871727));
#6537=CARTESIAN_POINT('Ctrl Pts',(-26.5433232136984,40.7459688460638,-24.6146217443141));
#6538=CARTESIAN_POINT('Ctrl Pts',(-26.5433849257387,40.7408997735505,-24.660386612326));
#6539=CARTESIAN_POINT('Ctrl Pts',(-26.6999898637369,40.7545212386686,-24.5229344564859));
#6540=CARTESIAN_POINT('Ctrl Pts',(-26.6999898637369,40.7505078377027,-24.5688078394378));
#6541=CARTESIAN_POINT('Ctrl Pts',(-26.6999883166176,40.7459663120114,-24.6146350173687));
#6542=CARTESIAN_POINT('Ctrl Pts',(-26.6999838134126,40.7408978653343,-24.6604038438016));
#6543=CARTESIAN_POINT('',(-25.9999949318682,40.0598385251139,-24.4621575943025));
#6544=CARTESIAN_POINT('Ctrl Pts',(-25.999991906706,40.0485042487789,-24.5836501025505));
#6545=CARTESIAN_POINT('Ctrl Pts',(-25.9999941583085,40.0525149283241,-24.5431801635917));
#6546=CARTESIAN_POINT('Ctrl Pts',(-25.9999949318682,40.0562933542607,-24.5026790825766));
#6547=CARTESIAN_POINT('Ctrl Pts',(-25.9999949318682,40.0598385251139,-24.4621575943025));
#6548=CARTESIAN_POINT('',(-26.6999898637369,40.7545212386686,-24.5229344564859));
#6549=CARTESIAN_POINT('Origin',(-26.6999898637369,40.0571849500043,-24.4619254365626));
#6550=CARTESIAN_POINT('Ctrl Pts',(-26.6999898637369,40.7545212386686,-24.5229344564859));
#6551=CARTESIAN_POINT('Ctrl Pts',(-26.6999898637369,40.7505078377027,-24.5688078394378));
#6552=CARTESIAN_POINT('Ctrl Pts',(-26.6999883166176,40.7459663120114,-24.6146350173687));
#6553=CARTESIAN_POINT('Ctrl Pts',(-26.6999838134126,40.7408978653343,-24.6604038438016));
#6554=CARTESIAN_POINT('Origin',(-26.6999898637369,41.7623968459376,-4.97126427875472));
#6555=CARTESIAN_POINT('',(-25.9999949318681,41.6750684622485,-5.99999493186874));
#6556=CARTESIAN_POINT('',(-26.6999898637368,42.3138268411847,-6.69998986373747));
#6557=CARTESIAN_POINT('Origin',(-26.6999898637369,41.6111529549044,-6.69998986373748));
#6558=CARTESIAN_POINT('',(-26.6999898637368,42.4597331346018,-5.03227329867808));
#6559=CARTESIAN_POINT('',(-25.9999949318681,41.7650504210472,-4.97149643649463));
#6560=CARTESIAN_POINT('Origin',(-25.2999999999994,41.7677039961568,-4.97172859423453));
#6561=CARTESIAN_POINT('',(-25.2999999999994,39.3545212386678,-24.5229344564859));
#6562=CARTESIAN_POINT('Origin',(-25.2999999999994,40.0518575273321,-24.5839434764093));
#6563=CARTESIAN_POINT('',(-25.2999999999994,40.9754009396223,-5.99619469809175));
#6564=CARTESIAN_POINT('',(-25.2999999999994,41.0703677074926,-4.91071957431117));
#6565=CARTESIAN_POINT('',(-25.4947132936464,41.005549479074,-5.9685686515411));
#6566=CARTESIAN_POINT('Origin',(-25.2999999999994,41.7393168903708,-5.29619469809174));
#6567=CARTESIAN_POINT('',(-25.9751449106233,41.4943336656465,-5.97514491062388));
#6568=CARTESIAN_POINT('Ctrl Pts',(-25.9751449106233,41.4943336656465,-5.97514491062388));
#6569=CARTESIAN_POINT('Ctrl Pts',(-25.9746254648779,41.4924749178052,-5.97462546487846));
#6570=CARTESIAN_POINT('Ctrl Pts',(-25.9740993015676,41.4906226616878,-5.97411047790377));
#6571=CARTESIAN_POINT('Ctrl Pts',(-25.9540243905707,41.4210715575407,-5.95487227482422));
#6572=CARTESIAN_POINT('Ctrl Pts',(-25.9171228400026,41.3435366442214,-5.93806096722834));
#6573=CARTESIAN_POINT('Ctrl Pts',(-25.8405715907261,41.2337487413354,-5.9233352704915));
#6574=CARTESIAN_POINT('Ctrl Pts',(-25.7903066509641,41.1793945546586,-5.92070606238988));
#6575=CARTESIAN_POINT('Ctrl Pts',(-25.6876132887239,41.0947167811375,-5.92650822341513));
#6576=CARTESIAN_POINT('Ctrl Pts',(-25.621622850202,41.0547664256393,-5.93636132716086));
#6577=CARTESIAN_POINT('Ctrl Pts',(-25.5333462492558,41.0186312804831,-5.95782745687301));
#6578=CARTESIAN_POINT('Ctrl Pts',(-25.5140499583179,41.0116605007755,-5.96296893185089));
#6579=CARTESIAN_POINT('Ctrl Pts',(-25.4947132936464,41.005549479074,-5.96856865154112));
#6580=CARTESIAN_POINT('Origin',(-25.2999999999994,41.7389839695926,-5.3));
#6581=CARTESIAN_POINT('Ctrl Pts',(-37.300016186586,40.7408978653346,-24.6604038438017));
#6582=CARTESIAN_POINT('Ctrl Pts',(-37.3001398087797,40.6017586314685,-25.9168517953136));
#6583=CARTESIAN_POINT('Ctrl Pts',(-37.2931039667351,39.6842349077525,-27.9299582830762));
#6584=CARTESIAN_POINT('Ctrl Pts',(-37.4177625318595,37.5739245524743,-29.4230276515713));
#6585=CARTESIAN_POINT('Ctrl Pts',(-37.6541010928911,35.9761509056373,-29.9223119711993));
#6586=CARTESIAN_POINT('Ctrl Pts',(-37.857085121176,35.1614761228671,-30.));
#6587=CARTESIAN_POINT('Ctrl Pts',(-38.0101017503646,34.7773530501185,-30.));
#6588=CARTESIAN_POINT('Ctrl Pts',(-37.5088147034846,40.7409004096229,-24.6603808685009));
#6589=CARTESIAN_POINT('Ctrl Pts',(-37.5064388303865,40.601629989365,-25.917149485776));
#6590=CARTESIAN_POINT('Ctrl Pts',(-37.4837895706088,39.684398007969,-27.9273224637182));
#6591=CARTESIAN_POINT('Ctrl Pts',(-37.5681871837892,37.5865997107968,-29.4151968851011));
#6592=CARTESIAN_POINT('Ctrl Pts',(-37.7658887298683,36.0001525585006,-29.916999301365));
#6593=CARTESIAN_POINT('Ctrl Pts',(-37.9433767798365,35.1907276405612,-29.998027164173));
#6594=CARTESIAN_POINT('Ctrl Pts',(-38.0795190261009,34.8086578681033,-30.));
#6595=CARTESIAN_POINT('Ctrl Pts',(-37.870241676966,40.5672218605726,-24.6411074224307));
#6596=CARTESIAN_POINT('Ctrl Pts',(-37.863882346367,40.4365411547201,-25.8609711578227));
#6597=CARTESIAN_POINT('Ctrl Pts',(-37.8150124106999,39.5765199619502,-27.8189712755844));
#6598=CARTESIAN_POINT('Ctrl Pts',(-37.8310681235676,37.5740509514407,-29.3208893890777));
#6599=CARTESIAN_POINT('Ctrl Pts',(-37.9615860226925,36.034835654831,-29.859095723261));
#6600=CARTESIAN_POINT('Ctrl Pts',(-38.0943238393993,35.2404811753572,-29.9640668844689));
#6601=CARTESIAN_POINT('Ctrl Pts',(-38.2009757377136,34.8634306924434,-29.9780448718176));
#6602=CARTESIAN_POINT('Ctrl Pts',(-37.9992552563641,40.2041498560508,-24.6008864042084));
#6603=CARTESIAN_POINT('Ctrl Pts',(-37.9964248201028,40.0885632226058,-25.7449549252176));
#6604=CARTESIAN_POINT('Ctrl Pts',(-37.9732028118851,39.3315100157109,-27.5955725795545));
#6605=CARTESIAN_POINT('Ctrl Pts',(-38.0075077207052,37.4999568814021,-29.1189425399954));
#6606=CARTESIAN_POINT('Ctrl Pts',(-38.1201195532827,36.0476392626192,-29.727395973114));
#6607=CARTESIAN_POINT('Ctrl Pts',(-38.2271703310794,35.2813066676233,-29.880973803177));
#6608=CARTESIAN_POINT('Ctrl Pts',(-38.3112505547467,34.9131608646364,-29.9197801480343));
#6609=CARTESIAN_POINT('Ctrl Pts',(-38.0000080932926,40.0485042487791,-24.5836501025506));
#6610=CARTESIAN_POINT('Ctrl Pts',(-38.0000699043895,39.9383539564177,-25.6951920324546));
#6611=CARTESIAN_POINT('Ctrl Pts',(-37.9965519833672,39.218285161674,-27.496815574457));
#6612=CARTESIAN_POINT('Ctrl Pts',(-38.0588812659294,37.4596095548967,-29.0219046863477));
#6613=CARTESIAN_POINT('Ctrl Pts',(-38.1770505464452,36.0485319145036,-29.6607867393785));
#6614=CARTESIAN_POINT('Ctrl Pts',(-38.2785425605877,35.2963993868235,-29.8377058730768));
#6615=CARTESIAN_POINT('Ctrl Pts',(-38.355050875182,34.9329133116226,-29.8889067042652));
#6616=CARTESIAN_POINT('',(-38.355050875182,34.9329133116226,-29.8889067042652));
#6617=CARTESIAN_POINT('',(-38.0101017503646,34.7773530501184,-30.));
#6618=CARTESIAN_POINT('Origin',(-38.0101017503646,34.7773530501185,-29.3));
#6619=CARTESIAN_POINT('',(-37.300016186586,40.7408978653346,-24.6604038438017));
#6620=CARTESIAN_POINT('Ctrl Pts',(-38.0101017503646,34.7773530501185,-30.));
#6621=CARTESIAN_POINT('Ctrl Pts',(-37.857085121176,35.1614761228671,-30.));
#6622=CARTESIAN_POINT('Ctrl Pts',(-37.6541010928911,35.9761509056373,-29.9223119711993));
#6623=CARTESIAN_POINT('Ctrl Pts',(-37.4177625318595,37.5739245524743,-29.4230276515713));
#6624=CARTESIAN_POINT('Ctrl Pts',(-37.2931039667351,39.6842349077525,-27.9299582830762));
#6625=CARTESIAN_POINT('Ctrl Pts',(-37.3001398087797,40.6017586314685,-25.9168517953136));
#6626=CARTESIAN_POINT('Ctrl Pts',(-37.300016186586,40.7408978653346,-24.6604038438017));
#6627=CARTESIAN_POINT('',(-38.0000080932926,40.0485042487791,-24.5836501025504));
#6628=CARTESIAN_POINT('Origin',(-37.3000161865861,40.045150970226,-24.5833567286915));
#6629=CARTESIAN_POINT('Ctrl Pts',(-38.0000080932926,40.0485042487791,-24.5836501025506));
#6630=CARTESIAN_POINT('Ctrl Pts',(-38.0000699043895,39.9383539564177,-25.6951920324546));
#6631=CARTESIAN_POINT('Ctrl Pts',(-37.9965519833672,39.218285161674,-27.496815574457));
#6632=CARTESIAN_POINT('Ctrl Pts',(-38.0588812659294,37.4596095548967,-29.0219046863477));
#6633=CARTESIAN_POINT('Ctrl Pts',(-38.1770505464452,36.0485319145036,-29.6607867393785));
#6634=CARTESIAN_POINT('Ctrl Pts',(-38.2785425605877,35.2963993868235,-29.8377058730768));
#6635=CARTESIAN_POINT('Ctrl Pts',(-38.355050875182,34.9329133116226,-29.8889067042652));
#6636=CARTESIAN_POINT('Ctrl Pts',(-38.6999999999994,33.3773530501174,-30.));
#6637=CARTESIAN_POINT('Ctrl Pts',(-38.6992156169614,33.3808085229794,-30.));
#6638=CARTESIAN_POINT('Ctrl Pts',(-38.698431190481,33.3842637109182,-29.999997860142));
#6639=CARTESIAN_POINT('Ctrl Pts',(-38.5795331012667,33.9081539543822,-29.9995945209356));
#6640=CARTESIAN_POINT('Ctrl Pts',(-38.4612825086479,34.4282136627613,-29.959998950393));
#6641=CARTESIAN_POINT('Ctrl Pts',(-38.355050875182,34.9329133116226,-29.8889067042652));
#6642=CARTESIAN_POINT('Ctrl Pts',(-38.6999999999994,33.3773530501174,-30.));
#6643=CARTESIAN_POINT('Ctrl Pts',(-38.6989532306585,33.3806687503769,-29.999992017314));
#6644=CARTESIAN_POINT('Ctrl Pts',(-38.6979091801318,33.384000268578,-30.0000069321969));
#6645=CARTESIAN_POINT('Ctrl Pts',(-38.53934468754,33.8873369954808,-29.9996241846864));
#6646=CARTESIAN_POINT('Ctrl Pts',(-38.3819156812667,34.3879605116995,-29.9870070148987));
#6647=CARTESIAN_POINT('Ctrl Pts',(-38.2528501274997,34.8868242686549,-29.9609447397265));
#6648=CARTESIAN_POINT('Ctrl Pts',(-38.6999999999994,33.3773530501174,-30.));
#6649=CARTESIAN_POINT('Ctrl Pts',(-38.6986924009972,33.3805390316878,-30.));
#6650=CARTESIAN_POINT('Ctrl Pts',(-38.697385592242,33.3837271546078,-30.));
#6651=CARTESIAN_POINT('Ctrl Pts',(-38.499215784883,33.8667998678735,-30.0000000000005));
#6652=CARTESIAN_POINT('Ctrl Pts',(-38.3021777544732,34.3471477606896,-30.));
#6653=CARTESIAN_POINT('Ctrl Pts',(-38.1315819829032,34.8321364815919,-30.));
#6654=CARTESIAN_POINT('Ctrl Pts',(-38.6999999999994,33.3773530501174,-30.));
#6655=CARTESIAN_POINT('Ctrl Pts',(-38.6984312339238,33.3804053844781,-30.));
#6656=CARTESIAN_POINT('Ctrl Pts',(-38.6968623809625,33.3834576745165,-30.));
#6657=CARTESIAN_POINT('Ctrl Pts',(-38.4590662025342,33.8461839518936,-30.0000000000005));
#6658=CARTESIAN_POINT('Ctrl Pts',(-38.2225650172965,34.3062236159343,-30.));
#6659=CARTESIAN_POINT('Ctrl Pts',(-38.0101017503646,34.7773530501184,-30.));
#6660=CARTESIAN_POINT('',(-38.6999999999994,33.3773530501174,-30.));
#6661=CARTESIAN_POINT('Ctrl Pts',(-38.355050875182,34.9329133116226,-29.8889067042652));
#6662=CARTESIAN_POINT('Ctrl Pts',(-38.4612825086479,34.4282136627613,-29.959998950393));
#6663=CARTESIAN_POINT('Ctrl Pts',(-38.5795331012667,33.9081539543822,-29.9995945209356));
#6664=CARTESIAN_POINT('Ctrl Pts',(-38.698431190481,33.3842637109182,-29.999997860142));
#6665=CARTESIAN_POINT('Ctrl Pts',(-38.6992156169614,33.3808085229794,-30.));
#6666=CARTESIAN_POINT('Ctrl Pts',(-38.6999999999994,33.3773530501174,-30.));
#6667=CARTESIAN_POINT('Ctrl Pts',(-38.6999999999994,33.3773530501174,-30.));
#6668=CARTESIAN_POINT('Ctrl Pts',(-38.6984312339238,33.3804053844781,-30.));
#6669=CARTESIAN_POINT('Ctrl Pts',(-38.6968623809625,33.3834576745165,-30.));
#6670=CARTESIAN_POINT('Ctrl Pts',(-38.4590662025342,33.8461839518936,-30.0000000000005));
#6671=CARTESIAN_POINT('Ctrl Pts',(-38.2225650172965,34.3062236159343,-30.));
#6672=CARTESIAN_POINT('Ctrl Pts',(-38.0101017503646,34.7773530501184,-30.));
#6673=CARTESIAN_POINT('Ctrl Pts',(-37.3000101362619,40.7545212386689,-24.5229344564859));
#6674=CARTESIAN_POINT('Ctrl Pts',(-37.3000101362619,40.750507837703,-24.5688078394378));
#6675=CARTESIAN_POINT('Ctrl Pts',(-37.3000116833812,40.7459663120118,-24.6146350173686));
#6676=CARTESIAN_POINT('Ctrl Pts',(-37.3000161865862,40.7408978653346,-24.6604038438016));
#6677=CARTESIAN_POINT('Ctrl Pts',(-37.5089422716891,40.7545212386689,-24.5229344564859));
#6678=CARTESIAN_POINT('Ctrl Pts',(-37.5089422716891,40.7505068893462,-24.5688186792057));
#6679=CARTESIAN_POINT('Ctrl Pts',(-37.5089011588621,40.745972957271,-24.6146064482543));
#6680=CARTESIAN_POINT('Ctrl Pts',(-37.5088147034848,40.7409004096229,-24.6603808685007));
#6681=CARTESIAN_POINT('Ctrl Pts',(-37.8705916317746,40.5802062021354,-24.5076838669072));
#6682=CARTESIAN_POINT('Ctrl Pts',(-37.8705916317746,40.5763116667458,-24.5521986101054));
#6683=CARTESIAN_POINT('Ctrl Pts',(-37.8704743131335,40.571981529705,-24.5966879314422));
#6684=CARTESIAN_POINT('Ctrl Pts',(-37.8702428965478,40.5672228764383,-24.6411075347918));
#6685=CARTESIAN_POINT('Ctrl Pts',(-37.9994087807406,40.2159402090806,-24.4758147220069));
#6686=CARTESIAN_POINT('Ctrl Pts',(-37.9994087807406,40.212290434147,-24.5175318403913));
#6687=CARTESIAN_POINT('Ctrl Pts',(-37.9993582551121,40.208358500246,-24.5592316011297));
#6688=CARTESIAN_POINT('Ctrl Pts',(-37.9992552563643,40.2041498560508,-24.6008864042083));
#6689=CARTESIAN_POINT('Ctrl Pts',(-38.0000050681307,40.0598385251141,-24.4621575943025));
#6690=CARTESIAN_POINT('Ctrl Pts',(-38.0000050681307,40.0562933542609,-24.5026790825766));
#6691=CARTESIAN_POINT('Ctrl Pts',(-38.0000058416903,40.0525149283243,-24.5431801635917));
#6692=CARTESIAN_POINT('Ctrl Pts',(-38.0000080932928,40.0485042487791,-24.5836501025504));
#6693=CARTESIAN_POINT('',(-37.3000101362619,40.7545212386689,-24.5229344564859));
#6694=CARTESIAN_POINT('Ctrl Pts',(-37.3000161865862,40.7408978653346,-24.6604038438016));
#6695=CARTESIAN_POINT('Ctrl Pts',(-37.3000116833812,40.7459663120118,-24.6146350173686));
#6696=CARTESIAN_POINT('Ctrl Pts',(-37.3000101362619,40.750507837703,-24.5688078394378));
#6697=CARTESIAN_POINT('Ctrl Pts',(-37.3000101362619,40.7545212386689,-24.5229344564859));
#6698=CARTESIAN_POINT('',(-38.0000050681307,40.0598385251141,-24.4621575943025));
#6699=CARTESIAN_POINT('Origin',(-37.3000101362619,40.0571849500047,-24.4619254365626));
#6700=CARTESIAN_POINT('Ctrl Pts',(-38.0000050681307,40.0598385251141,-24.4621575943025));
#6701=CARTESIAN_POINT('Ctrl Pts',(-38.0000050681307,40.0562933542609,-24.5026790825766));
#6702=CARTESIAN_POINT('Ctrl Pts',(-38.0000058416903,40.0525149283243,-24.5431801635917));
#6703=CARTESIAN_POINT('Ctrl Pts',(-38.0000080932928,40.0485042487791,-24.5836501025504));
#6704=CARTESIAN_POINT('Origin',(-37.3000101362619,41.7570795594922,-5.03204114093817));
#6705=CARTESIAN_POINT('',(-38.0000050681306,41.6750684622486,-5.99999493186875));
#6706=CARTESIAN_POINT('',(-37.3000101362619,42.313826841185,-6.69998986373749));
#6707=CARTESIAN_POINT('Origin',(-37.3000101362619,41.6111529549047,-6.69998986373749));
#6708=CARTESIAN_POINT('',(-38.0000050681306,41.7597331346016,-5.03227329867806));
#6709=CARTESIAN_POINT('',(-37.3000101362619,42.4544158481564,-5.09305016086153));
#6710=CARTESIAN_POINT('Origin',(-37.9999999999994,42.4642212862624,-4.98097349045873));
#6711=CARTESIAN_POINT('',(-25.5021210650889,42.4186267814578,-5.50212106508952));
#6712=CARTESIAN_POINT('',(-28.8961417047402,42.1216884517154,-8.89614170474084));
#6713=CARTESIAN_POINT('',(-26.4700500559852,42.3754009396231,-5.99619469809174));
#6714=CARTESIAN_POINT('Origin',(-25.9539559202181,42.4657057120067,-4.96400642655758));
#6715=CARTESIAN_POINT('',(-37.5299499440136,42.3754009396234,-5.99619469809174));
#6716=CARTESIAN_POINT('',(-17.9999999999886,42.3754009396228,-5.99619469809174));
#6717=CARTESIAN_POINT('',(-38.4978789349099,42.4186267814582,-5.5021210650895));
#6718=CARTESIAN_POINT('Origin',(-38.0460440797806,42.4657057120071,-4.96400642655757));
#6719=CARTESIAN_POINT('',(-38.0771685250766,42.3818193899704,-5.92283147492276));
#6720=CARTESIAN_POINT('',(-18.9999999999985,40.7545212386683,-24.5229344564859));
#6721=CARTESIAN_POINT('Origin',(-18.9999999999987,34.7773530501178,-24.));
#6722=CARTESIAN_POINT('',(-18.9999999999987,34.7773530501178,-30.));
#6723=CARTESIAN_POINT('Ctrl Pts',(26.6999838134138,40.7408978653335,-24.6604038438017));
#6724=CARTESIAN_POINT('Ctrl Pts',(26.6998601912201,40.6017586314674,-25.9168517953135));
#6725=CARTESIAN_POINT('Ctrl Pts',(26.7068760306409,39.6842726068312,-27.9299708077582));
#6726=CARTESIAN_POINT('Ctrl Pts',(26.5822280502847,37.573938407583,-29.4230325513876));
#6727=CARTESIAN_POINT('Ctrl Pts',(26.3458900694159,35.9761643275861,-29.9223163360105));
#6728=CARTESIAN_POINT('Ctrl Pts',(26.1429148788235,35.1614761228659,-30.));
#6729=CARTESIAN_POINT('Ctrl Pts',(25.9898982496349,34.7773530501173,-30.));
#6730=CARTESIAN_POINT('Ctrl Pts',(26.4911852965153,40.7409004096217,-24.6603808685008));
#6731=CARTESIAN_POINT('Ctrl Pts',(26.4935611696134,40.6016299893639,-25.9171494857759));
#6732=CARTESIAN_POINT('Ctrl Pts',(26.5161912000312,39.6844383092677,-27.9273245626037));
#6733=CARTESIAN_POINT('Ctrl Pts',(26.4318036417824,37.5866154182771,-29.4151978913073));
#6734=CARTESIAN_POINT('Ctrl Pts',(26.2341025882982,36.0001677375261,-29.917000693975));
#6735=CARTESIAN_POINT('Ctrl Pts',(26.0566232201631,35.19072764056,-29.998027164173));
#6736=CARTESIAN_POINT('Ctrl Pts',(25.9204809738986,34.8086578681021,-30.));
#6737=CARTESIAN_POINT('Ctrl Pts',(26.1297505338567,40.5672283486639,-24.6411081400554));
#6738=CARTESIAN_POINT('Ctrl Pts',(26.1361098644556,40.4365476428115,-25.8609718754474));
#6739=CARTESIAN_POINT('Ctrl Pts',(26.1849668794404,39.5765553670972,-27.8189869936577));
#6740=CARTESIAN_POINT('Ctrl Pts',(26.1689223373391,37.5740648042735,-29.3208953075321));
#6741=CARTESIAN_POINT('Ctrl Pts',(26.0384059352734,36.0348482082941,-29.8591009207456));
#6742=CARTESIAN_POINT('Ctrl Pts',(25.9056761049412,35.2404812004563,-29.9640670706705));
#6743=CARTESIAN_POINT('Ctrl Pts',(25.7990242066269,34.8634307175426,-29.9780450580191));
#6744=CARTESIAN_POINT('Ctrl Pts',(26.0007447436359,40.2041498560501,-24.6008864042084));
#6745=CARTESIAN_POINT('Ctrl Pts',(26.0035751798972,40.0885632226051,-25.7449549252177));
#6746=CARTESIAN_POINT('Ctrl Pts',(26.0267850847448,39.3315347040633,-27.5955782511586));
#6747=CARTESIAN_POINT('Ctrl Pts',(25.9924865411243,37.4999671048046,-29.1189447241243));
#6748=CARTESIAN_POINT('Ctrl Pts',(25.8798749811062,36.0476491218483,-29.7273978693501));
#6749=CARTESIAN_POINT('Ctrl Pts',(25.7728296689204,35.2813066676221,-29.8809738031771));
#6750=CARTESIAN_POINT('Ctrl Pts',(25.688749445253,34.9131608646352,-29.9197801480344));
#6751=CARTESIAN_POINT('Ctrl Pts',(25.9999919067072,40.0485042487784,-24.5836501025505));
#6752=CARTESIAN_POINT('Ctrl Pts',(25.9999300956104,39.9383539564171,-25.6951920324547));
#6753=CARTESIAN_POINT('Ctrl Pts',(26.0034380153208,39.2183089183456,-27.4968191427584));
#6754=CARTESIAN_POINT('Ctrl Pts',(25.9411140251426,37.459619797989,-29.0219061052324));
#6755=CARTESIAN_POINT('Ctrl Pts',(25.8229450347083,36.0485417190334,-29.6607880069065));
#6756=CARTESIAN_POINT('Ctrl Pts',(25.721457439412,35.2963993868223,-29.837705873077));
#6757=CARTESIAN_POINT('Ctrl Pts',(25.6449491248177,34.9329133116213,-29.8889067042654));
#6758=CARTESIAN_POINT('',(25.6449491248177,34.9329133116213,-29.8889067042654));
#6759=CARTESIAN_POINT('',(25.9898982496349,34.7773530501173,-30.));
#6760=CARTESIAN_POINT('Origin',(25.9898982496349,34.7773530501173,-29.3));
#6761=CARTESIAN_POINT('',(26.6999838134138,40.7408978653335,-24.6604038438017));
#6762=CARTESIAN_POINT('Ctrl Pts',(25.9898982496349,34.7773530501173,-30.));
#6763=CARTESIAN_POINT('Ctrl Pts',(26.1429148788235,35.1614761228659,-30.));
#6764=CARTESIAN_POINT('Ctrl Pts',(26.3458900694159,35.9761643275861,-29.9223163360105));
#6765=CARTESIAN_POINT('Ctrl Pts',(26.5822280502847,37.573938407583,-29.4230325513876));
#6766=CARTESIAN_POINT('Ctrl Pts',(26.7068760306409,39.6842726068312,-27.9299708077582));
#6767=CARTESIAN_POINT('Ctrl Pts',(26.6998601912201,40.6017586314674,-25.9168517953135));
#6768=CARTESIAN_POINT('Ctrl Pts',(26.6999838134138,40.7408978653335,-24.6604038438017));
#6769=CARTESIAN_POINT('',(25.9999919067072,40.0485042487784,-24.5836501025504));
#6770=CARTESIAN_POINT('Origin',(26.6999838134138,40.0451509702249,-24.5833567286915));
#6771=CARTESIAN_POINT('Ctrl Pts',(25.9999919067072,40.0485042487784,-24.5836501025505));
#6772=CARTESIAN_POINT('Ctrl Pts',(25.9999300956104,39.9383539564171,-25.6951920324547));
#6773=CARTESIAN_POINT('Ctrl Pts',(26.0034380153208,39.2183089183456,-27.4968191427584));
#6774=CARTESIAN_POINT('Ctrl Pts',(25.9411140251426,37.459619797989,-29.0219061052324));
#6775=CARTESIAN_POINT('Ctrl Pts',(25.8229450347083,36.0485417190334,-29.6607880069065));
#6776=CARTESIAN_POINT('Ctrl Pts',(25.721457439412,35.2963993868223,-29.837705873077));
#6777=CARTESIAN_POINT('Ctrl Pts',(25.6449491248177,34.9329133116213,-29.8889067042654));
#6778=CARTESIAN_POINT('Ctrl Pts',(25.3000000000006,33.3773530501173,-30.));
#6779=CARTESIAN_POINT('Ctrl Pts',(25.3007843830379,33.3808085229819,-30.));
#6780=CARTESIAN_POINT('Ctrl Pts',(25.301568809541,33.3842637107821,-29.9999978599259));
#6781=CARTESIAN_POINT('Ctrl Pts',(25.420466893881,33.9081539852379,-29.9995945688276));
#6782=CARTESIAN_POINT('Ctrl Pts',(25.5387174913522,34.4282136627617,-29.9599989503929));
#6783=CARTESIAN_POINT('Ctrl Pts',(25.6449491248177,34.9329133116213,-29.8889067042654));
#6784=CARTESIAN_POINT('Ctrl Pts',(25.3000000000006,33.3773530501173,-30.));
#6785=CARTESIAN_POINT('Ctrl Pts',(25.3010467693405,33.3806687503796,-29.999992017314));
#6786=CARTESIAN_POINT('Ctrl Pts',(25.3020908198903,33.3840002684418,-30.0000069319808));
#6787=CARTESIAN_POINT('Ctrl Pts',(25.4606553076079,33.8873370263365,-29.9996242325785));
#6788=CARTESIAN_POINT('Ctrl Pts',(25.6180843187333,34.3879605116999,-29.9870070148986));
#6789=CARTESIAN_POINT('Ctrl Pts',(25.7471498725,34.8868242686536,-29.9609447397265));
#6790=CARTESIAN_POINT('Ctrl Pts',(25.3000000000006,33.3773530501173,-30.));
#6791=CARTESIAN_POINT('Ctrl Pts',(25.3013075990022,33.3805390316908,-30.));
#6792=CARTESIAN_POINT('Ctrl Pts',(25.3026144078018,33.383727154589,-30.));
#6793=CARTESIAN_POINT('Ctrl Pts',(25.5007842054126,33.8667998726881,-29.9999999999998));
#6794=CARTESIAN_POINT('Ctrl Pts',(25.697822245527,34.34714776069,-30.));
#6795=CARTESIAN_POINT('Ctrl Pts',(25.8684180170964,34.8321364815907,-30.));
#6796=CARTESIAN_POINT('Ctrl Pts',(25.3000000000006,33.3773530501173,-30.));
#6797=CARTESIAN_POINT('Ctrl Pts',(25.3015687660753,33.3804053844813,-30.));
#6798=CARTESIAN_POINT('Ctrl Pts',(25.3031376190814,33.3834576744977,-30.));
#6799=CARTESIAN_POINT('Ctrl Pts',(25.5409337877616,33.8461839567082,-29.9999999999998));
#6800=CARTESIAN_POINT('Ctrl Pts',(25.7774349827037,34.3062236159347,-30.));
#6801=CARTESIAN_POINT('Ctrl Pts',(25.9898982496349,34.7773530501173,-30.));
#6802=CARTESIAN_POINT('',(25.3000000000006,33.3773530501173,-30.));
#6803=CARTESIAN_POINT('Ctrl Pts',(25.6449491248177,34.9329133116213,-29.8889067042654));
#6804=CARTESIAN_POINT('Ctrl Pts',(25.5387174913522,34.4282136627617,-29.9599989503929));
#6805=CARTESIAN_POINT('Ctrl Pts',(25.420466893881,33.9081539852379,-29.9995945688276));
#6806=CARTESIAN_POINT('Ctrl Pts',(25.301568809541,33.3842637107821,-29.9999978599259));
#6807=CARTESIAN_POINT('Ctrl Pts',(25.3007843830379,33.3808085229819,-30.));
#6808=CARTESIAN_POINT('Ctrl Pts',(25.3000000000006,33.3773530501173,-30.));
#6809=CARTESIAN_POINT('Ctrl Pts',(25.3000000000006,33.3773530501173,-30.));
#6810=CARTESIAN_POINT('Ctrl Pts',(25.3015687660753,33.3804053844813,-30.));
#6811=CARTESIAN_POINT('Ctrl Pts',(25.3031376190814,33.3834576744977,-30.));
#6812=CARTESIAN_POINT('Ctrl Pts',(25.5409337877616,33.8461839567082,-29.9999999999998));
#6813=CARTESIAN_POINT('Ctrl Pts',(25.7774349827037,34.3062236159347,-30.));
#6814=CARTESIAN_POINT('Ctrl Pts',(25.9898982496349,34.7773530501173,-30.));
#6815=CARTESIAN_POINT('Ctrl Pts',(25.9999919067072,40.0485042487784,-24.5836501025505));
#6816=CARTESIAN_POINT('Ctrl Pts',(25.9999941583098,40.0525149283237,-24.5431801635917));
#6817=CARTESIAN_POINT('Ctrl Pts',(25.9999949318694,40.0562933542603,-24.5026790825766));
#6818=CARTESIAN_POINT('Ctrl Pts',(25.9999949318694,40.0598385251135,-24.4621575943025));
#6819=CARTESIAN_POINT('Ctrl Pts',(26.0009956892788,40.2560317251407,-24.6066318380943));
#6820=CARTESIAN_POINT('Ctrl Pts',(26.0008546847829,40.2603091637139,-24.5645722472899));
#6821=CARTESIAN_POINT('Ctrl Pts',(26.000789981723,40.2642885774498,-24.5224928561159));
#6822=CARTESIAN_POINT('Ctrl Pts',(26.000789981723,40.2679741037354,-24.4803670979083));
#6823=CARTESIAN_POINT('Ctrl Pts',(26.1774681707525,40.6144306826313,-24.6463406486075));
#6824=CARTESIAN_POINT('Ctrl Pts',(26.1772503767733,40.619275196974,-24.6015591373406));
#6825=CARTESIAN_POINT('Ctrl Pts',(26.1771390796558,40.6236627397248,-24.5567112770207));
#6826=CARTESIAN_POINT('Ctrl Pts',(26.1771390796558,40.6275893987096,-24.5118293594491));
#6827=CARTESIAN_POINT('Ctrl Pts',(26.54338492574,40.7408997735497,-24.6603866123259));
#6828=CARTESIAN_POINT('Ctrl Pts',(26.5433232136997,40.745968846063,-24.614621744314));
#6829=CARTESIAN_POINT('Ctrl Pts',(26.5432907621678,40.7505078597722,-24.5688075871727));
#6830=CARTESIAN_POINT('Ctrl Pts',(26.5432907621678,40.7545212386677,-24.5229344564859));
#6831=CARTESIAN_POINT('Ctrl Pts',(26.6999838134138,40.7408978653335,-24.6604038438016));
#6832=CARTESIAN_POINT('Ctrl Pts',(26.6999883166188,40.7459663120106,-24.6146350173686));
#6833=CARTESIAN_POINT('Ctrl Pts',(26.6999898637381,40.7505078377019,-24.5688078394377));
#6834=CARTESIAN_POINT('Ctrl Pts',(26.6999898637381,40.7545212386677,-24.5229344564859));
#6835=CARTESIAN_POINT('',(26.6999898637381,40.7545212386677,-24.5229344564859));
#6836=CARTESIAN_POINT('',(25.9999949318694,40.0598385251135,-24.4621575943025));
#6837=CARTESIAN_POINT('Origin',(26.6999898637381,40.0571849500035,-24.4619254365626));
#6838=CARTESIAN_POINT('Ctrl Pts',(25.9999949318694,40.0598385251135,-24.4621575943025));
#6839=CARTESIAN_POINT('Ctrl Pts',(25.9999949318694,40.0562933542603,-24.5026790825766));
#6840=CARTESIAN_POINT('Ctrl Pts',(25.9999941583098,40.0525149283237,-24.5431801635917));
#6841=CARTESIAN_POINT('Ctrl Pts',(25.9999919067072,40.0485042487784,-24.5836501025505));
#6842=CARTESIAN_POINT('Ctrl Pts',(26.6999838134138,40.7408978653335,-24.6604038438016));
#6843=CARTESIAN_POINT('Ctrl Pts',(26.6999883166188,40.7459663120106,-24.6146350173686));
#6844=CARTESIAN_POINT('Ctrl Pts',(26.6999898637381,40.7505078377019,-24.5688078394377));
#6845=CARTESIAN_POINT('Ctrl Pts',(26.6999898637381,40.7545212386677,-24.5229344564859));
#6846=CARTESIAN_POINT('Origin',(26.6999898637381,41.757079559491,-5.0320411409381));
#6847=CARTESIAN_POINT('',(25.9999949318694,41.675068462248,-5.99999493186874));
#6848=CARTESIAN_POINT('',(26.6999898637381,42.3138268411839,-6.69998986373749));
#6849=CARTESIAN_POINT('Origin',(26.6999898637381,41.6111529549035,-6.69998986373749));
#6850=CARTESIAN_POINT('',(25.9999949318694,41.759733134601,-5.03227329867804));
#6851=CARTESIAN_POINT('',(26.6999898637381,42.4544158481553,-5.09305016086146));
#6852=CARTESIAN_POINT('Origin',(26.0000000000006,42.4642212862612,-4.98097349045873));
#6853=CARTESIAN_POINT('',(25.5021210650901,42.418626781457,-5.50212106508951));
#6854=CARTESIAN_POINT('',(25.9228314749234,42.3818193899693,-5.92283147492274));
#6855=CARTESIAN_POINT('',(37.3000101362632,40.7545212386677,-24.522934456486));
#6856=CARTESIAN_POINT('',(13.0000000000009,40.7545212386677,-24.5229344564859));
#6857=CARTESIAN_POINT('',(37.3000101362632,42.3138268411839,-6.69998986373748));
#6858=CARTESIAN_POINT('',(37.3000101362632,42.459733134601,-5.03227329867805));
#6859=CARTESIAN_POINT('',(38.4978789349111,42.418626781457,-5.50212106508951));
#6860=CARTESIAN_POINT('',(35.1038582952598,42.1216884517145,-8.89614170474087));
#6861=CARTESIAN_POINT('',(37.5299499440148,42.3754009396223,-5.99619469809175));
#6862=CARTESIAN_POINT('Origin',(38.0460440797819,42.4657057120059,-4.96400642655757));
#6863=CARTESIAN_POINT('',(26.4700500559865,42.3754009396222,-5.99619469809175));
#6864=CARTESIAN_POINT('',(14.0000000000108,42.3754009396222,-5.99619469809175));
#6865=CARTESIAN_POINT('Origin',(25.9539559202194,42.4657057120059,-4.96400642655757));
#6866=CARTESIAN_POINT('Origin',(13.0000000000009,34.7773530501172,-24.));
#6867=CARTESIAN_POINT('',(38.0101017503664,34.7773530501173,-30.));
#6868=CARTESIAN_POINT('',(13.0000000000009,34.7773530501172,-30.));
#6869=CARTESIAN_POINT('',(37.3000161865875,40.7408978653335,-24.6604038438017));
#6870=CARTESIAN_POINT('Ctrl Pts',(37.3000161865875,40.7408978653335,-24.6604038438017));
#6871=CARTESIAN_POINT('Ctrl Pts',(37.3001398087811,40.6017586314674,-25.9168517953133));
#6872=CARTESIAN_POINT('Ctrl Pts',(37.2931039667366,39.6842349077514,-27.9299582830761));
#6873=CARTESIAN_POINT('Ctrl Pts',(37.4177625318612,37.5739245524731,-29.4230276515712));
#6874=CARTESIAN_POINT('Ctrl Pts',(37.6541010928928,35.9761509056362,-29.9223119711993));
#6875=CARTESIAN_POINT('Ctrl Pts',(37.8570851211777,35.1614761228659,-30.));
#6876=CARTESIAN_POINT('Ctrl Pts',(38.0101017503664,34.7773530501173,-30.));
#6877=CARTESIAN_POINT('Ctrl Pts',(37.3000101362632,40.7545212386677,-24.522934456486));
#6878=CARTESIAN_POINT('Ctrl Pts',(37.3000101362632,40.7505078377019,-24.5688078394377));
#6879=CARTESIAN_POINT('Ctrl Pts',(37.3000116833824,40.7459663120106,-24.6146350173686));
#6880=CARTESIAN_POINT('Ctrl Pts',(37.3000161865875,40.7408978653335,-24.6604038438015));
#6881=CARTESIAN_POINT('Ctrl Pts',(38.000008093294,40.0485042487784,-24.5836501025505));
#6882=CARTESIAN_POINT('Ctrl Pts',(38.0000699043909,39.9383539564171,-25.6951920324547));
#6883=CARTESIAN_POINT('Ctrl Pts',(37.9965519833686,39.2182851616733,-27.4968155744571));
#6884=CARTESIAN_POINT('Ctrl Pts',(38.0588812659309,37.4596095548958,-29.021904686348));
#6885=CARTESIAN_POINT('Ctrl Pts',(38.1770505464467,36.0485319145025,-29.6607867393787));
#6886=CARTESIAN_POINT('Ctrl Pts',(38.2785425605892,35.2963993868223,-29.837705873077));
#6887=CARTESIAN_POINT('Ctrl Pts',(38.3550508751835,34.9329133116213,-29.8889067042654));
#6888=CARTESIAN_POINT('Ctrl Pts',(37.9990043107225,40.2560317251407,-24.6066318380944));
#6889=CARTESIAN_POINT('Ctrl Pts',(37.9951294882853,40.1385557675724,-25.7618136489134));
#6890=CARTESIAN_POINT('Ctrl Pts',(37.9656194324661,39.369401822093,-27.6290179379725));
#6891=CARTESIAN_POINT('Ctrl Pts',(37.9902599223268,37.5132595227544,-29.1515613822359));
#6892=CARTESIAN_POINT('Ctrl Pts',(38.1010313097276,36.047228326638,-29.749667008691));
#6893=CARTESIAN_POINT('Ctrl Pts',(38.2100559783995,35.2762809708249,-29.8954214867249));
#6894=CARTESIAN_POINT('Ctrl Pts',(38.2966504479365,34.9065767156398,-29.9300712959575));
#6895=CARTESIAN_POINT('Ctrl Pts',(37.8225241210361,40.6144214507493,-24.6463396271261));
#6896=CARTESIAN_POINT('Ctrl Pts',(37.8165391312159,40.4813866699028,-25.8761000803557));
#6897=CARTESIAN_POINT('Ctrl Pts',(37.7698281457942,39.6054004830643,-27.8471956547679));
#6898=CARTESIAN_POINT('Ctrl Pts',(37.7942053542788,37.580149024158,-29.3438363701869));
#6899=CARTESIAN_POINT('Ctrl Pts',(37.9338194138157,36.0308244939821,-29.8729121392328));
#6900=CARTESIAN_POINT('Ctrl Pts',(38.0728077967233,35.2335479909242,-29.9723304990166));
#6901=CARTESIAN_POINT('Ctrl Pts',(38.1836503422244,34.85561753143,-29.9836246374888));
#6902=CARTESIAN_POINT('Ctrl Pts',(37.4566150742613,40.7408997735497,-24.660386612326));
#6903=CARTESIAN_POINT('Ctrl Pts',(37.4549191357238,40.6017295338564,-25.9168504429399));
#6904=CARTESIAN_POINT('Ctrl Pts',(37.4359869020061,39.6842535504083,-27.9275527465616));
#6905=CARTESIAN_POINT('Ctrl Pts',(37.5306669102467,37.5835641232999,-29.4169429893351));
#6906=CARTESIAN_POINT('Ctrl Pts',(37.7380177090194,35.994248487879,-29.9182768105828));
#6907=CARTESIAN_POINT('Ctrl Pts',(37.9217974212495,35.1834110995888,-29.9985012535017));
#6908=CARTESIAN_POINT('Ctrl Pts',(38.0621647071686,34.8008316636059,-30.));
#6909=CARTESIAN_POINT('Ctrl Pts',(37.3000161865875,40.7408978653335,-24.6604038438017));
#6910=CARTESIAN_POINT('Ctrl Pts',(37.3001398087811,40.6017586314674,-25.9168517953133));
#6911=CARTESIAN_POINT('Ctrl Pts',(37.2931039667366,39.6842349077514,-27.9299582830761));
#6912=CARTESIAN_POINT('Ctrl Pts',(37.4177625318612,37.5739245524731,-29.4230276515712));
#6913=CARTESIAN_POINT('Ctrl Pts',(37.6541010928928,35.9761509056362,-29.9223119711993));
#6914=CARTESIAN_POINT('Ctrl Pts',(37.8570851211777,35.1614761228659,-30.));
#6915=CARTESIAN_POINT('Ctrl Pts',(38.0101017503664,34.7773530501173,-30.));
#6916=CARTESIAN_POINT('',(38.3550508751835,34.9329133116213,-29.8889067042654));
#6917=CARTESIAN_POINT('Origin',(38.0101017503664,34.7773530501173,-29.3));
#6918=CARTESIAN_POINT('',(38.000008093294,40.0485042487784,-24.5836501025504));
#6919=CARTESIAN_POINT('Ctrl Pts',(38.3550508751835,34.9329133116213,-29.8889067042654));
#6920=CARTESIAN_POINT('Ctrl Pts',(38.2785425605892,35.2963993868223,-29.837705873077));
#6921=CARTESIAN_POINT('Ctrl Pts',(38.1770505464467,36.0485319145025,-29.6607867393787));
#6922=CARTESIAN_POINT('Ctrl Pts',(38.0588812659309,37.4596095548958,-29.021904686348));
#6923=CARTESIAN_POINT('Ctrl Pts',(37.9965519833686,39.2182851616733,-27.4968155744571));
#6924=CARTESIAN_POINT('Ctrl Pts',(38.0000699043909,39.9383539564171,-25.6951920324547));
#6925=CARTESIAN_POINT('Ctrl Pts',(38.000008093294,40.0485042487784,-24.5836501025505));
#6926=CARTESIAN_POINT('Origin',(37.3000161865875,40.0451509702249,-24.5833567286915));
#6927=CARTESIAN_POINT('Ctrl Pts',(38.7000000000006,33.3773530501173,-30.));
#6928=CARTESIAN_POINT('Ctrl Pts',(38.6984312339221,33.3804053844785,-30.));
#6929=CARTESIAN_POINT('Ctrl Pts',(38.6968623809613,33.3834576745174,-30.));
#6930=CARTESIAN_POINT('Ctrl Pts',(38.4590662026109,33.8461839519332,-29.9999999999995));
#6931=CARTESIAN_POINT('Ctrl Pts',(38.2225650172977,34.3062236159343,-30.));
#6932=CARTESIAN_POINT('Ctrl Pts',(38.0101017503664,34.7773530501173,-30.));
#6933=CARTESIAN_POINT('Ctrl Pts',(38.7000000000006,33.3773530501173,-30.));
#6934=CARTESIAN_POINT('Ctrl Pts',(38.6986924009957,33.3805390316885,-30.));
#6935=CARTESIAN_POINT('Ctrl Pts',(38.6973855922412,33.3837271546087,-30.));
#6936=CARTESIAN_POINT('Ctrl Pts',(38.4992157849595,33.8667998679131,-29.9999999999995));
#6937=CARTESIAN_POINT('Ctrl Pts',(38.3021777544746,34.3471477606897,-30.));
#6938=CARTESIAN_POINT('Ctrl Pts',(38.1315819829048,34.8321364815907,-30.));
#6939=CARTESIAN_POINT('Ctrl Pts',(38.7000000000006,33.3773530501173,-30.));
#6940=CARTESIAN_POINT('Ctrl Pts',(38.6989532306574,33.380668750378,-29.999992017314));
#6941=CARTESIAN_POINT('Ctrl Pts',(38.6979091801314,33.3840002685789,-30.0000069321969));
#6942=CARTESIAN_POINT('Ctrl Pts',(38.5393446875793,33.8873369955263,-29.9996241846857));
#6943=CARTESIAN_POINT('Ctrl Pts',(38.3819156812678,34.3879605116995,-29.9870070148987));
#6944=CARTESIAN_POINT('Ctrl Pts',(38.2528501275012,34.8868242686536,-29.9609447397265));
#6945=CARTESIAN_POINT('Ctrl Pts',(38.7000000000006,33.3773530501173,-30.));
#6946=CARTESIAN_POINT('Ctrl Pts',(38.6992156169605,33.3808085229809,-30.));
#6947=CARTESIAN_POINT('Ctrl Pts',(38.698431190481,33.3842637109192,-29.999997860142));
#6948=CARTESIAN_POINT('Ctrl Pts',(38.5795331013058,33.9081539544277,-29.9995945209348));
#6949=CARTESIAN_POINT('Ctrl Pts',(38.4612825086492,34.4282136627613,-29.9599989503929));
#6950=CARTESIAN_POINT('Ctrl Pts',(38.3550508751835,34.9329133116213,-29.8889067042654));
#6951=CARTESIAN_POINT('',(38.7000000000006,33.3773530501173,-30.));
#6952=CARTESIAN_POINT('Ctrl Pts',(38.0101017503664,34.7773530501173,-30.));
#6953=CARTESIAN_POINT('Ctrl Pts',(38.2225650172977,34.3062236159343,-30.));
#6954=CARTESIAN_POINT('Ctrl Pts',(38.4590662026109,33.8461839519332,-29.9999999999995));
#6955=CARTESIAN_POINT('Ctrl Pts',(38.6968623809613,33.3834576745174,-30.));
#6956=CARTESIAN_POINT('Ctrl Pts',(38.6984312339221,33.3804053844785,-30.));
#6957=CARTESIAN_POINT('Ctrl Pts',(38.7000000000006,33.3773530501173,-30.));
#6958=CARTESIAN_POINT('Ctrl Pts',(38.7000000000006,33.3773530501173,-30.));
#6959=CARTESIAN_POINT('Ctrl Pts',(38.6992156169605,33.3808085229809,-30.));
#6960=CARTESIAN_POINT('Ctrl Pts',(38.698431190481,33.3842637109192,-29.999997860142));
#6961=CARTESIAN_POINT('Ctrl Pts',(38.5795331013058,33.9081539544277,-29.9995945209348));
#6962=CARTESIAN_POINT('Ctrl Pts',(38.4612825086492,34.4282136627613,-29.9599989503929));
#6963=CARTESIAN_POINT('Ctrl Pts',(38.3550508751835,34.9329133116213,-29.8889067042654));
#6964=CARTESIAN_POINT('Ctrl Pts',(37.3000161865875,40.7408978653335,-24.6604038438015));
#6965=CARTESIAN_POINT('Ctrl Pts',(37.3000116833824,40.7459663120106,-24.6146350173686));
#6966=CARTESIAN_POINT('Ctrl Pts',(37.3000101362632,40.7505078377019,-24.5688078394377));
#6967=CARTESIAN_POINT('Ctrl Pts',(37.3000101362632,40.7545212386677,-24.522934456486));
#6968=CARTESIAN_POINT('Ctrl Pts',(37.5088147034859,40.7409004096218,-24.6603808685006));
#6969=CARTESIAN_POINT('Ctrl Pts',(37.5089011588632,40.7459729572699,-24.6146064482543));
#6970=CARTESIAN_POINT('Ctrl Pts',(37.5089422716902,40.7505068893451,-24.5688186792057));
#6971=CARTESIAN_POINT('Ctrl Pts',(37.5089422716902,40.7545212386677,-24.522934456486));
#6972=CARTESIAN_POINT('Ctrl Pts',(37.8702428965488,40.5672228764373,-24.6411075347917));
#6973=CARTESIAN_POINT('Ctrl Pts',(37.8704743131344,40.571981529704,-24.5966879314421));
#6974=CARTESIAN_POINT('Ctrl Pts',(37.8705916317755,40.5763116667449,-24.5521986101054));
#6975=CARTESIAN_POINT('Ctrl Pts',(37.8705916317755,40.5802062021345,-24.5076838669072));
#6976=CARTESIAN_POINT('Ctrl Pts',(37.9992552563654,40.2041498560501,-24.6008864042083));
#6977=CARTESIAN_POINT('Ctrl Pts',(37.9993582551132,40.2083585002453,-24.5592316011297));
#6978=CARTESIAN_POINT('Ctrl Pts',(37.9994087807417,40.2122904341463,-24.5175318403913));
#6979=CARTESIAN_POINT('Ctrl Pts',(37.9994087807417,40.2159402090799,-24.4758147220069));
#6980=CARTESIAN_POINT('Ctrl Pts',(38.0000080932941,40.0485042487784,-24.5836501025504));
#6981=CARTESIAN_POINT('Ctrl Pts',(38.0000058416915,40.0525149283237,-24.5431801635917));
#6982=CARTESIAN_POINT('Ctrl Pts',(38.0000050681319,40.0562933542603,-24.5026790825766));
#6983=CARTESIAN_POINT('Ctrl Pts',(38.0000050681319,40.0598385251135,-24.4621575943025));
#6984=CARTESIAN_POINT('',(38.0000050681319,40.0598385251135,-24.4621575943025));
#6985=CARTESIAN_POINT('Origin',(37.3000101362632,40.0571849500035,-24.4619254365626));
#6986=CARTESIAN_POINT('Ctrl Pts',(38.0000080932941,40.0485042487784,-24.5836501025504));
#6987=CARTESIAN_POINT('Ctrl Pts',(38.0000058416915,40.0525149283237,-24.5431801635917));
#6988=CARTESIAN_POINT('Ctrl Pts',(38.0000050681319,40.0562933542603,-24.5026790825766));
#6989=CARTESIAN_POINT('Ctrl Pts',(38.0000050681319,40.0598385251135,-24.4621575943025));
#6990=CARTESIAN_POINT('Origin',(37.3000101362632,41.7623968459368,-4.97126427875469));
#6991=CARTESIAN_POINT('',(38.0000050681319,41.675068462248,-5.99999493186874));
#6992=CARTESIAN_POINT('Origin',(37.3000101362632,41.6111529549036,-6.69998986373748));
#6993=CARTESIAN_POINT('',(38.0000050681319,41.7650504210467,-4.97149643649462));
#6994=CARTESIAN_POINT('Origin',(38.7000000000006,41.7677039961567,-4.97172859423456));
#6995=CARTESIAN_POINT('',(38.7000000000006,39.3545212386678,-24.5229344564859));
#6996=CARTESIAN_POINT('Origin',(38.7000000000006,40.051857527332,-24.5839434764093));
#6997=CARTESIAN_POINT('',(38.7000000000006,40.9754009396223,-5.99619469809174));
#6998=CARTESIAN_POINT('',(38.7000000000006,41.0703677074925,-4.9107195743112));
#6999=CARTESIAN_POINT('',(38.5052867063536,41.0055494790739,-5.9685686515411));
#7000=CARTESIAN_POINT('Origin',(38.7000000000006,41.7393168903708,-5.29619469809174));
#7001=CARTESIAN_POINT('',(38.0248550893768,41.4943336656464,-5.97514491062388));
#7002=CARTESIAN_POINT('Ctrl Pts',(38.0248550893768,41.4943336656464,-5.97514491062388));
#7003=CARTESIAN_POINT('Ctrl Pts',(38.0253745351222,41.4924749178051,-5.97462546487847));
#7004=CARTESIAN_POINT('Ctrl Pts',(38.0259006984324,41.4906226616877,-5.97411047790378));
#7005=CARTESIAN_POINT('Ctrl Pts',(38.0459756094294,41.4210715575406,-5.95487227482422));
#7006=CARTESIAN_POINT('Ctrl Pts',(38.0828771599975,41.3435366442213,-5.93806096722835));
#7007=CARTESIAN_POINT('Ctrl Pts',(38.1594284092739,41.2337487413353,-5.9233352704915));
#7008=CARTESIAN_POINT('Ctrl Pts',(38.2096933490359,41.1793945546585,-5.92070606238988));
#7009=CARTESIAN_POINT('Ctrl Pts',(38.3123867112762,41.0947167811374,-5.92650822341512));
#7010=CARTESIAN_POINT('Ctrl Pts',(38.378377149798,41.0547664256392,-5.93636132716085));
#7011=CARTESIAN_POINT('Ctrl Pts',(38.4666537507442,41.018631280483,-5.957827456873));
#7012=CARTESIAN_POINT('Ctrl Pts',(38.4859500416822,41.0116605007754,-5.96296893185088));
#7013=CARTESIAN_POINT('Ctrl Pts',(38.5052867063536,41.0055494790739,-5.9685686515411));
#7014=CARTESIAN_POINT('Origin',(38.7000000000006,41.7389839695925,-5.30000000000001));
#7015=CARTESIAN_POINT('Origin',(38.7000000000006,33.3773530501173,-24.));
#7016=CARTESIAN_POINT('Origin',(38.7000000000006,33.3773530501173,-24.));
#7017=CARTESIAN_POINT('Origin',(1.18571819029967E-12,-9.32587340685131E-14,
-30.));
#7018=CARTESIAN_POINT('',(-48.9999999999985,33.3773530501174,-30.));
#7019=CARTESIAN_POINT('',(1.23411826325612E-12,33.3773530501173,-30.));
#7020=CARTESIAN_POINT('',(-51.8773530501163,30.4999999999996,-30.));
#7021=CARTESIAN_POINT('Origin',(-48.9999999999985,30.4999999999996,-30.));
#7022=CARTESIAN_POINT('',(-51.8773530501163,-30.5000000000005,-30.));
#7023=CARTESIAN_POINT('',(-51.8773530501163,-15.2500000000003,-30.));
#7024=CARTESIAN_POINT('',(-48.9999999999986,-33.3773530501182,-30.));
#7025=CARTESIAN_POINT('Origin',(-48.9999999999986,-30.5000000000005,-30.));
#7026=CARTESIAN_POINT('',(-38.7000000000009,-33.3773530501182,-30.));
#7027=CARTESIAN_POINT('',(-18.9999999999998,-33.3773530501182,-30.));
#7028=CARTESIAN_POINT('',(-38.0101017503671,-34.7773530501171,-30.));
#7029=CARTESIAN_POINT('Ctrl Pts',(-38.0101017503671,-34.7773530501171,-30.));
#7030=CARTESIAN_POINT('Ctrl Pts',(-38.2225650172982,-34.3062236159349,-30.));
#7031=CARTESIAN_POINT('Ctrl Pts',(-38.4590662025446,-33.8461839519005,-29.9999999999994));
#7032=CARTESIAN_POINT('Ctrl Pts',(-38.6968623809639,-33.3834576745203,-30.));
#7033=CARTESIAN_POINT('Ctrl Pts',(-38.6984312339264,-33.3804053844819,-30.));
#7034=CARTESIAN_POINT('Ctrl Pts',(-38.7000000000009,-33.3773530501182,-30.));
#7035=CARTESIAN_POINT('',(-25.9898982496346,-34.7773530501171,-30.));
#7036=CARTESIAN_POINT('',(-12.9999999999999,-34.7773530501172,-30.));
#7037=CARTESIAN_POINT('',(-25.3000000000008,-33.3773530501182,-30.));
#7038=CARTESIAN_POINT('Ctrl Pts',(-25.3000000000008,-33.3773530501182,-30.));
#7039=CARTESIAN_POINT('Ctrl Pts',(-25.3015687660755,-33.3804053844823,-30.));
#7040=CARTESIAN_POINT('Ctrl Pts',(-25.3031376190816,-33.3834576744986,-30.));
#7041=CARTESIAN_POINT('Ctrl Pts',(-25.5409337877631,-33.8461839567083,-30.));
#7042=CARTESIAN_POINT('Ctrl Pts',(-25.7774349827036,-34.3062236159349,-30.));
#7043=CARTESIAN_POINT('Ctrl Pts',(-25.9898982496346,-34.7773530501171,-30.));
#7044=CARTESIAN_POINT('',(25.2999999999991,-33.3773530501182,-30.));
#7045=CARTESIAN_POINT('',(13.0000000000002,-33.3773530501182,-30.));
#7046=CARTESIAN_POINT('',(25.9898982496333,-34.7773530501182,-30.));
#7047=CARTESIAN_POINT('Ctrl Pts',(25.9898982496333,-34.7773530501182,-30.));
#7048=CARTESIAN_POINT('Ctrl Pts',(25.7774349827021,-34.3062236159356,-30.));
#7049=CARTESIAN_POINT('Ctrl Pts',(25.5409337877604,-33.8461839567087,-30.0000000000002));
#7050=CARTESIAN_POINT('Ctrl Pts',(25.3031376190799,-33.3834576744986,-30.));
#7051=CARTESIAN_POINT('Ctrl Pts',(25.3015687660736,-33.3804053844819,-30.));
#7052=CARTESIAN_POINT('Ctrl Pts',(25.2999999999991,-33.3773530501182,-30.));
#7053=CARTESIAN_POINT('',(38.0101017503647,-34.7773530501186,-30.));
#7054=CARTESIAN_POINT('',(18.9999999999997,-34.7773530501179,-30.));
#7055=CARTESIAN_POINT('',(38.6999999999992,-33.3773530501182,-30.));
#7056=CARTESIAN_POINT('Ctrl Pts',(38.6999999999992,-33.3773530501182,-30.));
#7057=CARTESIAN_POINT('Ctrl Pts',(38.6984312339246,-33.3804053844823,-30.));
#7058=CARTESIAN_POINT('Ctrl Pts',(38.6968623809622,-33.3834576745203,-30.));
#7059=CARTESIAN_POINT('Ctrl Pts',(38.4590662025436,-33.8461839519016,-30.));
#7060=CARTESIAN_POINT('Ctrl Pts',(38.222565017296,-34.3062236159359,-30.));
#7061=CARTESIAN_POINT('Ctrl Pts',(38.0101017503647,-34.7773530501186,-30.));
#7062=CARTESIAN_POINT('',(49.0000000000012,-33.3773530501182,-30.));
#7063=CARTESIAN_POINT('',(24.5000000000012,-33.3773530501182,-30.));
#7064=CARTESIAN_POINT('',(51.8773530501187,-30.5000000000007,-30.));
#7065=CARTESIAN_POINT('Origin',(49.0000000000012,-30.5000000000007,-30.));
#7066=CARTESIAN_POINT('',(51.8773530501184,30.4999999999986,-30.));
#7067=CARTESIAN_POINT('',(51.8773530501185,15.2499999999994,-30.));
#7068=CARTESIAN_POINT('',(48.9999999999997,33.3773530501173,-30.));
#7069=CARTESIAN_POINT('Origin',(48.9999999999997,30.4999999999986,-30.));
#7070=CARTESIAN_POINT('',(38.0000000000006,33.3773530501173,-30.));
#7071=CARTESIAN_POINT('',(-12.9999999999991,33.3773530501173,-30.));
#7072=CARTESIAN_POINT('Ctrl Pts',(25.9898982496333,-34.7773530501182,-30.));
#7073=CARTESIAN_POINT('Ctrl Pts',(26.1429148788219,-35.1614761228668,-30.));
#7074=CARTESIAN_POINT('Ctrl Pts',(26.4448016157775,-36.3852223488191,-29.885459068429));
#7075=CARTESIAN_POINT('Ctrl Pts',(26.6446298118408,-38.3569130767708,-29.0384593346085));
#7076=CARTESIAN_POINT('Ctrl Pts',(26.7019638739307,-40.1038123185777,-27.1328767116335));
#7077=CARTESIAN_POINT('Ctrl Pts',(26.6999013986162,-40.6481383760903,-25.4980358114762));
#7078=CARTESIAN_POINT('Ctrl Pts',(26.699983813412,-40.7408978653344,-24.6604038438016));
#7079=CARTESIAN_POINT('Ctrl Pts',(25.9204809738971,-34.808657868103,-30.));
#7080=CARTESIAN_POINT('Ctrl Pts',(26.0566232201615,-35.1907276405609,-29.998027164173));
#7081=CARTESIAN_POINT('Ctrl Pts',(26.3205141681793,-36.4064798945913,-29.8783233689214));
#7082=CARTESIAN_POINT('Ctrl Pts',(26.478843063882,-38.3636866489979,-29.0315251996546));
#7083=CARTESIAN_POINT('Ctrl Pts',(26.5041897993448,-40.1037667894136,-27.1323179431493));
#7084=CARTESIAN_POINT('Ctrl Pts',(26.4927692119123,-40.6480534627841,-25.4982266133509));
#7085=CARTESIAN_POINT('Ctrl Pts',(26.4911852965135,-40.7409004096226,-24.6603808685008));
#7086=CARTESIAN_POINT('Ctrl Pts',(25.7990242066253,-34.8634307175435,-29.9780450580191));
#7087=CARTESIAN_POINT('Ctrl Pts',(25.9056761049397,-35.2404812004572,-29.9640670706705));
#7088=CARTESIAN_POINT('Ctrl Pts',(26.1028440892677,-36.4338295637908,-29.8081100403909));
#7089=CARTESIAN_POINT('Ctrl Pts',(26.1892569104603,-38.3206031520513,-28.9243296551206));
#7090=CARTESIAN_POINT('Ctrl Pts',(26.1611610297246,-39.9688987808634,-27.0433355808897));
#7091=CARTESIAN_POINT('Ctrl Pts',(26.1339900875875,-40.4801078780966,-25.4543506303167));
#7092=CARTESIAN_POINT('Ctrl Pts',(26.1297505338549,-40.5672283486649,-24.6411081400553));
#7093=CARTESIAN_POINT('Ctrl Pts',(25.6887494452514,-34.913160864636,-29.9197801480344));
#7094=CARTESIAN_POINT('Ctrl Pts',(25.7728296689188,-35.281306667623,-29.8809738031772));
#7095=CARTESIAN_POINT('Ctrl Pts',(25.9318823347225,-36.4327854210839,-29.6515001190242));
#7096=CARTESIAN_POINT('Ctrl Pts',(26.0153791123339,-38.1904999570695,-28.6989734637475));
#7097=CARTESIAN_POINT('Ctrl Pts',(26.0150676950283,-39.6757387404678,-26.859881205407));
#7098=CARTESIAN_POINT('Ctrl Pts',(26.0026317011417,-40.127092100421,-25.3635987515479));
#7099=CARTESIAN_POINT('Ctrl Pts',(26.0007447436341,-40.204149856051,-24.6008864042084));
#7100=CARTESIAN_POINT('Ctrl Pts',(25.6449491248162,-34.9329133116222,-29.8889067042654));
#7101=CARTESIAN_POINT('Ctrl Pts',(25.7214574394105,-35.2963993868232,-29.837705873077));
#7102=CARTESIAN_POINT('Ctrl Pts',(25.8724008078882,-36.4264843997998,-29.572861678981));
#7103=CARTESIAN_POINT('Ctrl Pts',(25.9723149059199,-38.124846852085,-28.5939418248728));
#7104=CARTESIAN_POINT('Ctrl Pts',(26.0009819369648,-39.5451700879306,-26.7802422110064));
#7105=CARTESIAN_POINT('Ctrl Pts',(25.9999506993076,-39.9750707205385,-25.32467805582));
#7106=CARTESIAN_POINT('Ctrl Pts',(25.9999919067054,-40.0485042487794,-24.5836501025505));
#7107=CARTESIAN_POINT('',(25.9999919067054,-40.0485042487794,-24.5836501025504));
#7108=CARTESIAN_POINT('',(26.699983813412,-40.7408978653344,-24.6604038438016));
#7109=CARTESIAN_POINT('Origin',(26.699983813412,-40.0451509702258,-24.5833567286914));
#7110=CARTESIAN_POINT('Ctrl Pts',(26.699983813412,-40.7408978653344,-24.6604038438016));
#7111=CARTESIAN_POINT('Ctrl Pts',(26.6999013986162,-40.6481383760903,-25.4980358114762));
#7112=CARTESIAN_POINT('Ctrl Pts',(26.7019638739307,-40.1038123185777,-27.1328767116335));
#7113=CARTESIAN_POINT('Ctrl Pts',(26.6446298118408,-38.3569130767708,-29.0384593346085));
#7114=CARTESIAN_POINT('Ctrl Pts',(26.4448016157775,-36.3852223488191,-29.885459068429));
#7115=CARTESIAN_POINT('Ctrl Pts',(26.1429148788219,-35.1614761228668,-30.));
#7116=CARTESIAN_POINT('Ctrl Pts',(25.9898982496333,-34.7773530501182,-30.));
#7117=CARTESIAN_POINT('',(25.6449491248162,-34.9329133116222,-29.8889067042654));
#7118=CARTESIAN_POINT('Origin',(25.9898982496333,-34.7773530501182,-29.3));
#7119=CARTESIAN_POINT('Ctrl Pts',(25.6449491248162,-34.9329133116222,-29.8889067042654));
#7120=CARTESIAN_POINT('Ctrl Pts',(25.7214574394105,-35.2963993868232,-29.837705873077));
#7121=CARTESIAN_POINT('Ctrl Pts',(25.8724008078882,-36.4264843997998,-29.572861678981));
#7122=CARTESIAN_POINT('Ctrl Pts',(25.9723149059199,-38.124846852085,-28.5939418248728));
#7123=CARTESIAN_POINT('Ctrl Pts',(26.0009819369648,-39.5451700879306,-26.7802422110064));
#7124=CARTESIAN_POINT('Ctrl Pts',(25.9999506993076,-39.9750707205385,-25.32467805582));
#7125=CARTESIAN_POINT('Ctrl Pts',(25.9999919067054,-40.0485042487794,-24.5836501025505));
#7126=CARTESIAN_POINT('Ctrl Pts',(25.2999999999991,-33.3773530501182,-30.));
#7127=CARTESIAN_POINT('Ctrl Pts',(25.3015687660736,-33.3804053844819,-30.));
#7128=CARTESIAN_POINT('Ctrl Pts',(25.3031376190799,-33.3834576744986,-30.));
#7129=CARTESIAN_POINT('Ctrl Pts',(25.5409337877604,-33.8461839567087,-30.0000000000002));
#7130=CARTESIAN_POINT('Ctrl Pts',(25.7774349827021,-34.3062236159356,-30.));
#7131=CARTESIAN_POINT('Ctrl Pts',(25.9898982496333,-34.7773530501182,-30.));
#7132=CARTESIAN_POINT('Ctrl Pts',(25.2999999999991,-33.3773530501182,-30.));
#7133=CARTESIAN_POINT('Ctrl Pts',(25.3013075990005,-33.3805390316913,-30.));
#7134=CARTESIAN_POINT('Ctrl Pts',(25.3026144078003,-33.3837271545899,-30.));
#7135=CARTESIAN_POINT('Ctrl Pts',(25.5007842054114,-33.8667998726886,-30.0000000000002));
#7136=CARTESIAN_POINT('Ctrl Pts',(25.6978222455255,-34.3471477606909,-30.));
#7137=CARTESIAN_POINT('Ctrl Pts',(25.8684180170949,-34.8321364815916,-30.));
#7138=CARTESIAN_POINT('Ctrl Pts',(25.2999999999991,-33.3773530501182,-30.));
#7139=CARTESIAN_POINT('Ctrl Pts',(25.3010467693388,-33.3806687503802,-29.999992017314));
#7140=CARTESIAN_POINT('Ctrl Pts',(25.3020908198888,-33.3840002684427,-30.0000069319808));
#7141=CARTESIAN_POINT('Ctrl Pts',(25.4606553076067,-33.8873370263377,-29.9996242325789));
#7142=CARTESIAN_POINT('Ctrl Pts',(25.6180843187318,-34.3879605117008,-29.9870070148986));
#7143=CARTESIAN_POINT('Ctrl Pts',(25.7471498724985,-34.8868242686545,-29.9609447397265));
#7144=CARTESIAN_POINT('Ctrl Pts',(25.2999999999991,-33.3773530501182,-30.));
#7145=CARTESIAN_POINT('Ctrl Pts',(25.3007843830362,-33.3808085229824,-30.));
#7146=CARTESIAN_POINT('Ctrl Pts',(25.3015688095395,-33.3842637107831,-29.9999978599259));
#7147=CARTESIAN_POINT('Ctrl Pts',(25.4204668938798,-33.9081539852391,-29.999594568828));
#7148=CARTESIAN_POINT('Ctrl Pts',(25.5387174913506,-34.4282136627626,-29.9599989503929));
#7149=CARTESIAN_POINT('Ctrl Pts',(25.6449491248162,-34.9329133116222,-29.8889067042654));
#7150=CARTESIAN_POINT('Ctrl Pts',(25.2999999999991,-33.3773530501182,-30.));
#7151=CARTESIAN_POINT('Ctrl Pts',(25.3007843830362,-33.3808085229824,-30.));
#7152=CARTESIAN_POINT('Ctrl Pts',(25.3015688095395,-33.3842637107831,-29.9999978599259));
#7153=CARTESIAN_POINT('Ctrl Pts',(25.4204668938798,-33.9081539852391,-29.999594568828));
#7154=CARTESIAN_POINT('Ctrl Pts',(25.5387174913506,-34.4282136627626,-29.9599989503929));
#7155=CARTESIAN_POINT('Ctrl Pts',(25.6449491248162,-34.9329133116222,-29.8889067042654));
#7156=CARTESIAN_POINT('Ctrl Pts',(25.999994931868,-40.0598385251144,-24.4621575943025));
#7157=CARTESIAN_POINT('Ctrl Pts',(25.999994931868,-40.0562933542612,-24.5026790825766));
#7158=CARTESIAN_POINT('Ctrl Pts',(25.9999941583084,-40.0525149283246,-24.5431801635917));
#7159=CARTESIAN_POINT('Ctrl Pts',(25.9999919067058,-40.0485042487794,-24.5836501025505));
#7160=CARTESIAN_POINT('Ctrl Pts',(26.0007899817216,-40.2679741037363,-24.4803670979083));
#7161=CARTESIAN_POINT('Ctrl Pts',(26.0007899817216,-40.2642885774507,-24.5224928561159));
#7162=CARTESIAN_POINT('Ctrl Pts',(26.0008546847815,-40.2603091637148,-24.5645722472899));
#7163=CARTESIAN_POINT('Ctrl Pts',(26.0009956892774,-40.2560317251416,-24.6066318380943));
#7164=CARTESIAN_POINT('Ctrl Pts',(26.1771390796544,-40.6275893987105,-24.5118293594491));
#7165=CARTESIAN_POINT('Ctrl Pts',(26.1771390796544,-40.6236627397257,-24.5567112770207));
#7166=CARTESIAN_POINT('Ctrl Pts',(26.1772503767719,-40.619275196975,-24.6015591373406));
#7167=CARTESIAN_POINT('Ctrl Pts',(26.1774681707511,-40.6144306826323,-24.6463406486074));
#7168=CARTESIAN_POINT('Ctrl Pts',(26.5432907621664,-40.7545212386687,-24.5229344564859));
#7169=CARTESIAN_POINT('Ctrl Pts',(26.5432907621664,-40.7505078597731,-24.5688075871727));
#7170=CARTESIAN_POINT('Ctrl Pts',(26.5433232136983,-40.7459688460639,-24.614621744314));
#7171=CARTESIAN_POINT('Ctrl Pts',(26.5433849257386,-40.7408997735506,-24.6603866123259));
#7172=CARTESIAN_POINT('Ctrl Pts',(26.6999898637367,-40.7545212386687,-24.5229344564859));
#7173=CARTESIAN_POINT('Ctrl Pts',(26.6999898637367,-40.7505078377028,-24.5688078394377));
#7174=CARTESIAN_POINT('Ctrl Pts',(26.6999883166174,-40.7459663120115,-24.6146350173686));
#7175=CARTESIAN_POINT('Ctrl Pts',(26.6999838134124,-40.7408978653344,-24.6604038438016));
#7176=CARTESIAN_POINT('',(25.999994931868,-40.0598385251144,-24.4621575943025));
#7177=CARTESIAN_POINT('Ctrl Pts',(25.9999919067058,-40.0485042487794,-24.5836501025505));
#7178=CARTESIAN_POINT('Ctrl Pts',(25.9999941583084,-40.0525149283246,-24.5431801635917));
#7179=CARTESIAN_POINT('Ctrl Pts',(25.999994931868,-40.0562933542612,-24.5026790825766));
#7180=CARTESIAN_POINT('Ctrl Pts',(25.999994931868,-40.0598385251144,-24.4621575943025));
#7181=CARTESIAN_POINT('',(26.6999898637367,-40.7545212386687,-24.5229344564859));
#7182=CARTESIAN_POINT('Origin',(26.6999898637367,-40.0571849500044,-24.4619254365626));
#7183=CARTESIAN_POINT('Ctrl Pts',(26.6999898637367,-40.7545212386687,-24.5229344564859));
#7184=CARTESIAN_POINT('Ctrl Pts',(26.6999898637367,-40.7505078377028,-24.5688078394377));
#7185=CARTESIAN_POINT('Ctrl Pts',(26.6999883166174,-40.7459663120115,-24.6146350173686));
#7186=CARTESIAN_POINT('Ctrl Pts',(26.6999838134124,-40.7408978653344,-24.6604038438016));
#7187=CARTESIAN_POINT('Origin',(26.6999898637367,-41.7623968459377,-4.97126427875469));
#7188=CARTESIAN_POINT('',(25.999994931868,-41.0626478175675,-12.9999949318687));
#7189=CARTESIAN_POINT('',(26.6999898637367,-41.7014061965034,-13.6999898637375));
#7190=CARTESIAN_POINT('Origin',(26.6999898637367,-40.998732310223,-13.6999898637375));
#7191=CARTESIAN_POINT('',(26.6999898637366,-42.4597331346019,-5.03227329867805));
#7192=CARTESIAN_POINT('',(25.9999949318679,-41.7650504210477,-4.97149643649463));
#7193=CARTESIAN_POINT('Origin',(25.2999999999992,-41.7677039961576,-4.97172859423456));
#7194=CARTESIAN_POINT('',(25.2999999999993,-39.3545212386687,-24.5229344564859));
#7195=CARTESIAN_POINT('Origin',(25.2999999999993,-40.0518575273329,-24.5839434764093));
#7196=CARTESIAN_POINT('',(25.2999999999992,-40.3629802949417,-12.9961946980917));
#7197=CARTESIAN_POINT('',(25.2999999999992,-41.0703677074934,-4.9107195743112));
#7198=CARTESIAN_POINT('',(25.4947132936463,-40.3931288343934,-12.9685686515411));
#7199=CARTESIAN_POINT('Origin',(25.2999999999992,-41.1268962456902,-12.2961946980918));
#7200=CARTESIAN_POINT('',(25.9751449106231,-40.8819130209659,-12.9751449106239));
#7201=CARTESIAN_POINT('Ctrl Pts',(25.9751449106231,-40.8819130209659,-12.9751449106239));
#7202=CARTESIAN_POINT('Ctrl Pts',(25.9746254648777,-40.8800542731246,-12.9746254648785));
#7203=CARTESIAN_POINT('Ctrl Pts',(25.9740993015674,-40.8782020170072,-12.9741104779038));
#7204=CARTESIAN_POINT('Ctrl Pts',(25.9540243905705,-40.80865091286,-12.9548722748242));
#7205=CARTESIAN_POINT('Ctrl Pts',(25.9171228400024,-40.7311159995407,-12.9380609672283));
#7206=CARTESIAN_POINT('Ctrl Pts',(25.840571590726,-40.6213280966548,-12.9233352704915));
#7207=CARTESIAN_POINT('Ctrl Pts',(25.7903066509639,-40.566973909978,-12.9207060623899));
#7208=CARTESIAN_POINT('Ctrl Pts',(25.6876132887237,-40.4822961364568,-12.9265082234151));
#7209=CARTESIAN_POINT('Ctrl Pts',(25.6216228502018,-40.4423457809586,-12.9363613271609));
#7210=CARTESIAN_POINT('Ctrl Pts',(25.5333462492557,-40.4062106358025,-12.957827456873));
#7211=CARTESIAN_POINT('Ctrl Pts',(25.5140499583177,-40.3992398560949,-12.9629689318509));
#7212=CARTESIAN_POINT('Ctrl Pts',(25.4947132936463,-40.3931288343934,-12.9685686515411));
#7213=CARTESIAN_POINT('Origin',(25.2999999999992,-41.1265633249119,-12.3));
#7214=CARTESIAN_POINT('Ctrl Pts',(37.3000161865857,-40.7408978653348,-24.6604038438017));
#7215=CARTESIAN_POINT('Ctrl Pts',(37.3001398087794,-40.6017586314687,-25.9168517953136));
#7216=CARTESIAN_POINT('Ctrl Pts',(37.2931039667348,-39.6842349077526,-27.9299582830762));
#7217=CARTESIAN_POINT('Ctrl Pts',(37.4177625318595,-37.5739245524744,-29.4230276515713));
#7218=CARTESIAN_POINT('Ctrl Pts',(37.6541010928911,-35.9761509056374,-29.9223119711993));
#7219=CARTESIAN_POINT('Ctrl Pts',(37.857085121176,-35.1614761228673,-30.));
#7220=CARTESIAN_POINT('Ctrl Pts',(38.0101017503647,-34.7773530501186,-30.));
#7221=CARTESIAN_POINT('Ctrl Pts',(37.5088147034842,-40.740900409623,-24.6603808685008));
#7222=CARTESIAN_POINT('Ctrl Pts',(37.5064388303861,-40.6016299893652,-25.917149485776));
#7223=CARTESIAN_POINT('Ctrl Pts',(37.4837895706086,-39.6843980079691,-27.9273224637181));
#7224=CARTESIAN_POINT('Ctrl Pts',(37.568187183789,-37.5865997107969,-29.4151968851011));
#7225=CARTESIAN_POINT('Ctrl Pts',(37.7658887298683,-36.0001525585007,-29.916999301365));
#7226=CARTESIAN_POINT('Ctrl Pts',(37.9433767798365,-35.1907276405614,-29.998027164173));
#7227=CARTESIAN_POINT('Ctrl Pts',(38.079519026101,-34.8086578681035,-30.));
#7228=CARTESIAN_POINT('Ctrl Pts',(37.8702416769655,-40.5672218605728,-24.6411074224307));
#7229=CARTESIAN_POINT('Ctrl Pts',(37.8638823463666,-40.4365411547204,-25.8609711578227));
#7230=CARTESIAN_POINT('Ctrl Pts',(37.8150124106995,-39.5765199619505,-27.8189712755843));
#7231=CARTESIAN_POINT('Ctrl Pts',(37.8310681235674,-37.5740509514409,-29.3208893890778));
#7232=CARTESIAN_POINT('Ctrl Pts',(37.9615860226924,-36.0348356548312,-29.8590957232611));
#7233=CARTESIAN_POINT('Ctrl Pts',(38.0943238393992,-35.2404811753573,-29.9640668844689));
#7234=CARTESIAN_POINT('Ctrl Pts',(38.2009757377136,-34.8634306924436,-29.9780448718176));
#7235=CARTESIAN_POINT('Ctrl Pts',(37.9992552563637,-40.2041498560513,-24.6008864042084));
#7236=CARTESIAN_POINT('Ctrl Pts',(37.9964248201024,-40.0885632226063,-25.7449549252177));
#7237=CARTESIAN_POINT('Ctrl Pts',(37.9732028118847,-39.3315100157113,-27.5955725795546));
#7238=CARTESIAN_POINT('Ctrl Pts',(38.007507720705,-37.4999568814023,-29.1189425399956));
#7239=CARTESIAN_POINT('Ctrl Pts',(38.1201195532826,-36.0476392626194,-29.7273959731141));
#7240=CARTESIAN_POINT('Ctrl Pts',(38.2271703310793,-35.2813066676235,-29.8809738031771));
#7241=CARTESIAN_POINT('Ctrl Pts',(38.3112505547466,-34.9131608646366,-29.9197801480344));
#7242=CARTESIAN_POINT('Ctrl Pts',(38.0000080932923,-40.0485042487795,-24.5836501025506));
#7243=CARTESIAN_POINT('Ctrl Pts',(38.0000699043892,-39.9383539564182,-25.6951920324547));
#7244=CARTESIAN_POINT('Ctrl Pts',(37.9965519833669,-39.2182851616744,-27.4968155744571));
#7245=CARTESIAN_POINT('Ctrl Pts',(38.0588812659292,-37.459609554897,-29.0219046863479));
#7246=CARTESIAN_POINT('Ctrl Pts',(38.1770505464451,-36.0485319145037,-29.6607867393786));
#7247=CARTESIAN_POINT('Ctrl Pts',(38.2785425605876,-35.2963993868237,-29.8377058730769));
#7248=CARTESIAN_POINT('Ctrl Pts',(38.3550508751819,-34.9329133116227,-29.8889067042653));
#7249=CARTESIAN_POINT('',(38.3550508751819,-34.9329133116227,-29.8889067042653));
#7250=CARTESIAN_POINT('Origin',(38.0101017503647,-34.7773530501186,-29.3));
#7251=CARTESIAN_POINT('',(37.3000161865857,-40.7408978653348,-24.6604038438017));
#7252=CARTESIAN_POINT('Ctrl Pts',(38.0101017503647,-34.7773530501186,-30.));
#7253=CARTESIAN_POINT('Ctrl Pts',(37.857085121176,-35.1614761228673,-30.));
#7254=CARTESIAN_POINT('Ctrl Pts',(37.6541010928911,-35.9761509056374,-29.9223119711993));
#7255=CARTESIAN_POINT('Ctrl Pts',(37.4177625318595,-37.5739245524744,-29.4230276515713));
#7256=CARTESIAN_POINT('Ctrl Pts',(37.2931039667348,-39.6842349077526,-27.9299582830762));
#7257=CARTESIAN_POINT('Ctrl Pts',(37.3001398087794,-40.6017586314687,-25.9168517953136));
#7258=CARTESIAN_POINT('Ctrl Pts',(37.3000161865857,-40.7408978653348,-24.6604038438017));
#7259=CARTESIAN_POINT('',(38.0000080932923,-40.0485042487796,-24.5836501025504));
#7260=CARTESIAN_POINT('Origin',(37.3000161865857,-40.0451509702262,-24.5833567286915));
#7261=CARTESIAN_POINT('Ctrl Pts',(38.0000080932923,-40.0485042487795,-24.5836501025506));
#7262=CARTESIAN_POINT('Ctrl Pts',(38.0000699043892,-39.9383539564182,-25.6951920324547));
#7263=CARTESIAN_POINT('Ctrl Pts',(37.9965519833669,-39.2182851616744,-27.4968155744571));
#7264=CARTESIAN_POINT('Ctrl Pts',(38.0588812659292,-37.459609554897,-29.0219046863479));
#7265=CARTESIAN_POINT('Ctrl Pts',(38.1770505464451,-36.0485319145037,-29.6607867393786));
#7266=CARTESIAN_POINT('Ctrl Pts',(38.2785425605876,-35.2963993868237,-29.8377058730769));
#7267=CARTESIAN_POINT('Ctrl Pts',(38.3550508751819,-34.9329133116227,-29.8889067042653));
#7268=CARTESIAN_POINT('Ctrl Pts',(38.6999999999992,-33.3773530501182,-30.));
#7269=CARTESIAN_POINT('Ctrl Pts',(38.699215616962,-33.3808085229828,-30.));
#7270=CARTESIAN_POINT('Ctrl Pts',(38.6984311904807,-33.3842637109224,-29.999997860142));
#7271=CARTESIAN_POINT('Ctrl Pts',(38.5795331012719,-33.9081539543914,-29.9995945209353));
#7272=CARTESIAN_POINT('Ctrl Pts',(38.4612825086476,-34.4282136627629,-29.9599989503928));
#7273=CARTESIAN_POINT('Ctrl Pts',(38.3550508751819,-34.9329133116227,-29.8889067042653));
#7274=CARTESIAN_POINT('Ctrl Pts',(38.6999999999992,-33.3773530501182,-30.));
#7275=CARTESIAN_POINT('Ctrl Pts',(38.6989532306593,-33.3806687503806,-29.999992017314));
#7276=CARTESIAN_POINT('Ctrl Pts',(38.6979091801314,-33.384000268582,-30.0000069321969));
#7277=CARTESIAN_POINT('Ctrl Pts',(38.539344687545,-33.88733699549,-29.9996241846862));
#7278=CARTESIAN_POINT('Ctrl Pts',(38.3819156812664,-34.3879605117011,-29.9870070148986));
#7279=CARTESIAN_POINT('Ctrl Pts',(38.2528501274996,-34.886824268655,-29.9609447397265));
#7280=CARTESIAN_POINT('Ctrl Pts',(38.6999999999992,-33.3773530501182,-30.));
#7281=CARTESIAN_POINT('Ctrl Pts',(38.6986924009977,-33.3805390316917,-30.));
#7282=CARTESIAN_POINT('Ctrl Pts',(38.6973855922418,-33.3837271546116,-30.));
#7283=CARTESIAN_POINT('Ctrl Pts',(38.4992157848926,-33.8667998678815,-30.));
#7284=CARTESIAN_POINT('Ctrl Pts',(38.3021777544727,-34.3471477606912,-30.));
#7285=CARTESIAN_POINT('Ctrl Pts',(38.1315819829032,-34.8321364815921,-30.));
#7286=CARTESIAN_POINT('Ctrl Pts',(38.6999999999992,-33.3773530501182,-30.));
#7287=CARTESIAN_POINT('Ctrl Pts',(38.6984312339246,-33.3804053844823,-30.));
#7288=CARTESIAN_POINT('Ctrl Pts',(38.6968623809622,-33.3834576745203,-30.));
#7289=CARTESIAN_POINT('Ctrl Pts',(38.4590662025436,-33.8461839519016,-30.));
#7290=CARTESIAN_POINT('Ctrl Pts',(38.222565017296,-34.3062236159359,-30.));
#7291=CARTESIAN_POINT('Ctrl Pts',(38.0101017503647,-34.7773530501186,-30.));
#7292=CARTESIAN_POINT('Ctrl Pts',(38.3550508751819,-34.9329133116227,-29.8889067042653));
#7293=CARTESIAN_POINT('Ctrl Pts',(38.4612825086476,-34.4282136627629,-29.9599989503928));
#7294=CARTESIAN_POINT('Ctrl Pts',(38.5795331012719,-33.9081539543914,-29.9995945209353));
#7295=CARTESIAN_POINT('Ctrl Pts',(38.6984311904807,-33.3842637109224,-29.999997860142));
#7296=CARTESIAN_POINT('Ctrl Pts',(38.699215616962,-33.3808085229828,-30.));
#7297=CARTESIAN_POINT('Ctrl Pts',(38.6999999999992,-33.3773530501182,-30.));
#7298=CARTESIAN_POINT('Ctrl Pts',(38.0000080932927,-40.0485042487796,-24.5836501025505));
#7299=CARTESIAN_POINT('Ctrl Pts',(38.0000058416902,-40.0525149283248,-24.5431801635917));
#7300=CARTESIAN_POINT('Ctrl Pts',(38.0000050681305,-40.0562933542614,-24.5026790825766));
#7301=CARTESIAN_POINT('Ctrl Pts',(38.0000050681305,-40.0598385251146,-24.4621575943025));
#7302=CARTESIAN_POINT('Ctrl Pts',(37.9990043107212,-40.2560317251418,-24.6066318380943));
#7303=CARTESIAN_POINT('Ctrl Pts',(37.9991453152171,-40.260309163715,-24.56457224729));
#7304=CARTESIAN_POINT('Ctrl Pts',(37.9992100182769,-40.2642885774509,-24.5224928561159));
#7305=CARTESIAN_POINT('Ctrl Pts',(37.9992100182769,-40.2679741037365,-24.4803670979083));
#7306=CARTESIAN_POINT('Ctrl Pts',(37.8225251372207,-40.6144226678042,-24.6463397617896));
#7307=CARTESIAN_POINT('Ctrl Pts',(37.8227429311998,-40.6192671821469,-24.6015582505228));
#7308=CARTESIAN_POINT('Ctrl Pts',(37.8228542085172,-40.6236546900506,-24.5567105727654));
#7309=CARTESIAN_POINT('Ctrl Pts',(37.8228542085172,-40.6275813490354,-24.5118286551938));
#7310=CARTESIAN_POINT('Ctrl Pts',(37.4566150742599,-40.740899773551,-24.660386612326));
#7311=CARTESIAN_POINT('Ctrl Pts',(37.4566767863002,-40.7459688460643,-24.6146217443141));
#7312=CARTESIAN_POINT('Ctrl Pts',(37.4567092378321,-40.7505078597735,-24.5688075871727));
#7313=CARTESIAN_POINT('Ctrl Pts',(37.4567092378321,-40.7545212386691,-24.5229344564859));
#7314=CARTESIAN_POINT('Ctrl Pts',(37.3000161865861,-40.7408978653348,-24.6604038438016));
#7315=CARTESIAN_POINT('Ctrl Pts',(37.300011683381,-40.7459663120119,-24.6146350173687));
#7316=CARTESIAN_POINT('Ctrl Pts',(37.3000101362618,-40.7505078377032,-24.5688078394378));
#7317=CARTESIAN_POINT('Ctrl Pts',(37.3000101362618,-40.7545212386691,-24.5229344564859));
#7318=CARTESIAN_POINT('',(37.3000101362618,-40.7545212386691,-24.522934456486));
#7319=CARTESIAN_POINT('',(38.0000050681305,-40.0598385251146,-24.4621575943025));
#7320=CARTESIAN_POINT('Origin',(37.3000101362618,-40.0571849500048,-24.4619254365626));
#7321=CARTESIAN_POINT('Ctrl Pts',(38.0000050681305,-40.0598385251146,-24.4621575943025));
#7322=CARTESIAN_POINT('Ctrl Pts',(38.0000050681305,-40.0562933542614,-24.5026790825766));
#7323=CARTESIAN_POINT('Ctrl Pts',(38.0000058416902,-40.0525149283248,-24.5431801635917));
#7324=CARTESIAN_POINT('Ctrl Pts',(38.0000080932927,-40.0485042487796,-24.5836501025505));
#7325=CARTESIAN_POINT('Ctrl Pts',(37.3000161865861,-40.7408978653348,-24.6604038438016));
#7326=CARTESIAN_POINT('Ctrl Pts',(37.300011683381,-40.7459663120119,-24.6146350173687));
#7327=CARTESIAN_POINT('Ctrl Pts',(37.3000101362618,-40.7505078377032,-24.5688078394378));
#7328=CARTESIAN_POINT('Ctrl Pts',(37.3000101362618,-40.7545212386691,-24.5229344564859));
#7329=CARTESIAN_POINT('Origin',(37.3000101362617,-41.7570795594924,-5.03204114093815));
#7330=CARTESIAN_POINT('',(38.0000050681305,-40.4713136694609,-19.7589751731376));
#7331=CARTESIAN_POINT('',(37.3000101362617,-41.1881173517823,-19.566908205328));
#7332=CARTESIAN_POINT('Origin',(37.3000101362618,-40.4685755958442,-19.759708837752));
#7333=CARTESIAN_POINT('',(38.0000050681304,-41.7597331346021,-5.03227329867807));
#7334=CARTESIAN_POINT('',(37.3000101362617,-42.4544158481566,-5.09305016086151));
#7335=CARTESIAN_POINT('Origin',(37.9999999999991,-42.4642212862626,-4.98097349045873));
#7336=CARTESIAN_POINT('',(25.5021210650887,-41.8062061367764,-12.5021210650895));
#7337=CARTESIAN_POINT('',(26.6849031182174,-41.7027261157058,-13.6849031182183));
#7338=CARTESIAN_POINT('',(26.470050055985,-41.7629802949417,-12.9961946980917));
#7339=CARTESIAN_POINT('Origin',(25.9539559202179,-41.8532850673253,-11.9640064265576));
#7340=CARTESIAN_POINT('',(36.0000000000033,-41.762980294942,-12.9961946980917));
#7341=CARTESIAN_POINT('',(19.0000000000012,-41.7629802949414,-12.9961946980917));
#7342=CARTESIAN_POINT('',(36.0000000000033,-41.1881173517822,-19.566908205328));
#7343=CARTESIAN_POINT('',(36.0000000000033,-42.7261681593962,-1.98690702999528));
#7344=CARTESIAN_POINT('',(38.8125000000014,-41.1881173517823,-19.5669082053279));
#7345=CARTESIAN_POINT('',(18.9999999999994,-40.7545212386684,-24.5229344564859));
#7346=CARTESIAN_POINT('Origin',(18.9999999999997,-34.7773530501179,-24.));
#7347=CARTESIAN_POINT('Ctrl Pts',(-38.0101017503671,-34.7773530501171,-30.));
#7348=CARTESIAN_POINT('Ctrl Pts',(-37.8570851211785,-35.1614761228657,-30.));
#7349=CARTESIAN_POINT('Ctrl Pts',(-37.6546889410243,-35.9767673423462,-29.9229017219564));
#7350=CARTESIAN_POINT('Ctrl Pts',(-37.4764933054405,-37.1746807257081,-29.5474889973167));
#7351=CARTESIAN_POINT('Ctrl Pts',(-37.3449224133512,-38.6475618742279,-28.7202672799431));
#7352=CARTESIAN_POINT('Ctrl Pts',(-37.2989577984134,-40.1045527595462,-27.1334804231721));
#7353=CARTESIAN_POINT('Ctrl Pts',(-37.3000986013836,-40.6481383760893,-25.4980358114761));
#7354=CARTESIAN_POINT('Ctrl Pts',(-37.3000161865878,-40.7408978653333,-24.6604038438015));
#7355=CARTESIAN_POINT('Ctrl Pts',(-38.0795190261033,-34.8086578681019,-30.));
#7356=CARTESIAN_POINT('Ctrl Pts',(-37.9433767798388,-35.1907276405598,-29.998027164173));
#7357=CARTESIAN_POINT('Ctrl Pts',(-37.7663238002173,-36.0004892789893,-29.9175266904195));
#7358=CARTESIAN_POINT('Ctrl Pts',(-37.6172969590256,-37.1901829449755,-29.5403542600606));
#7359=CARTESIAN_POINT('Ctrl Pts',(-37.5160491976495,-38.6530457255232,-28.7144200762322));
#7360=CARTESIAN_POINT('Ctrl Pts',(-37.4966564030423,-40.104496821239,-27.132856801812));
#7361=CARTESIAN_POINT('Ctrl Pts',(-37.5072307880874,-40.648053462783,-25.4982266133508));
#7362=CARTESIAN_POINT('Ctrl Pts',(-37.5088147034861,-40.7409004096216,-24.6603808685006));
#7363=CARTESIAN_POINT('Ctrl Pts',(-38.200975737709,-34.8634306924389,-29.9780448717948));
#7364=CARTESIAN_POINT('Ctrl Pts',(-38.0943238393946,-35.2404811753526,-29.9640668844462));
#7365=CARTESIAN_POINT('Ctrl Pts',(-37.9620303094195,-36.0354749840548,-29.8595455939927));
#7366=CARTESIAN_POINT('Ctrl Pts',(-37.8635202390949,-37.1893591997718,-29.4552327765691));
#7367=CARTESIAN_POINT('Ctrl Pts',(-37.8147531145906,-38.5948021139584,-28.6103868027191));
#7368=CARTESIAN_POINT('Ctrl Pts',(-37.839559007432,-39.9696433286431,-27.0438175834269));
#7369=CARTESIAN_POINT('Ctrl Pts',(-37.8660021222798,-40.4801013892081,-25.454349912604));
#7370=CARTESIAN_POINT('Ctrl Pts',(-37.8702416760124,-40.5672218597763,-24.6411074223426));
#7371=CARTESIAN_POINT('Ctrl Pts',(-38.3112505547488,-34.9131608646349,-29.9197801480345));
#7372=CARTESIAN_POINT('Ctrl Pts',(-38.2271703310814,-35.2813066676218,-29.8809738031773));
#7373=CARTESIAN_POINT('Ctrl Pts',(-38.1204067986142,-36.0482856666825,-29.7276433102235));
#7374=CARTESIAN_POINT('Ctrl Pts',(-38.0354599139283,-37.1367590471272,-29.270869549085));
#7375=CARTESIAN_POINT('Ctrl Pts',(-37.9840998726263,-38.4374620581915,-28.3921899243812));
#7376=CARTESIAN_POINT('Ctrl Pts',(-37.9854814268623,-39.6764661797268,-26.8601577193566));
#7377=CARTESIAN_POINT('Ctrl Pts',(-37.997368298858,-40.1270921004204,-25.3635987515479));
#7378=CARTESIAN_POINT('Ctrl Pts',(-37.9992552563655,-40.2041498560504,-24.6008864042083));
#7379=CARTESIAN_POINT('Ctrl Pts',(-38.355050875184,-34.9329133116211,-29.8889067042655));
#7380=CARTESIAN_POINT('Ctrl Pts',(-38.2785425605897,-35.296399386822,-29.8377058730772));
#7381=CARTESIAN_POINT('Ctrl Pts',(-38.1773444705126,-36.0490956904831,-29.6609441512179));
#7382=CARTESIAN_POINT('Ctrl Pts',(-38.0882466527207,-37.106702578733,-29.1815124572537));
#7383=CARTESIAN_POINT('Ctrl Pts',(-38.022461206676,-38.3609817864237,-28.2915088697315));
#7384=CARTESIAN_POINT('Ctrl Pts',(-37.9994788992071,-39.5458685665433,-26.7804058929371));
#7385=CARTESIAN_POINT('Ctrl Pts',(-38.0000493006922,-39.9750707205379,-25.32467805582));
#7386=CARTESIAN_POINT('Ctrl Pts',(-38.0000080932943,-40.0485042487788,-24.5836501025505));
#7387=CARTESIAN_POINT('',(-38.0000080932943,-40.0485042487788,-24.5836501025503));
#7388=CARTESIAN_POINT('',(-37.3000161865878,-40.7408978653333,-24.6604038438015));
#7389=CARTESIAN_POINT('Origin',(-37.3000161865878,-40.0451509702248,-24.5833567286913));
#7390=CARTESIAN_POINT('Ctrl Pts',(-37.3000161865878,-40.7408978653333,-24.6604038438015));
#7391=CARTESIAN_POINT('Ctrl Pts',(-37.3000986013836,-40.6481383760893,-25.4980358114761));
#7392=CARTESIAN_POINT('Ctrl Pts',(-37.2989577984134,-40.1045527595462,-27.1334804231721));
#7393=CARTESIAN_POINT('Ctrl Pts',(-37.3449224133512,-38.6475618742279,-28.7202672799431));
#7394=CARTESIAN_POINT('Ctrl Pts',(-37.4764933054405,-37.1746807257081,-29.5474889973167));
#7395=CARTESIAN_POINT('Ctrl Pts',(-37.6546889410243,-35.9767673423462,-29.9229017219564));
#7396=CARTESIAN_POINT('Ctrl Pts',(-37.8570851211785,-35.1614761228657,-30.));
#7397=CARTESIAN_POINT('Ctrl Pts',(-38.0101017503671,-34.7773530501171,-30.));
#7398=CARTESIAN_POINT('',(-38.355050875184,-34.9329133116211,-29.8889067042655));
#7399=CARTESIAN_POINT('Origin',(-38.0101017503671,-34.7773530501171,-29.3));
#7400=CARTESIAN_POINT('Ctrl Pts',(-38.355050875184,-34.9329133116211,-29.8889067042655));
#7401=CARTESIAN_POINT('Ctrl Pts',(-38.2785425605897,-35.296399386822,-29.8377058730772));
#7402=CARTESIAN_POINT('Ctrl Pts',(-38.1773444705126,-36.0490956904831,-29.6609441512179));
#7403=CARTESIAN_POINT('Ctrl Pts',(-38.0882466527207,-37.106702578733,-29.1815124572537));
#7404=CARTESIAN_POINT('Ctrl Pts',(-38.022461206676,-38.3609817864237,-28.2915088697315));
#7405=CARTESIAN_POINT('Ctrl Pts',(-37.9994788992071,-39.5458685665433,-26.7804058929371));
#7406=CARTESIAN_POINT('Ctrl Pts',(-38.0000493006922,-39.9750707205379,-25.32467805582));
#7407=CARTESIAN_POINT('Ctrl Pts',(-38.0000080932943,-40.0485042487788,-24.5836501025505));
#7408=CARTESIAN_POINT('Ctrl Pts',(-38.7000000000009,-33.3773530501182,-30.));
#7409=CARTESIAN_POINT('Ctrl Pts',(-38.6984312339264,-33.3804053844819,-30.));
#7410=CARTESIAN_POINT('Ctrl Pts',(-38.6968623809639,-33.3834576745203,-30.));
#7411=CARTESIAN_POINT('Ctrl Pts',(-38.4590662025446,-33.8461839519005,-29.9999999999994));
#7412=CARTESIAN_POINT('Ctrl Pts',(-38.2225650172982,-34.3062236159349,-30.));
#7413=CARTESIAN_POINT('Ctrl Pts',(-38.0101017503671,-34.7773530501171,-30.));
#7414=CARTESIAN_POINT('Ctrl Pts',(-38.7000000000009,-33.3773530501182,-30.));
#7415=CARTESIAN_POINT('Ctrl Pts',(-38.6986924009995,-33.3805390316913,-30.));
#7416=CARTESIAN_POINT('Ctrl Pts',(-38.6973855922435,-33.3837271546116,-30.));
#7417=CARTESIAN_POINT('Ctrl Pts',(-38.4992157848936,-33.8667998678805,-29.9999999999994));
#7418=CARTESIAN_POINT('Ctrl Pts',(-38.3021777544748,-34.3471477606902,-30.));
#7419=CARTESIAN_POINT('Ctrl Pts',(-38.1315819829055,-34.8321364815905,-30.));
#7420=CARTESIAN_POINT('Ctrl Pts',(-38.7000000000009,-33.3773530501182,-30.));
#7421=CARTESIAN_POINT('Ctrl Pts',(-38.6989532306612,-33.3806687503802,-29.999992017314));
#7422=CARTESIAN_POINT('Ctrl Pts',(-38.6979091801331,-33.384000268582,-30.0000069321969));
#7423=CARTESIAN_POINT('Ctrl Pts',(-38.539344687545,-33.8873369954892,-29.9996241846856));
#7424=CARTESIAN_POINT('Ctrl Pts',(-38.3819156812684,-34.3879605117,-29.9870070148986));
#7425=CARTESIAN_POINT('Ctrl Pts',(-38.2528501275018,-34.8868242686534,-29.9609447397266));
#7426=CARTESIAN_POINT('Ctrl Pts',(-38.7000000000009,-33.3773530501182,-30.));
#7427=CARTESIAN_POINT('Ctrl Pts',(-38.6992156169638,-33.3808085229824,-30.));
#7428=CARTESIAN_POINT('Ctrl Pts',(-38.6984311904824,-33.3842637109223,-29.999997860142));
#7429=CARTESIAN_POINT('Ctrl Pts',(-38.5795331012719,-33.9081539543905,-29.9995945209347));
#7430=CARTESIAN_POINT('Ctrl Pts',(-38.4612825086495,-34.4282136627618,-29.9599989503929));
#7431=CARTESIAN_POINT('Ctrl Pts',(-38.355050875184,-34.9329133116211,-29.8889067042655));
#7432=CARTESIAN_POINT('Ctrl Pts',(-38.7000000000009,-33.3773530501182,-30.));
#7433=CARTESIAN_POINT('Ctrl Pts',(-38.6992156169638,-33.3808085229824,-30.));
#7434=CARTESIAN_POINT('Ctrl Pts',(-38.6984311904824,-33.3842637109223,-29.999997860142));
#7435=CARTESIAN_POINT('Ctrl Pts',(-38.5795331012719,-33.9081539543905,-29.9995945209347));
#7436=CARTESIAN_POINT('Ctrl Pts',(-38.4612825086495,-34.4282136627618,-29.9599989503929));
#7437=CARTESIAN_POINT('Ctrl Pts',(-38.355050875184,-34.9329133116211,-29.8889067042655));
#7438=CARTESIAN_POINT('Ctrl Pts',(-38.0000050681321,-40.0598385251138,-24.4621575943026));
#7439=CARTESIAN_POINT('Ctrl Pts',(-38.0000050681321,-40.0562933542607,-24.5026790825766));
#7440=CARTESIAN_POINT('Ctrl Pts',(-38.0000058416917,-40.0525149283241,-24.5431801635917));
#7441=CARTESIAN_POINT('Ctrl Pts',(-38.0000080932943,-40.0485042487788,-24.5836501025504));
#7442=CARTESIAN_POINT('Ctrl Pts',(-37.9992100182783,-40.2679741037356,-24.4803670979084));
#7443=CARTESIAN_POINT('Ctrl Pts',(-37.9992100182783,-40.26428857745,-24.522492856116));
#7444=CARTESIAN_POINT('Ctrl Pts',(-37.9991453152184,-40.2603091637142,-24.5645722472899));
#7445=CARTESIAN_POINT('Ctrl Pts',(-37.9990043107225,-40.256031725141,-24.6066318380942));
#7446=CARTESIAN_POINT('Ctrl Pts',(-37.8228542085184,-40.6275813490341,-24.5118286551938));
#7447=CARTESIAN_POINT('Ctrl Pts',(-37.8228542085184,-40.6236546900493,-24.5567105727654));
#7448=CARTESIAN_POINT('Ctrl Pts',(-37.8227429312011,-40.6192671821456,-24.6015582505227));
#7449=CARTESIAN_POINT('Ctrl Pts',(-37.8225251372219,-40.6144226678029,-24.6463397617894));
#7450=CARTESIAN_POINT('Ctrl Pts',(-37.4567092378336,-40.7545212386676,-24.522934456486));
#7451=CARTESIAN_POINT('Ctrl Pts',(-37.4567092378336,-40.750507859772,-24.5688075871726));
#7452=CARTESIAN_POINT('Ctrl Pts',(-37.4566767863017,-40.7459688460629,-24.614621744314));
#7453=CARTESIAN_POINT('Ctrl Pts',(-37.4566150742614,-40.7408997735495,-24.6603866123258));
#7454=CARTESIAN_POINT('Ctrl Pts',(-37.3000101362634,-40.7545212386676,-24.522934456486));
#7455=CARTESIAN_POINT('Ctrl Pts',(-37.3000101362634,-40.7505078377017,-24.5688078394377));
#7456=CARTESIAN_POINT('Ctrl Pts',(-37.3000116833826,-40.7459663120104,-24.6146350173686));
#7457=CARTESIAN_POINT('Ctrl Pts',(-37.3000161865877,-40.7408978653333,-24.6604038438014));
#7458=CARTESIAN_POINT('',(-38.0000050681321,-40.0598385251138,-24.4621575943026));
#7459=CARTESIAN_POINT('Ctrl Pts',(-38.0000080932943,-40.0485042487788,-24.5836501025504));
#7460=CARTESIAN_POINT('Ctrl Pts',(-38.0000058416917,-40.0525149283241,-24.5431801635917));
#7461=CARTESIAN_POINT('Ctrl Pts',(-38.0000050681321,-40.0562933542607,-24.5026790825766));
#7462=CARTESIAN_POINT('Ctrl Pts',(-38.0000050681321,-40.0598385251138,-24.4621575943026));
#7463=CARTESIAN_POINT('',(-37.3000101362634,-40.7545212386676,-24.522934456486));
#7464=CARTESIAN_POINT('Origin',(-37.3000101362634,-40.0571849500033,-24.4619254365626));
#7465=CARTESIAN_POINT('Ctrl Pts',(-37.3000101362634,-40.7545212386676,-24.522934456486));
#7466=CARTESIAN_POINT('Ctrl Pts',(-37.3000101362634,-40.7505078377017,-24.5688078394377));
#7467=CARTESIAN_POINT('Ctrl Pts',(-37.3000116833826,-40.7459663120104,-24.6146350173686));
#7468=CARTESIAN_POINT('Ctrl Pts',(-37.3000161865877,-40.7408978653333,-24.6604038438014));
#7469=CARTESIAN_POINT('Origin',(-37.3000101362634,-41.7623968459366,-4.97126427875464));
#7470=CARTESIAN_POINT('',(-38.0000050681321,-40.4713136694602,-19.7589751731378));
#7471=CARTESIAN_POINT('',(-37.3000101362634,-41.1881173517807,-19.5669082053284));
#7472=CARTESIAN_POINT('Origin',(-37.3000101362634,-40.4685755958427,-19.7597088377524));
#7473=CARTESIAN_POINT('',(-37.3000101362634,-42.4597331346008,-5.032273298678));
#7474=CARTESIAN_POINT('',(-38.0000050681321,-41.7650504210471,-4.97149643649463));
#7475=CARTESIAN_POINT('Origin',(-38.7000000000009,-41.7677039961576,-4.97172859423461));
#7476=CARTESIAN_POINT('',(-38.7000000000008,-39.3545212386687,-24.5229344564859));
#7477=CARTESIAN_POINT('Origin',(-38.7000000000008,-40.0518575273329,-24.5839434764093));
#7478=CARTESIAN_POINT('',(-38.7000000000008,-39.7545099871396,-19.9510421409473));
#7479=CARTESIAN_POINT('',(-38.7000000000009,-41.0703677074934,-4.91071957431125));
#7480=CARTESIAN_POINT('Origin',(-38.7000000000008,-40.4740517430777,-19.7582415085232));
#7481=CARTESIAN_POINT('Ctrl Pts',(-26.6999838134141,-40.7408978653333,-24.6604038438015));
#7482=CARTESIAN_POINT('Ctrl Pts',(-26.6999013986183,-40.6481383760893,-25.4980358114762));
#7483=CARTESIAN_POINT('Ctrl Pts',(-26.7019638739326,-40.1038123185766,-27.1328767116335));
#7484=CARTESIAN_POINT('Ctrl Pts',(-26.6446298118425,-38.3569130767698,-29.0384593346084));
#7485=CARTESIAN_POINT('Ctrl Pts',(-26.4448016157789,-36.385222348818,-29.885459068429));
#7486=CARTESIAN_POINT('Ctrl Pts',(-26.1429148788233,-35.1614761228658,-30.));
#7487=CARTESIAN_POINT('Ctrl Pts',(-25.9898982496346,-34.7773530501171,-30.));
#7488=CARTESIAN_POINT('Ctrl Pts',(-26.4911852965157,-40.7409004096216,-24.6603808685007));
#7489=CARTESIAN_POINT('Ctrl Pts',(-26.4927692119144,-40.6480534627831,-25.4982266133508));
#7490=CARTESIAN_POINT('Ctrl Pts',(-26.5041897993468,-40.1037667894125,-27.1323179431492));
#7491=CARTESIAN_POINT('Ctrl Pts',(-26.4788430638837,-38.3636866489969,-29.0315251996546));
#7492=CARTESIAN_POINT('Ctrl Pts',(-26.3205141681808,-36.4064798945902,-29.8783233689214));
#7493=CARTESIAN_POINT('Ctrl Pts',(-26.056623220163,-35.1907276405599,-29.998027164173));
#7494=CARTESIAN_POINT('Ctrl Pts',(-25.9204809738984,-34.808657868102,-30.));
#7495=CARTESIAN_POINT('Ctrl Pts',(-26.1297505338572,-40.567228348664,-24.6411081400552));
#7496=CARTESIAN_POINT('Ctrl Pts',(-26.1339900875898,-40.4801078780957,-25.4543506303167));
#7497=CARTESIAN_POINT('Ctrl Pts',(-26.1611610297268,-39.9688987808625,-27.0433355808897));
#7498=CARTESIAN_POINT('Ctrl Pts',(-26.1892569104622,-38.3206031520503,-28.9243296551206));
#7499=CARTESIAN_POINT('Ctrl Pts',(-26.1028440892694,-36.4338295637898,-29.8081100403909));
#7500=CARTESIAN_POINT('Ctrl Pts',(-25.9056761049412,-35.2404812004562,-29.9640670706706));
#7501=CARTESIAN_POINT('Ctrl Pts',(-25.7990242066268,-34.8634307175424,-29.9780450580192));
#7502=CARTESIAN_POINT('Ctrl Pts',(-26.0007447436363,-40.2041498560504,-24.6008864042083));
#7503=CARTESIAN_POINT('Ctrl Pts',(-26.0026317011438,-40.1270921004205,-25.3635987515479));
#7504=CARTESIAN_POINT('Ctrl Pts',(-26.0150676950304,-39.6757387404672,-26.8598812054071));
#7505=CARTESIAN_POINT('Ctrl Pts',(-26.0153791123357,-38.1904999570687,-28.6989734637477));
#7506=CARTESIAN_POINT('Ctrl Pts',(-25.9318823347242,-36.4327854210829,-29.6515001190244));
#7507=CARTESIAN_POINT('Ctrl Pts',(-25.7728296689204,-35.281306667622,-29.8809738031773));
#7508=CARTESIAN_POINT('Ctrl Pts',(-25.688749445253,-34.913160864635,-29.9197801480345));
#7509=CARTESIAN_POINT('Ctrl Pts',(-25.9999919067075,-40.0485042487788,-24.5836501025505));
#7510=CARTESIAN_POINT('Ctrl Pts',(-25.9999506993096,-39.9750707205379,-25.32467805582));
#7511=CARTESIAN_POINT('Ctrl Pts',(-26.0009819369667,-39.54517008793,-26.7802422110066));
#7512=CARTESIAN_POINT('Ctrl Pts',(-25.9723149059217,-38.1248468520843,-28.5939418248731));
#7513=CARTESIAN_POINT('Ctrl Pts',(-25.8724008078899,-36.4264843997988,-29.5728616789813));
#7514=CARTESIAN_POINT('Ctrl Pts',(-25.7214574394121,-35.2963993868222,-29.8377058730772));
#7515=CARTESIAN_POINT('Ctrl Pts',(-25.6449491248177,-34.9329133116211,-29.8889067042655));
#7516=CARTESIAN_POINT('',(-25.6449491248177,-34.9329133116211,-29.8889067042655));
#7517=CARTESIAN_POINT('Origin',(-25.9898982496346,-34.7773530501171,-29.3));
#7518=CARTESIAN_POINT('',(-26.6999838134141,-40.7408978653333,-24.6604038438015));
#7519=CARTESIAN_POINT('Ctrl Pts',(-25.9898982496346,-34.7773530501171,-30.));
#7520=CARTESIAN_POINT('Ctrl Pts',(-26.1429148788233,-35.1614761228658,-30.));
#7521=CARTESIAN_POINT('Ctrl Pts',(-26.4448016157789,-36.385222348818,-29.885459068429));
#7522=CARTESIAN_POINT('Ctrl Pts',(-26.6446298118425,-38.3569130767698,-29.0384593346084));
#7523=CARTESIAN_POINT('Ctrl Pts',(-26.7019638739326,-40.1038123185766,-27.1328767116335));
#7524=CARTESIAN_POINT('Ctrl Pts',(-26.6999013986183,-40.6481383760893,-25.4980358114762));
#7525=CARTESIAN_POINT('Ctrl Pts',(-26.6999838134141,-40.7408978653333,-24.6604038438015));
#7526=CARTESIAN_POINT('',(-25.9999919067075,-40.0485042487789,-24.5836501025503));
#7527=CARTESIAN_POINT('Origin',(-26.6999838134141,-40.0451509702248,-24.5833567286914));
#7528=CARTESIAN_POINT('Ctrl Pts',(-25.9999919067075,-40.0485042487788,-24.5836501025505));
#7529=CARTESIAN_POINT('Ctrl Pts',(-25.9999506993096,-39.9750707205379,-25.32467805582));
#7530=CARTESIAN_POINT('Ctrl Pts',(-26.0009819369667,-39.54517008793,-26.7802422110066));
#7531=CARTESIAN_POINT('Ctrl Pts',(-25.9723149059217,-38.1248468520843,-28.5939418248731));
#7532=CARTESIAN_POINT('Ctrl Pts',(-25.8724008078899,-36.4264843997988,-29.5728616789813));
#7533=CARTESIAN_POINT('Ctrl Pts',(-25.7214574394121,-35.2963993868222,-29.8377058730772));
#7534=CARTESIAN_POINT('Ctrl Pts',(-25.6449491248177,-34.9329133116211,-29.8889067042655));
#7535=CARTESIAN_POINT('Ctrl Pts',(-25.3000000000008,-33.3773530501182,-30.));
#7536=CARTESIAN_POINT('Ctrl Pts',(-25.3007843830381,-33.3808085229828,-30.));
#7537=CARTESIAN_POINT('Ctrl Pts',(-25.3015688095412,-33.3842637107831,-29.9999978599259));
#7538=CARTESIAN_POINT('Ctrl Pts',(-25.4204668938816,-33.9081539852377,-29.999594568828));
#7539=CARTESIAN_POINT('Ctrl Pts',(-25.5387174913522,-34.4282136627618,-29.9599989503929));
#7540=CARTESIAN_POINT('Ctrl Pts',(-25.6449491248177,-34.9329133116211,-29.8889067042655));
#7541=CARTESIAN_POINT('Ctrl Pts',(-25.3000000000008,-33.3773530501182,-30.));
#7542=CARTESIAN_POINT('Ctrl Pts',(-25.3010467693407,-33.3806687503806,-29.999992017314));
#7543=CARTESIAN_POINT('Ctrl Pts',(-25.3020908198905,-33.3840002684427,-30.0000069319808));
#7544=CARTESIAN_POINT('Ctrl Pts',(-25.4606553076085,-33.8873370263364,-29.9996242325789));
#7545=CARTESIAN_POINT('Ctrl Pts',(-25.6180843187333,-34.3879605117001,-29.9870070148986));
#7546=CARTESIAN_POINT('Ctrl Pts',(-25.7471498725,-34.8868242686534,-29.9609447397266));
#7547=CARTESIAN_POINT('Ctrl Pts',(-25.3000000000008,-33.3773530501182,-30.));
#7548=CARTESIAN_POINT('Ctrl Pts',(-25.3013075990024,-33.3805390316917,-30.));
#7549=CARTESIAN_POINT('Ctrl Pts',(-25.302614407802,-33.3837271545899,-30.));
#7550=CARTESIAN_POINT('Ctrl Pts',(-25.5007842054141,-33.8667998726882,-30.));
#7551=CARTESIAN_POINT('Ctrl Pts',(-25.6978222455269,-34.3471477606902,-30.));
#7552=CARTESIAN_POINT('Ctrl Pts',(-25.8684180170963,-34.8321364815906,-30.));
#7553=CARTESIAN_POINT('Ctrl Pts',(-25.3000000000008,-33.3773530501182,-30.));
#7554=CARTESIAN_POINT('Ctrl Pts',(-25.3015687660755,-33.3804053844823,-30.));
#7555=CARTESIAN_POINT('Ctrl Pts',(-25.3031376190816,-33.3834576744986,-30.));
#7556=CARTESIAN_POINT('Ctrl Pts',(-25.5409337877631,-33.8461839567083,-30.));
#7557=CARTESIAN_POINT('Ctrl Pts',(-25.7774349827036,-34.3062236159349,-30.));
#7558=CARTESIAN_POINT('Ctrl Pts',(-25.9898982496346,-34.7773530501171,-30.));
#7559=CARTESIAN_POINT('Ctrl Pts',(-25.6449491248177,-34.9329133116211,-29.8889067042655));
#7560=CARTESIAN_POINT('Ctrl Pts',(-25.5387174913522,-34.4282136627618,-29.9599989503929));
#7561=CARTESIAN_POINT('Ctrl Pts',(-25.4204668938816,-33.9081539852377,-29.999594568828));
#7562=CARTESIAN_POINT('Ctrl Pts',(-25.3015688095412,-33.3842637107831,-29.9999978599259));
#7563=CARTESIAN_POINT('Ctrl Pts',(-25.3007843830381,-33.3808085229828,-30.));
#7564=CARTESIAN_POINT('Ctrl Pts',(-25.3000000000008,-33.3773530501182,-30.));
#7565=CARTESIAN_POINT('Ctrl Pts',(-25.9999919067074,-40.0485042487788,-24.5836501025504));
#7566=CARTESIAN_POINT('Ctrl Pts',(-25.9999941583099,-40.0525149283241,-24.5431801635917));
#7567=CARTESIAN_POINT('Ctrl Pts',(-25.9999949318696,-40.0562933542607,-24.5026790825766));
#7568=CARTESIAN_POINT('Ctrl Pts',(-25.9999949318696,-40.0598385251139,-24.4621575943026));
#7569=CARTESIAN_POINT('Ctrl Pts',(-26.0009956892791,-40.256031725141,-24.6066318380942));
#7570=CARTESIAN_POINT('Ctrl Pts',(-26.0008546847832,-40.2603091637142,-24.5645722472899));
#7571=CARTESIAN_POINT('Ctrl Pts',(-26.0007899817234,-40.2642885774501,-24.5224928561159));
#7572=CARTESIAN_POINT('Ctrl Pts',(-26.0007899817234,-40.2679741037357,-24.4803670979084));
#7573=CARTESIAN_POINT('Ctrl Pts',(-26.1774681707529,-40.6144306826314,-24.6463406486073));
#7574=CARTESIAN_POINT('Ctrl Pts',(-26.1772503767737,-40.6192751969741,-24.6015591373406));
#7575=CARTESIAN_POINT('Ctrl Pts',(-26.1771390796562,-40.6236627397248,-24.5567112770207));
#7576=CARTESIAN_POINT('Ctrl Pts',(-26.1771390796562,-40.6275893987096,-24.5118293594491));
#7577=CARTESIAN_POINT('Ctrl Pts',(-26.5433849257402,-40.7408997735496,-24.6603866123258));
#7578=CARTESIAN_POINT('Ctrl Pts',(-26.5433232137,-40.7459688460629,-24.614621744314));
#7579=CARTESIAN_POINT('Ctrl Pts',(-26.5432907621681,-40.7505078597721,-24.5688075871726));
#7580=CARTESIAN_POINT('Ctrl Pts',(-26.5432907621681,-40.7545212386676,-24.522934456486));
#7581=CARTESIAN_POINT('Ctrl Pts',(-26.699983813414,-40.7408978653334,-24.6604038438015));
#7582=CARTESIAN_POINT('Ctrl Pts',(-26.699988316619,-40.7459663120105,-24.6146350173686));
#7583=CARTESIAN_POINT('Ctrl Pts',(-26.6999898637383,-40.7505078377017,-24.5688078394377));
#7584=CARTESIAN_POINT('Ctrl Pts',(-26.6999898637383,-40.7545212386676,-24.522934456486));
#7585=CARTESIAN_POINT('',(-26.6999898637383,-40.7545212386676,-24.522934456486));
#7586=CARTESIAN_POINT('',(-25.9999949318696,-40.0598385251139,-24.4621575943026));
#7587=CARTESIAN_POINT('Origin',(-26.6999898637383,-40.0571849500034,-24.4619254365626));
#7588=CARTESIAN_POINT('Ctrl Pts',(-25.9999949318696,-40.0598385251139,-24.4621575943026));
#7589=CARTESIAN_POINT('Ctrl Pts',(-25.9999949318696,-40.0562933542607,-24.5026790825766));
#7590=CARTESIAN_POINT('Ctrl Pts',(-25.9999941583099,-40.0525149283241,-24.5431801635917));
#7591=CARTESIAN_POINT('Ctrl Pts',(-25.9999919067074,-40.0485042487788,-24.5836501025504));
#7592=CARTESIAN_POINT('Ctrl Pts',(-26.699983813414,-40.7408978653334,-24.6604038438015));
#7593=CARTESIAN_POINT('Ctrl Pts',(-26.699988316619,-40.7459663120105,-24.6146350173686));
#7594=CARTESIAN_POINT('Ctrl Pts',(-26.6999898637383,-40.7505078377017,-24.5688078394377));
#7595=CARTESIAN_POINT('Ctrl Pts',(-26.6999898637383,-40.7545212386676,-24.522934456486));
#7596=CARTESIAN_POINT('Origin',(-26.6999898637383,-41.7570795594909,-5.03204114093809));
#7597=CARTESIAN_POINT('',(-25.9999949318696,-41.0626478175669,-12.9999949318687));
#7598=CARTESIAN_POINT('',(-26.6999898637383,-41.7014061965023,-13.6999898637375));
#7599=CARTESIAN_POINT('Origin',(-26.6999898637383,-40.9987323102219,-13.6999898637375));
#7600=CARTESIAN_POINT('',(-25.9999949318696,-41.7597331346014,-5.03227329867807));
#7601=CARTESIAN_POINT('',(-26.6999898637383,-42.4544158481551,-5.09305016086145));
#7602=CARTESIAN_POINT('Origin',(-26.0000000000009,-42.4642212862611,-4.98097349045873));
#7603=CARTESIAN_POINT('',(-35.9999999999968,-41.1881173517807,-19.5669082053284));
#7604=CARTESIAN_POINT('',(-32.8124999999988,-41.1881173517807,-19.5669082053284));
#7605=CARTESIAN_POINT('',(-35.9999999999968,-41.7629802949406,-12.9961946980917));
#7606=CARTESIAN_POINT('',(-35.9999999999968,-42.6502069244559,-2.85514791832987));
#7607=CARTESIAN_POINT('',(-26.4700500559867,-41.7629802949406,-12.9961946980917));
#7608=CARTESIAN_POINT('',(-12.9999999999988,-41.7629802949407,-12.9961946980917));
#7609=CARTESIAN_POINT('',(-25.5021210650903,-41.8062061367754,-12.5021210650895));
#7610=CARTESIAN_POINT('Origin',(-25.9539559202196,-41.8532850673243,-11.9640064265576));
#7611=CARTESIAN_POINT('',(-23.711592888401,-41.9628570539595,-10.7115928884001));
#7612=CARTESIAN_POINT('',(-12.9999999999999,-40.7545212386677,-24.5229344564859));
#7613=CARTESIAN_POINT('Origin',(-12.9999999999999,-34.7773530501172,-24.));
#7614=CARTESIAN_POINT('Origin',(-5.49815386783337,-35.4017153470657,-18.491795625827));
#7615=CARTESIAN_POINT('',(-10.0248550893753,-40.8819130209659,-12.9751449106239));
#7616=CARTESIAN_POINT('',(-10.5052867063522,-40.3931288343934,-12.9685686515411));
#7617=CARTESIAN_POINT('Ctrl Pts',(-10.0248550893753,-40.8819130209659,-12.9751449106239));
#7618=CARTESIAN_POINT('Ctrl Pts',(-10.0253745351207,-40.8800542731246,-12.9746254648785));
#7619=CARTESIAN_POINT('Ctrl Pts',(-10.025900698431,-40.8782020170072,-12.9741104779038));
#7620=CARTESIAN_POINT('Ctrl Pts',(-10.0459756094279,-40.80865091286,-12.9548722748242));
#7621=CARTESIAN_POINT('Ctrl Pts',(-10.082877159996,-40.7311159995408,-12.9380609672284));
#7622=CARTESIAN_POINT('Ctrl Pts',(-10.1594284092725,-40.6213280966548,-12.9233352704915));
#7623=CARTESIAN_POINT('Ctrl Pts',(-10.2096933490345,-40.566973909978,-12.9207060623899));
#7624=CARTESIAN_POINT('Ctrl Pts',(-10.3123867112747,-40.4822961364568,-12.9265082234151));
#7625=CARTESIAN_POINT('Ctrl Pts',(-10.3783771497966,-40.4423457809586,-12.9363613271609));
#7626=CARTESIAN_POINT('Ctrl Pts',(-10.4666537507428,-40.4062106358025,-12.957827456873));
#7627=CARTESIAN_POINT('Ctrl Pts',(-10.4859500416807,-40.3992398560949,-12.9629689318509));
#7628=CARTESIAN_POINT('Ctrl Pts',(-10.5052867063522,-40.3931288343934,-12.9685686515411));
#7629=CARTESIAN_POINT('',(-11.4738553578933,-41.4501360376894,-12.));
#7630=CARTESIAN_POINT('',(-5.49815386783337,-34.9288022017347,-17.9757014900599));
#7631=CARTESIAN_POINT('',(-10.9999999999992,-41.9460969517041,-12.));
#7632=CARTESIAN_POINT('Origin',(-11.9899494936604,-42.486267100735,-12.));
#7633=CARTESIAN_POINT('',(-5.00317912100279,-35.4017153470657,-17.9968208789964));
#7634=CARTESIAN_POINT('Origin',(13.0000000000012,-40.9065581663155,-12.4980973490459));
#7635=CARTESIAN_POINT('',(-10.6999999999992,-40.3629802949417,-12.9961946980917));
#7636=CARTESIAN_POINT('Origin',(-10.6999999999992,-41.1268962456902,-12.2961946980917));
#7637=CARTESIAN_POINT('',(-25.3000000000008,-40.3629802949417,-12.9961946980917));
#7638=CARTESIAN_POINT('',(13.0000000000012,-40.3629802949417,-12.9961946980917));
#7639=CARTESIAN_POINT('',(-25.4947132936479,-40.3931288343934,-12.9685686515411));
#7640=CARTESIAN_POINT('Origin',(-25.3000000000008,-41.1268962456902,-12.2961946980917));
#7641=CARTESIAN_POINT('',(-24.5261446421068,-41.4501360376894,-12.));
#7642=CARTESIAN_POINT('',(-18.7829785400199,-47.7177020279496,-6.25683389791313));
#7643=CARTESIAN_POINT('',(13.0000000000012,-41.4501360376894,-12.));
#7644=CARTESIAN_POINT('Origin',(-10.6999999999992,-41.2392494086336,-11.0119921692681));
#7645=CARTESIAN_POINT('',(-9.9999999999992,-41.0653212604438,-13.));
#7646=CARTESIAN_POINT('Origin',(-10.6999999999992,-41.1265633249119,-12.3));
#7647=CARTESIAN_POINT('',(-9.99999999999912,-40.890343933392,-15.));
#7648=CARTESIAN_POINT('',(-9.9999999999992,-41.2392494086336,-11.0119921692681));
#7649=CARTESIAN_POINT('',(-10.6999999999992,-40.1930076447277,-14.9389909800766));
#7650=CARTESIAN_POINT('Origin',(-10.6999999999992,-40.890343933392,-15.));
#7651=CARTESIAN_POINT('',(-10.6999999999992,-40.5419131199694,-10.9509831493447));
#7652=CARTESIAN_POINT('Ctrl Pts',(-9.99999999999964,-40.8903439333919,-15.));
#7653=CARTESIAN_POINT('Ctrl Pts',(-9.99999999999964,-40.7419015805271,-16.5857045394299));
#7654=CARTESIAN_POINT('Ctrl Pts',(-9.10543528625877,-40.3953350155127,-20.2878297399));
#7655=CARTESIAN_POINT('Ctrl Pts',(-6.3404211572194,-40.1398675391671,-23.0168078859607));
#7656=CARTESIAN_POINT('Ctrl Pts',(-4.44667627545222,-40.0518575273329,-23.9569565200087));
#7657=CARTESIAN_POINT('Ctrl Pts',(-9.99999999999964,-40.6817014037206,-14.9817461439244));
#7658=CARTESIAN_POINT('Ctrl Pts',(-10.0029829973448,-40.5351345357717,-16.567260030637));
#7659=CARTESIAN_POINT('Ctrl Pts',(-9.11489351288173,-40.1927018066688,-20.2732298873279));
#7660=CARTESIAN_POINT('Ctrl Pts',(-6.34925174637167,-39.9400117820307,-23.0105475212294));
#7661=CARTESIAN_POINT('Ctrl Pts',(-4.45360601016295,-39.8529877226073,-23.9535162569166));
#7662=CARTESIAN_POINT('Ctrl Pts',(-10.1758567505858,-40.3205600447297,-14.9501503690823));
#7663=CARTESIAN_POINT('Ctrl Pts',(-10.1804564436212,-40.1769786308413,-16.5642584023678));
#7664=CARTESIAN_POINT('Ctrl Pts',(-9.28054810144534,-39.8414016258348,-20.3380022234596));
#7665=CARTESIAN_POINT('Ctrl Pts',(-6.46653674622211,-39.5935032858807,-23.1275038912011));
#7666=CARTESIAN_POINT('Ctrl Pts',(-4.53581816923081,-39.5080635527296,-24.0889395593158));
#7667=CARTESIAN_POINT('Ctrl Pts',(-10.5429203673201,-40.1930076447277,-14.9389909800766));
#7668=CARTESIAN_POINT('Ctrl Pts',(-10.5442904254174,-40.0467483494938,-16.6110285928262));
#7669=CARTESIAN_POINT('Ctrl Pts',(-9.60426826567893,-39.7050860576492,-20.5162386900601));
#7670=CARTESIAN_POINT('Ctrl Pts',(-6.68904850731758,-39.4529989534116,-23.3971908040537));
#7671=CARTESIAN_POINT('Ctrl Pts',(-4.69136704760268,-39.3661648201052,-24.3898477116751));
#7672=CARTESIAN_POINT('Ctrl Pts',(-10.6999999999996,-40.1930076447277,-14.9389909800766));
#7673=CARTESIAN_POINT('Ctrl Pts',(-10.6999999999996,-40.0445652918629,-16.6356948372666));
#7674=CARTESIAN_POINT('Ctrl Pts',(-9.74281575629691,-39.6979987268485,-20.5969688017696));
#7675=CARTESIAN_POINT('Ctrl Pts',(-6.78425063822478,-39.4425312505029,-23.5169754180546));
#7676=CARTESIAN_POINT('Ctrl Pts',(-4.7579436147339,-39.3545212386687,-24.5229344564859));
#7677=CARTESIAN_POINT('',(-4.44667627545222,-40.0518575273329,-23.9569565200087));
#7678=CARTESIAN_POINT('',(-4.7579436147339,-39.3545212386687,-24.5229344564859));
#7679=CARTESIAN_POINT('Origin',(-4.7579436147339,-40.0518575273329,-24.5839434764093));
#7680=CARTESIAN_POINT('Origin',(2.85355429020199E-13,-40.1930076447277,
-14.9389909800766));
#7681=CARTESIAN_POINT('Origin',(2.85355429020199E-13,-40.8903439333919,
-15.));
#7682=CARTESIAN_POINT('Ctrl Pts',(-4.44667627545223,-40.0518575273329,-23.9569565200087));
#7683=CARTESIAN_POINT('Ctrl Pts',(-3.66039390500393,-40.0153157938637,-24.3473059824258));
#7684=CARTESIAN_POINT('Ctrl Pts',(-1.98758320673662,-39.8883393103331,-24.918921293137));
#7685=CARTESIAN_POINT('Ctrl Pts',(1.10916689601851,-39.8180188752772,-25.1240207358323));
#7686=CARTESIAN_POINT('Ctrl Pts',(3.26725271977725,-39.9970449271289,-24.5424807136354));
#7687=CARTESIAN_POINT('Ctrl Pts',(4.44667627544987,-40.0518575273328,-23.9569565200101));
#7688=CARTESIAN_POINT('Ctrl Pts',(-4.45273979332411,-39.877846448198,-23.9539462898031));
#7689=CARTESIAN_POINT('Ctrl Pts',(-3.66995680067871,-39.8484294761632,-24.3434387809672));
#7690=CARTESIAN_POINT('Ctrl Pts',(-1.99641033824873,-39.733231018692,-24.9180876073848));
#7691=CARTESIAN_POINT('Ctrl Pts',(1.11432995934002,-39.6675160276303,-25.125633856157));
#7692=CARTESIAN_POINT('Ctrl Pts',(3.27856530435348,-39.8337209901456,-24.5381850265503));
#7693=CARTESIAN_POINT('Ctrl Pts',(4.45273979332177,-39.8778464481979,-23.9539462898045));
#7694=CARTESIAN_POINT('Ctrl Pts',(-4.52547168818858,-39.5310476317305,-24.0701094505184));
#7695=CARTESIAN_POINT('Ctrl Pts',(-3.73326043414528,-39.5153705337652,-24.452608002849));
#7696=CARTESIAN_POINT('Ctrl Pts',(-2.0337562507228,-39.4232201817599,-25.0221989611441));
#7697=CARTESIAN_POINT('Ctrl Pts',(1.13565004465686,-39.3665907428735,-25.2295197239008));
#7698=CARTESIAN_POINT('Ctrl Pts',(3.33715480712105,-39.5075319847824,-24.6438572790153));
#7699=CARTESIAN_POINT('Ctrl Pts',(4.5254716881862,-39.5310476317304,-24.0701094505198));
#7700=CARTESIAN_POINT('Ctrl Pts',(-4.68027095308081,-39.3681054170113,-24.36766658754));
#7701=CARTESIAN_POINT('Ctrl Pts',(-3.85545796445853,-39.3453479380704,-24.7420771437945));
#7702=CARTESIAN_POINT('Ctrl Pts',(-2.0956913431942,-39.2455606124692,-25.2949403987121));
#7703=CARTESIAN_POINT('Ctrl Pts',(1.16968386493166,-39.1872419804649,-25.4947729678114));
#7704=CARTESIAN_POINT('Ctrl Pts',(3.4430514701447,-39.3339691985997,-24.9292824219227));
#7705=CARTESIAN_POINT('Ctrl Pts',(4.68027095307831,-39.3681054170112,-24.3676665875413));
#7706=CARTESIAN_POINT('Ctrl Pts',(-4.7579436147339,-39.3545212386687,-24.5229344564859));
#7707=CARTESIAN_POINT('Ctrl Pts',(-3.91662147835428,-39.3217972982485,-24.8969708070408));
#7708=CARTESIAN_POINT('Ctrl Pts',(-2.12671403120821,-39.2080870144897,-25.4446977167074));
#7709=CARTESIAN_POINT('Ctrl Pts',(1.18680857873975,-39.1451134905591,-25.6412258394095));
#7710=CARTESIAN_POINT('Ctrl Pts',(3.49596041016172,-39.3054353280382,-25.0839889823193));
#7711=CARTESIAN_POINT('Ctrl Pts',(4.75794361473134,-39.3545212386686,-24.5229344564873));
#7712=CARTESIAN_POINT('',(4.44667627544987,-40.0518575273328,-23.9569565200101));
#7713=CARTESIAN_POINT('',(4.75794361473134,-39.3545212386686,-24.5229344564866));
#7714=CARTESIAN_POINT('Origin',(4.75794361473135,-40.0518575273328,-24.5839434764109));
#7715=CARTESIAN_POINT('Ctrl Pts',(4.75794361473134,-39.3545212386686,-24.5229344564873));
#7716=CARTESIAN_POINT('Ctrl Pts',(3.49596041016172,-39.3054353280382,-25.0839889823193));
#7717=CARTESIAN_POINT('Ctrl Pts',(1.18680857873975,-39.1451134905591,-25.6412258394095));
#7718=CARTESIAN_POINT('Ctrl Pts',(-2.12671403120821,-39.2080870144897,-25.4446977167074));
#7719=CARTESIAN_POINT('Ctrl Pts',(-3.91662147835428,-39.3217972982485,-24.8969708070408));
#7720=CARTESIAN_POINT('Ctrl Pts',(-4.7579436147339,-39.3545212386687,-24.5229344564859));
#7721=CARTESIAN_POINT('Ctrl Pts',(-4.44667627545223,-40.0518575273329,-23.9569565200087));
#7722=CARTESIAN_POINT('Ctrl Pts',(-3.66039390500393,-40.0153157938637,-24.3473059824258));
#7723=CARTESIAN_POINT('Ctrl Pts',(-1.98758320673662,-39.8883393103331,-24.918921293137));
#7724=CARTESIAN_POINT('Ctrl Pts',(1.10916689601851,-39.8180188752772,-25.1240207358323));
#7725=CARTESIAN_POINT('Ctrl Pts',(3.26725271977725,-39.9970449271289,-24.5424807136354));
#7726=CARTESIAN_POINT('Ctrl Pts',(4.44667627544987,-40.0518575273328,-23.9569565200101));
#7727=CARTESIAN_POINT('Ctrl Pts',(4.44667627545003,-40.0518575273328,-23.9569565200101));
#7728=CARTESIAN_POINT('Ctrl Pts',(5.86698493677602,-40.1178650362084,-23.2518450444743));
#7729=CARTESIAN_POINT('Ctrl Pts',(8.78517872521292,-40.3469799829056,-20.8043723116768));
#7730=CARTESIAN_POINT('Ctrl Pts',(10.0000000000002,-40.6924207962388,-17.1142727192404));
#7731=CARTESIAN_POINT('Ctrl Pts',(10.0000000000002,-40.890343933392,-15.));
#7732=CARTESIAN_POINT('Ctrl Pts',(4.45360601016075,-39.8529877226072,-23.953516256918));
#7733=CARTESIAN_POINT('Ctrl Pts',(5.8753403123179,-39.9182557671747,-23.2462897051528));
#7734=CARTESIAN_POINT('Ctrl Pts',(8.79495999350525,-40.144850083273,-20.791427897317));
#7735=CARTESIAN_POINT('Ctrl Pts',(10.0039773297937,-40.486278913122,-17.0957646595417));
#7736=CARTESIAN_POINT('Ctrl Pts',(10.0000000000002,-40.6817014037206,-14.9817461439244));
#7737=CARTESIAN_POINT('Ctrl Pts',(4.53581817539991,-39.5080635693831,-24.0889395732052));
#7738=CARTESIAN_POINT('Ctrl Pts',(5.98385710814402,-39.5721433692464,-23.3678628221194));
#7739=CARTESIAN_POINT('Ctrl Pts',(8.95565436275092,-39.7945032641169,-20.8657249907609));
#7740=CARTESIAN_POINT('Ctrl Pts',(10.1819896921622,-40.129118180497,-17.1022944152966));
#7741=CARTESIAN_POINT('Ctrl Pts',(10.175856768115,-40.3205600656816,-14.9501503709154));
#7742=CARTESIAN_POINT('Ctrl Pts',(4.69136704760034,-39.3661648201051,-24.3898477116765));
#7743=CARTESIAN_POINT('Ctrl Pts',(6.18962814238716,-39.4312904200849,-23.6453550309608));
#7744=CARTESIAN_POINT('Ctrl Pts',(9.26693922836624,-39.65736164441,-21.0614480091818));
#7745=CARTESIAN_POINT('Ctrl Pts',(10.5447471114504,-39.9979952510825,-17.1683744637433));
#7746=CARTESIAN_POINT('Ctrl Pts',(10.5429203673207,-40.1930076447277,-14.9389909800766));
#7747=CARTESIAN_POINT('Ctrl Pts',(4.75794361473152,-39.3545212386686,-24.5229344564874));
#7748=CARTESIAN_POINT('Ctrl Pts',(6.27767388235033,-39.4205287475442,-23.7684651776641));
#7749=CARTESIAN_POINT('Ctrl Pts',(9.40014123597781,-39.6496436942413,-21.1496693535708));
#7750=CARTESIAN_POINT('Ctrl Pts',(10.7000000000002,-39.9950845075746,-17.2012627896639));
#7751=CARTESIAN_POINT('Ctrl Pts',(10.7000000000002,-40.1930076447277,-14.9389909800766));
#7752=CARTESIAN_POINT('',(10.0000000000002,-40.890343933392,-15.));
#7753=CARTESIAN_POINT('',(10.7000000000002,-40.1930076447277,-14.9389909800766));
#7754=CARTESIAN_POINT('Origin',(10.7000000000002,-40.8903439333919,-15.));
#7755=CARTESIAN_POINT('Origin',(2.85355429020199E-13,-40.1930076447277,
-14.9389909800766));
#7756=CARTESIAN_POINT('Origin',(2.85355429020199E-13,-40.8903439333919,
-15.));
#7757=CARTESIAN_POINT('Origin',(10.7000000000001,-41.3304028905604,-9.97010310326651));
#7758=CARTESIAN_POINT('',(10.5052867063531,-40.3931288343934,-12.9685686515411));
#7759=CARTESIAN_POINT('',(10.7000000000001,-40.3629802949417,-12.9961946980917));
#7760=CARTESIAN_POINT('Origin',(10.7000000000001,-41.1268962456902,-12.2961946980917));
#7761=CARTESIAN_POINT('',(10.7000000000001,-40.6330666018961,-9.90909408334315));
#7762=CARTESIAN_POINT('',(10.0000000000001,-41.0653212604438,-13.));
#7763=CARTESIAN_POINT('',(10.0000000000001,-41.3304028905604,-9.97010310326651));
#7764=CARTESIAN_POINT('',(10.0248550893762,-40.8819130209659,-12.9751449106239));
#7765=CARTESIAN_POINT('Origin',(10.7000000000001,-41.1265633249119,-12.3));
#7766=CARTESIAN_POINT('Ctrl Pts',(10.0248550893762,-40.8819130209659,-12.9751449106239));
#7767=CARTESIAN_POINT('Ctrl Pts',(10.0284648167341,-40.8689962284165,-12.971535183266));
#7768=CARTESIAN_POINT('Ctrl Pts',(10.0324740584011,-40.8561266366624,-12.9680666349573));
#7769=CARTESIAN_POINT('Ctrl Pts',(10.0611214538965,-40.772951498988,-12.9465397408484));
#7770=CARTESIAN_POINT('Ctrl Pts',(10.0978793863855,-40.7056506236737,-12.9336053249274));
#7771=CARTESIAN_POINT('Ctrl Pts',(10.1780278047446,-40.5998793478137,-12.9218330997026));
#7772=CARTESIAN_POINT('Ctrl Pts',(10.2304187350282,-40.547514280572,-12.9208611580278));
#7773=CARTESIAN_POINT('Ctrl Pts',(10.3372936907515,-40.4660978465277,-12.9297736008419));
#7774=CARTESIAN_POINT('Ctrl Pts',(10.413458725271,-40.42529863745,-12.9435692282698));
#7775=CARTESIAN_POINT('Ctrl Pts',(10.4883254603591,-40.39865879857,-12.9637436937841));
#7776=CARTESIAN_POINT('Ctrl Pts',(10.4967482295896,-40.3958272737409,-12.9660959874458));
#7777=CARTESIAN_POINT('Ctrl Pts',(10.5052867063531,-40.3931288343934,-12.9685686515411));
#7778=CARTESIAN_POINT('Origin',(25.9999999999992,-41.0642212862622,-4.98097349045873));
#7779=CARTESIAN_POINT('',(-25.3000000000008,-39.3545212386687,-24.5229344564859));
#7780=CARTESIAN_POINT('',(13.0000000000002,-39.3545212386687,-24.5229344564859));
#7781=CARTESIAN_POINT('',(-25.3000000000008,-41.0650504210477,-4.97149643649469));
#7782=CARTESIAN_POINT('Origin',(13.0000000000002,-33.3773530501182,-24.));
#7783=CARTESIAN_POINT('',(13.0000000000002,-39.3545212386687,-24.5229344564859));
#7784=CARTESIAN_POINT('Origin',(25.2999999999991,-33.3773530501182,-24.));
#7785=CARTESIAN_POINT('Origin',(-25.3000000000008,-33.3773530501182,-24.));
#7786=CARTESIAN_POINT('Origin',(25.9999999999992,-41.0642212862622,-4.98097349045873));
#7787=CARTESIAN_POINT('',(13.0000000000012,-40.3629802949417,-12.9961946980917));
#7788=CARTESIAN_POINT('Origin',(13.0000000000012,-40.9065581663155,-12.4980973490459));
#7789=CARTESIAN_POINT('',(11.4738553578942,-41.4501360376894,-12.));
#7790=CARTESIAN_POINT('',(11.624174333365,-41.6141804134927,-11.8496810245292));
#7791=CARTESIAN_POINT('',(24.5261446421051,-41.4501360376894,-12.));
#7792=CARTESIAN_POINT('',(13.0000000000012,-41.4501360376894,-12.));
#7793=CARTESIAN_POINT('',(22.7372947281465,-43.4023231559294,-10.2111500860414));
#7794=CARTESIAN_POINT('Origin',(11.624174333365,-42.0870935588237,-12.3657751602963));
#7795=CARTESIAN_POINT('',(11.0000000000001,-41.9460969517041,-12.));
#7796=CARTESIAN_POINT('',(11.1291995865344,-42.0870935588237,-11.8708004134657));
#7797=CARTESIAN_POINT('Origin',(11.9899494936613,-42.486267100735,-12.));
#7798=CARTESIAN_POINT('Origin',(9.30000000000009,-41.5912625541353,-15.));
#7799=CARTESIAN_POINT('',(10.0000000000002,-41.5912625541353,-15.));
#7800=CARTESIAN_POINT('',(9.55731225296452,-42.2422544161999,-15.));
#7801=CARTESIAN_POINT('Origin',(9.30000000000009,-41.5912625541353,-15.));
#7802=CARTESIAN_POINT('',(9.55731225296452,-42.2422544161999,-13.));
#7803=CARTESIAN_POINT('',(9.55731225296452,-42.2422544161999,-15.));
#7804=CARTESIAN_POINT('',(9.67681517298202,-42.1811865538257,-13.0125211155778));
#7805=CARTESIAN_POINT('Ctrl Pts',(9.55731225296452,-42.2422544161999,-13.));
#7806=CARTESIAN_POINT('Ctrl Pts',(9.59885889003634,-42.2258326152359,-13.));
#7807=CARTESIAN_POINT('Ctrl Pts',(9.63912707577492,-42.2052599037417,-13.0042126734064));
#7808=CARTESIAN_POINT('Ctrl Pts',(9.67681517298195,-42.1811865538256,-13.012521115578));
#7809=CARTESIAN_POINT('',(9.9876921117936,-41.7219513423958,-13.0123078882065));
#7810=CARTESIAN_POINT('Ctrl Pts',(9.67681517298203,-42.1811865538257,-13.0125211155778));
#7811=CARTESIAN_POINT('Ctrl Pts',(9.70527907019998,-42.1630051807005,-13.0187960581072));
#7812=CARTESIAN_POINT('Ctrl Pts',(9.73242820147795,-42.1426694385198,-13.0239313937777));
#7813=CARTESIAN_POINT('Ctrl Pts',(9.75807065323083,-42.1203488021639,-13.0279520164734));
#7814=CARTESIAN_POINT('Ctrl Pts',(9.77209233526137,-42.1081435392383,-13.0301505540215));
#7815=CARTESIAN_POINT('Ctrl Pts',(9.78566310325867,-42.0953443756172,-13.0320150851807));
#7816=CARTESIAN_POINT('Ctrl Pts',(9.79874786945049,-42.0819771116909,-13.0335445408769));
#7817=CARTESIAN_POINT('Ctrl Pts',(9.82258450906976,-42.0576258433353,-13.0363307644679));
#7818=CARTESIAN_POINT('Ctrl Pts',(9.84463583952049,-42.0315676812608,-13.0379874828052));
#7819=CARTESIAN_POINT('Ctrl Pts',(9.86474431032818,-42.0040177350464,-13.0385282596993));
#7820=CARTESIAN_POINT('Ctrl Pts',(9.87557248098607,-41.9891824190208,-13.0388194615789));
#7821=CARTESIAN_POINT('Ctrl Pts',(9.88583688562773,-41.9739141145101,-13.0387863843023));
#7822=CARTESIAN_POINT('Ctrl Pts',(9.89550946556955,-41.9582444555525,-13.03842629109));
#7823=CARTESIAN_POINT('Ctrl Pts',(9.91328198236671,-41.9294528323554,-13.0377646514134));
#7824=CARTESIAN_POINT('Ctrl Pts',(9.92888675462839,-41.8995859984767,-13.0360070394323));
#7825=CARTESIAN_POINT('Ctrl Pts',(9.94224949863206,-41.8688927876379,-13.0331716023392));
#7826=CARTESIAN_POINT('Ctrl Pts',(9.95574839380791,-41.8378868478691,-13.0303072753652));
#7827=CARTESIAN_POINT('Ctrl Pts',(9.96696004478747,-41.8060365935039,-13.0263430558251));
#7828=CARTESIAN_POINT('Ctrl Pts',(9.97578405247115,-41.7735745628822,-13.0212577334796));
#7829=CARTESIAN_POINT('Ctrl Pts',(9.98041854555734,-41.7565250473024,-13.0185868505774));
#7830=CARTESIAN_POINT('Ctrl Pts',(9.98439394810231,-41.7393064698857,-13.0156060499738));
#7831=CARTESIAN_POINT('Ctrl Pts',(9.98769211179348,-41.721951342396,-13.0123078882066));
#7832=CARTESIAN_POINT('',(10.0000000000001,-41.5912625541353,-13.));
#7833=CARTESIAN_POINT('Origin',(9.30000000000009,-41.5912625541353,-13.7));
#7834=CARTESIAN_POINT('',(10.0000000000001,-41.5912625541353,-15.));
#7835=CARTESIAN_POINT('Ctrl Pts',(9.98747888442214,-41.721807143933,-13.012521115578));
#7836=CARTESIAN_POINT('Ctrl Pts',(10.3385943299435,-41.9592553732194,-12.6614056700566));
#7837=CARTESIAN_POINT('Ctrl Pts',(10.6906925985411,-42.1937960217873,-12.309307401459));
#7838=CARTESIAN_POINT('Ctrl Pts',(11.0436838329306,-42.4256166452573,-11.9563161670695));
#7839=CARTESIAN_POINT('Ctrl Pts',(9.92949918692478,-41.8932766670299,-13.0705008130753));
#7840=CARTESIAN_POINT('Ctrl Pts',(10.2814982382917,-42.1297849586666,-12.7184676624883));
#7841=CARTESIAN_POINT('Ctrl Pts',(10.6344784915036,-42.3634277545544,-12.365551778815));
#7842=CARTESIAN_POINT('Ctrl Pts',(10.9882808854133,-42.5943398118177,-12.0117191145868));
#7843=CARTESIAN_POINT('Ctrl Pts',(9.814364150366,-42.0635272087078,-13.0705008130753));
#7844=CARTESIAN_POINT('Ctrl Pts',(10.1681226776611,-42.2991433936556,-12.7184676624883));
#7845=CARTESIAN_POINT('Ctrl Pts',(10.5227792045637,-42.5319154894499,-12.365551778815));
#7846=CARTESIAN_POINT('Ctrl Pts',(10.8781988412923,-42.7619607769276,-12.0117191145868));
#7847=CARTESIAN_POINT('Ctrl Pts',(9.67681517298192,-42.1811865538256,-13.012521115578));
#7848=CARTESIAN_POINT('Ctrl Pts',(10.0322094773733,-42.4169180302676,-12.6614056700566));
#7849=CARTESIAN_POINT('Ctrl Pts',(10.3884219777285,-42.6497387814586,-12.309307401459));
#7850=CARTESIAN_POINT('Ctrl Pts',(10.7453794625145,-42.8798420992347,-11.9563161670695));
#7851=CARTESIAN_POINT('',(9.6894888018861,-42.1895914516525,-13.));
#7852=CARTESIAN_POINT('',(10.7012039745285,-42.8513491737489,-12.0000000116643));
#7853=CARTESIAN_POINT('Ctrl Pts',(9.68948880156485,-42.1895914524212,-13.0000000003981));
#7854=CARTESIAN_POINT('Ctrl Pts',(10.0260151428191,-42.4127301882455,-12.6675214273142));
#7855=CARTESIAN_POINT('Ctrl Pts',(10.3632742493115,-42.6332614022204,-12.3341626715851));
#7856=CARTESIAN_POINT('Ctrl Pts',(10.7012039720581,-42.8513491790295,-12.0000000127081));
#7857=CARTESIAN_POINT('',(11.0000000023033,-42.3969111683404,-11.9999999976968));
#7858=CARTESIAN_POINT('Ctrl Pts',(10.7012039814452,-42.8513491850876,-12.0000000034257));
#7859=CARTESIAN_POINT('Ctrl Pts',(10.7303403022694,-42.8387714217776,-12.0000003124556));
#7860=CARTESIAN_POINT('Ctrl Pts',(10.758233081381,-42.8239437794578,-11.9999252670646));
#7861=CARTESIAN_POINT('Ctrl Pts',(10.7845133463452,-42.8067522536238,-11.9998380003576));
#7862=CARTESIAN_POINT('Ctrl Pts',(10.8093212373341,-42.7905238975016,-11.9997556228414));
#7863=CARTESIAN_POINT('Ctrl Pts',(10.8326923920639,-42.7721888008212,-11.999662303129));
#7864=CARTESIAN_POINT('Ctrl Pts',(10.8542812545998,-42.751672163849,-11.9995880217071));
#7865=CARTESIAN_POINT('Ctrl Pts',(10.8591302954436,-42.7470639539217,-11.9995713374724));
#7866=CARTESIAN_POINT('Ctrl Pts',(10.8638892681488,-42.7423457869989,-11.9995555181392));
#7867=CARTESIAN_POINT('Ctrl Pts',(10.8685539799268,-42.7375169994537,-11.99954073371));
#7868=CARTESIAN_POINT('Ctrl Pts',(10.8925299902014,-42.7126976611309,-11.9994647436716));
#7869=CARTESIAN_POINT('Ctrl Pts',(10.9133937079984,-42.6855919847092,-11.9994283299037));
#7870=CARTESIAN_POINT('Ctrl Pts',(10.9310188775436,-42.6564393191016,-11.9994449035667));
#7871=CARTESIAN_POINT('Ctrl Pts',(10.9441411227159,-42.6347346526843,-11.9994572429471));
#7872=CARTESIAN_POINT('Ctrl Pts',(10.9554679373734,-42.6118945394663,-11.9994981225768));
#7873=CARTESIAN_POINT('Ctrl Pts',(10.9649377129495,-42.5880106533571,-11.9995585665728));
#7874=CARTESIAN_POINT('Ctrl Pts',(10.9758815252114,-42.5604090736195,-11.9996284190989));
#7875=CARTESIAN_POINT('Ctrl Pts',(10.9841127363098,-42.5320130928506,-11.9997189862483));
#7876=CARTESIAN_POINT('Ctrl Pts',(10.9898388981383,-42.5031140159346,-11.9998037367761));
#7877=CARTESIAN_POINT('Ctrl Pts',(10.9958896959532,-42.4725765500558,-11.9998932921055));
#7878=CARTESIAN_POINT('Ctrl Pts',(10.999143625707,-42.441477008896,-11.9999763961075));
#7879=CARTESIAN_POINT('Ctrl Pts',(10.9998516277318,-42.4101081691144,-11.9999958771337));
#7880=CARTESIAN_POINT('Ctrl Pts',(10.9999507987948,-42.4057142817,-11.9999986058745));
#7881=CARTESIAN_POINT('Ctrl Pts',(11.0000000238276,-42.4013150378801,-12.0000000464517));
#7882=CARTESIAN_POINT('Ctrl Pts',(10.9999999965744,-42.39691117379,-12.0000000034257));
#7883=CARTESIAN_POINT('',(10.0000000000001,-41.7302732621641,-13.));
#7884=CARTESIAN_POINT('Ctrl Pts',(10.999999999287,-42.3969111755735,-12.0000000007131));
#7885=CARTESIAN_POINT('Ctrl Pts',(10.6658373363924,-42.1771971583578,-12.3341626636077));
#7886=CARTESIAN_POINT('Ctrl Pts',(10.3324785766641,-41.9550375925384,-12.667521423336));
#7887=CARTESIAN_POINT('Ctrl Pts',(9.99999999960198,-41.7302732628766,-13.0000000003981));
#7888=CARTESIAN_POINT('Ctrl Pts',(9.98769211179348,-41.721951342396,-13.0123078882066));
#7889=CARTESIAN_POINT('Ctrl Pts',(9.99179460693854,-41.7247257127266,-13.0082053930616));
#7890=CARTESIAN_POINT('Ctrl Pts',(9.99589723625582,-41.7274996861205,-13.0041027637443));
#7891=CARTESIAN_POINT('Ctrl Pts',(9.99999999960198,-41.7302732628766,-13.0000000003981));
#7892=CARTESIAN_POINT('Ctrl Pts',(9.68948880156485,-42.1895914524212,-13.0000000003981));
#7893=CARTESIAN_POINT('Ctrl Pts',(9.68526414318205,-42.1867902305991,-13.0041738442216));
#7894=CARTESIAN_POINT('Ctrl Pts',(9.68103960028009,-42.1839885978421,-13.0083475493318));
#7895=CARTESIAN_POINT('Ctrl Pts',(9.67681517298192,-42.1811865538256,-13.012521115578));
#7896=CARTESIAN_POINT('Origin',(2.90246826707053E-13,-41.5912625541353,
-15.));
#7897=CARTESIAN_POINT('',(-9.99999999999911,-41.5912625541354,-15.));
#7898=CARTESIAN_POINT('',(-9.55731225296406,-42.2422544161999,-15.));
#7899=CARTESIAN_POINT('Origin',(-9.29999999999963,-41.5912625541354,-15.));
#7900=CARTESIAN_POINT('Origin',(2.93577573456365E-13,-42.2422544161999,
-15.));
#7901=CARTESIAN_POINT('Origin',(2.90246826707053E-13,-41.5912625541353,
-15.));
#7902=CARTESIAN_POINT('Origin',(-9.2999999999992,-41.5912625541355,-15.));
#7903=CARTESIAN_POINT('',(-9.9999999999992,-41.5912625541355,-13.));
#7904=CARTESIAN_POINT('',(-9.9999999999992,-41.5912625541355,-15.));
#7905=CARTESIAN_POINT('',(-9.9876921117927,-41.721951342396,-13.0123078882065));
#7906=CARTESIAN_POINT('Origin',(-9.2999999999992,-41.5912625541355,-13.7));
#7907=CARTESIAN_POINT('',(-9.6768151729811,-42.1811865538259,-13.0125211155778));
#7908=CARTESIAN_POINT('Ctrl Pts',(-9.98769211179257,-41.7219513423962,-13.0123078882066));
#7909=CARTESIAN_POINT('Ctrl Pts',(-9.98140289283278,-41.7550455751492,-13.0185971034976));
#7910=CARTESIAN_POINT('Ctrl Pts',(-9.97263757939934,-41.7877225548233,-13.0237498789649));
#7911=CARTESIAN_POINT('Ctrl Pts',(-9.9614815624482,-41.8197433243807,-13.0277919566442));
#7912=CARTESIAN_POINT('Ctrl Pts',(-9.95533729633367,-41.8373790209034,-13.0300181634548));
#7913=CARTESIAN_POINT('Ctrl Pts',(-9.94846730495,-41.8548154292859,-13.0319067619946));
#7914=CARTESIAN_POINT('Ctrl Pts',(-9.94088255304982,-41.8720097748352,-13.0334568660784));
#7915=CARTESIAN_POINT('Ctrl Pts',(-9.92714011597723,-41.9031633596623,-13.0362654230501));
#7916=CARTESIAN_POINT('Ctrl Pts',(-9.91115299428552,-41.9332957320472,-13.0379449834279));
#7917=CARTESIAN_POINT('Ctrl Pts',(-9.8930617383663,-41.962181099124,-13.0385100194552));
#7918=CARTESIAN_POINT('Ctrl Pts',(-9.8832721381601,-41.9778116444413,-13.0388157736181));
#7919=CARTESIAN_POINT('Ctrl Pts',(-9.87286587514096,-41.9930768309962,-13.0387944867866));
#7920=CARTESIAN_POINT('Ctrl Pts',(-9.86186205830616,-42.0079383386579,-13.0384435373142));
#7921=CARTESIAN_POINT('Ctrl Pts',(-9.84170166092006,-42.0351665181809,-13.0378005530722));
#7922=CARTESIAN_POINT('Ctrl Pts',(-9.81973272576875,-42.0607778679246,-13.0360587156974));
#7923=CARTESIAN_POINT('Ctrl Pts',(-9.79615889413177,-42.0846097386907,-13.0332372523038));
#7924=CARTESIAN_POINT('Ctrl Pts',(-9.77231691190791,-42.1087126952196,-13.0303836949733));
#7925=CARTESIAN_POINT('Ctrl Pts',(-9.74683262012942,-42.1309964893029,-13.0264258219279));
#7926=CARTESIAN_POINT('Ctrl Pts',(-9.71988597853838,-42.1512798367941,-13.021343076085));
#7927=CARTESIAN_POINT('Ctrl Pts',(-9.70591496701781,-42.1617961336216,-13.0187078274405));
#7928=CARTESIAN_POINT('Ctrl Pts',(-9.69155042509174,-42.1717743811123,-13.0157695414502));
#7929=CARTESIAN_POINT('Ctrl Pts',(-9.6768151729811,-42.1811865538259,-13.0125211155779));
#7930=CARTESIAN_POINT('',(-9.55731225296361,-42.2422544162001,-13.));
#7931=CARTESIAN_POINT('Ctrl Pts',(-9.67681517298103,-42.1811865538258,-13.012521115578));
#7932=CARTESIAN_POINT('Ctrl Pts',(-9.639127075774,-42.2052599037419,-13.0042126734064));
#7933=CARTESIAN_POINT('Ctrl Pts',(-9.59885889003543,-42.2258326152361,-13.));
#7934=CARTESIAN_POINT('Ctrl Pts',(-9.55731225296361,-42.2422544162001,-13.));
#7935=CARTESIAN_POINT('',(-9.55731225296361,-42.2422544162001,-15.));
#7936=CARTESIAN_POINT('Ctrl Pts',(-9.67681517298101,-42.1811865538259,-13.012521115578));
#7937=CARTESIAN_POINT('Ctrl Pts',(-10.0322169850057,-42.4169230100479,-12.6613982528134));
#7938=CARTESIAN_POINT('Ctrl Pts',(-10.3884369150758,-42.6497485449059,-12.3092926366584));
#7939=CARTESIAN_POINT('Ctrl Pts',(-10.7454019641057,-42.8798566042942,-11.9562939154984));
#7940=CARTESIAN_POINT('Ctrl Pts',(-9.81436415036509,-42.063527208708,-13.0705008130753));
#7941=CARTESIAN_POINT('Ctrl Pts',(-10.168130150738,-42.2991483710004,-12.7184602258588));
#7942=CARTESIAN_POINT('Ctrl Pts',(-10.5227940760249,-42.5319252500602,-12.3655369783976));
#7943=CARTESIAN_POINT('Ctrl Pts',(-10.8782212465248,-42.7619752790266,-12.0116968111482));
#7944=CARTESIAN_POINT('Ctrl Pts',(-9.92949918692387,-41.8932766670302,-13.0705008130753));
#7945=CARTESIAN_POINT('Ctrl Pts',(-10.2815056742,-42.129789954857,-12.7184602258588));
#7946=CARTESIAN_POINT('Ctrl Pts',(-10.6344932924843,-42.3634375518779,-12.3655369783976));
#7947=CARTESIAN_POINT('Ctrl Pts',(-10.988303188851,-42.5943543683774,-12.0116968111482));
#7948=CARTESIAN_POINT('Ctrl Pts',(-9.98747888442123,-41.7218071439332,-13.012521115578));
#7949=CARTESIAN_POINT('Ctrl Pts',(-10.3386017471858,-41.9592603892658,-12.6613982528134));
#7950=CARTESIAN_POINT('Ctrl Pts',(-10.6907073633408,-42.1938058573517,-12.3092926366584));
#7951=CARTESIAN_POINT('Ctrl Pts',(-11.0437060845008,-42.4256312585709,-11.9562939154984));
#7952=CARTESIAN_POINT('',(-9.99999999999919,-41.7302732621644,-13.));
#7953=CARTESIAN_POINT('',(-11.0000000014408,-42.3969111672077,-11.9999999985584));
#7954=CARTESIAN_POINT('Ctrl Pts',(-9.99999999957855,-41.7302732628622,-13.0000000004206));
#7955=CARTESIAN_POINT('Ctrl Pts',(-10.3324786127321,-41.955037616956,-12.6675213872671));
#7956=CARTESIAN_POINT('Ctrl Pts',(-10.6658373113426,-42.177197142069,-12.3341626886566));
#7957=CARTESIAN_POINT('Ctrl Pts',(-10.9999999980397,-42.3969111747716,-12.0000000019595));
#7958=CARTESIAN_POINT('',(-10.7012039780768,-42.8513491745942,-12.0000000072993));
#7959=CARTESIAN_POINT('Ctrl Pts',(-10.9999999963418,-42.3969111736553,-12.0000000036574));
#7960=CARTESIAN_POINT('Ctrl Pts',(-11.0000001922849,-42.4285444781087,-12.0000003127565));
#7961=CARTESIAN_POINT('Ctrl Pts',(-10.9974593676524,-42.459926691688,-11.9999257457202));
#7962=CARTESIAN_POINT('Ctrl Pts',(-10.9921286041749,-42.490770116519,-11.9998386107747));
#7963=CARTESIAN_POINT('Ctrl Pts',(-10.9870998703953,-42.5198660186309,-11.9997564127096));
#7964=CARTESIAN_POINT('Ctrl Pts',(-10.9795881378991,-42.5484827239931,-11.9996629772323));
#7965=CARTESIAN_POINT('Ctrl Pts',(-10.9693883763273,-42.5763373230668,-11.9995886571277));
#7966=CARTESIAN_POINT('Ctrl Pts',(-10.9670200499585,-42.5828050018469,-11.999571400424));
#7967=CARTESIAN_POINT('Ctrl Pts',(-10.9645068272356,-42.5892313971221,-11.9995550778219));
#7968=CARTESIAN_POINT('Ctrl Pts',(-10.961846196752,-42.5956125968095,-11.9995398903445));
#7969=CARTESIAN_POINT('Ctrl Pts',(-10.9485452971658,-42.6275131921018,-11.9994639658172));
#7970=CARTESIAN_POINT('Ctrl Pts',(-10.9319007410952,-42.6574557449466,-11.9994280496094));
#7971=CARTESIAN_POINT('Ctrl Pts',(-10.9120840996786,-42.6852294203928,-11.9994452048364));
#7972=CARTESIAN_POINT('Ctrl Pts',(-10.8973507991975,-42.7058786261392,-11.9994579594252));
#7973=CARTESIAN_POINT('Ctrl Pts',(-10.8808632506529,-42.7253289656146,-11.9994992111061));
#7974=CARTESIAN_POINT('Ctrl Pts',(-10.8626820822015,-42.7434874275044,-11.9995598452882));
#7975=CARTESIAN_POINT('Ctrl Pts',(-10.8415917491977,-42.7645514206749,-11.9996301815317));
#7976=CARTESIAN_POINT('Ctrl Pts',(-10.8186828335752,-42.7834248353304,-11.9997207651686));
#7977=CARTESIAN_POINT('Ctrl Pts',(-10.7943090806494,-42.800181595317,-11.9998054739823));
#7978=CARTESIAN_POINT('Ctrl Pts',(-10.7685717443923,-42.8178758079263,-11.9998949218087));
#7979=CARTESIAN_POINT('Ctrl Pts',(-10.7412008958629,-42.8332102635134,-11.9999778602084));
#7980=CARTESIAN_POINT('Ctrl Pts',(-10.7125703228334,-42.8462988849669,-11.9999963353055));
#7981=CARTESIAN_POINT('Ctrl Pts',(-10.7088031392376,-42.8480210733415,-11.9999987662413));
#7982=CARTESIAN_POINT('Ctrl Pts',(-10.7050140910086,-42.8497044111102,-12.0000000440739));
#7983=CARTESIAN_POINT('Ctrl Pts',(-10.7012039812113,-42.8513491849546,-12.0000000036574));
#7984=CARTESIAN_POINT('',(-9.6894888018852,-42.1895914516528,-13.));
#7985=CARTESIAN_POINT('Ctrl Pts',(-10.701203975337,-42.8513491811635,-12.0000000094662));
#7986=CARTESIAN_POINT('Ctrl Pts',(-10.3632742270111,-42.6332613880329,-12.334162693649));
#7987=CARTESIAN_POINT('Ctrl Pts',(-10.0260151808346,-42.4127302134859,-12.6675213897567));
#7988=CARTESIAN_POINT('Ctrl Pts',(-9.68948880154118,-42.189591452407,-13.0000000004206));
#7989=CARTESIAN_POINT('Ctrl Pts',(-9.67681517298101,-42.1811865538259,-13.012521115578));
#7990=CARTESIAN_POINT('Ctrl Pts',(-9.68103960028736,-42.1839885978478,-13.0083475493238));
#7991=CARTESIAN_POINT('Ctrl Pts',(-9.68526414318162,-42.1867902305999,-13.0041738442211));
#7992=CARTESIAN_POINT('Ctrl Pts',(-9.68948880154118,-42.189591452407,-13.0000000004206));
#7993=CARTESIAN_POINT('Ctrl Pts',(-9.99999999957855,-41.7302732628622,-13.0000000004206));
#7994=CARTESIAN_POINT('Ctrl Pts',(-9.99589723625484,-41.7274996861209,-13.0041027637444));
#7995=CARTESIAN_POINT('Ctrl Pts',(-9.99179460694519,-41.724725712732,-13.008205393054));
#7996=CARTESIAN_POINT('Ctrl Pts',(-9.98769211179257,-41.7219513423962,-13.0123078882066));
#7997=CARTESIAN_POINT('Origin',(1.69864122767649E-13,-18.0625566823715,
-15.));
#7998=CARTESIAN_POINT('Origin',(1.69864122767649E-13,-18.0625566823715,
-15.));
#7999=CARTESIAN_POINT('Origin',(1.69864122767649E-13,-18.0625566823715,
-15.));
#8000=CARTESIAN_POINT('Origin',(1.69864122767649E-13,-18.0625566823715,
-13.));
#8001=CARTESIAN_POINT('Origin',(1.69864122767649E-13,-18.0625566823715,
-12.5));
#8002=CARTESIAN_POINT('Origin',(1.69864122767649E-13,-18.0625566823715,
-12.));
#8003=CARTESIAN_POINT('Origin',(3.20632409511745E-12,-44.5000000000005,
-12.));
#8004=CARTESIAN_POINT('',(-25.0000000000008,-41.9460969517041,-12.));
#8005=CARTESIAN_POINT('Origin',(-24.0100505063397,-42.486267100735,-12.));
#8006=CARTESIAN_POINT('',(-25.0000000000008,-42.3541751236736,-12.));
#8007=CARTESIAN_POINT('',(-25.0000000000009,-42.9999999999998,-12.));
#8008=CARTESIAN_POINT('',(-25.4738553578949,-42.8501360376883,-12.));
#8009=CARTESIAN_POINT('Origin',(-25.989949493662,-41.8140049746427,-12.));
#8010=CARTESIAN_POINT('',(-35.9999999999968,-42.8501360376883,-12.));
#8011=CARTESIAN_POINT('',(-12.9999999999988,-42.8501360376884,-12.));
#8012=CARTESIAN_POINT('',(-36.9990446327176,-43.813740970735,-12.));
#8013=CARTESIAN_POINT('Ctrl Pts',(-36.9990446327176,-43.813740970735,-12.));
#8014=CARTESIAN_POINT('Ctrl Pts',(-36.9894739169501,-43.5932798879196,-12.));
#8015=CARTESIAN_POINT('Ctrl Pts',(-36.7930348220852,-43.0863333506098,-12.));
#8016=CARTESIAN_POINT('Ctrl Pts',(-36.2897927530946,-42.8501360376883,-12.));
#8017=CARTESIAN_POINT('Ctrl Pts',(-35.9999999999968,-42.8501360376883,-12.));
#8018=CARTESIAN_POINT('',(-36.9999999999968,-43.857775712775,-12.));
#8019=CARTESIAN_POINT('Ctrl Pts',(-36.9999999999968,-43.857775712775,-12.));
#8020=CARTESIAN_POINT('Ctrl Pts',(-36.9999999999968,-43.8430927203749,-12.));
#8021=CARTESIAN_POINT('Ctrl Pts',(-36.9996814367953,-43.8284097290504,-12.));
#8022=CARTESIAN_POINT('Ctrl Pts',(-36.9990446327176,-43.813740970735,-12.));
#8023=CARTESIAN_POINT('',(-36.9999999999968,-53.5000000000005,-12.));
#8024=CARTESIAN_POINT('',(-36.9999999999968,-39.5000000000005,-12.));
#8025=CARTESIAN_POINT('',(-37.2679491924279,-54.5000000000005,-12.));
#8026=CARTESIAN_POINT('Origin',(-38.9999999999968,-53.5000000000005,-12.));
#8027=CARTESIAN_POINT('',(37.2679491924343,-54.5000000000005,-12.));
#8028=CARTESIAN_POINT('',(41.2500000000032,-54.5000000000005,-12.));
#8029=CARTESIAN_POINT('',(37.0000000000032,-53.5000000000005,-12.));
#8030=CARTESIAN_POINT('Origin',(39.0000000000032,-53.5000000000005,-12.));
#8031=CARTESIAN_POINT('',(37.0000000000032,-43.8577757127764,-12.));
#8032=CARTESIAN_POINT('',(37.0000000000032,-49.5000000000005,-12.));
#8033=CARTESIAN_POINT('',(36.999044632724,-43.8137409707364,-12.));
#8034=CARTESIAN_POINT('Ctrl Pts',(36.999044632724,-43.8137409707364,-12.));
#8035=CARTESIAN_POINT('Ctrl Pts',(36.9996814368017,-43.8284097290518,-12.));
#8036=CARTESIAN_POINT('Ctrl Pts',(37.0000000000032,-43.8430927203764,-12.));
#8037=CARTESIAN_POINT('Ctrl Pts',(37.0000000000032,-43.8577757127764,-12.));
#8038=CARTESIAN_POINT('',(36.0000000000032,-42.8501360376897,-12.));
#8039=CARTESIAN_POINT('Ctrl Pts',(36.0000000000032,-42.8501360376897,-12.));
#8040=CARTESIAN_POINT('Ctrl Pts',(36.2173445648266,-42.8501360376897,-12.));
#8041=CARTESIAN_POINT('Ctrl Pts',(36.7256728462581,-43.0219799999275,-12.));
#8042=CARTESIAN_POINT('Ctrl Pts',(36.9862836783673,-43.5197928603159,-12.));
#8043=CARTESIAN_POINT('Ctrl Pts',(36.999044632724,-43.8137409707365,-12.));
#8044=CARTESIAN_POINT('',(25.4738553578932,-42.8501360376893,-12.));
#8045=CARTESIAN_POINT('',(19.0000000000012,-42.8501360376891,-12.));
#8046=CARTESIAN_POINT('',(24.9999999999992,-42.3541751236745,-12.));
#8047=CARTESIAN_POINT('Origin',(25.9899494936604,-41.8140049746437,-12.));
#8048=CARTESIAN_POINT('',(24.9999999999992,-41.9460969517041,-12.));
#8049=CARTESIAN_POINT('',(24.9999999999991,-43.700000000001,-12.));
#8050=CARTESIAN_POINT('Origin',(24.010050506338,-42.486267100735,-12.));
#8051=CARTESIAN_POINT('',(11.0000000000001,-43.2812783411857,-12.));
#8052=CARTESIAN_POINT('',(-10.9999999999992,-31.281278341186,-12.));
#8053=CARTESIAN_POINT('Origin',(10.5000000000001,-43.2812783411857,-12.5));
#8054=CARTESIAN_POINT('',(10.0000000000001,-43.2812783411857,-13.));
#8055=CARTESIAN_POINT('Origin',(-18.7829785400199,-48.1906151732806,-6.77292803368022));
#8056=CARTESIAN_POINT('',(-25.9751449106247,-40.8819130209658,-12.9751449106239));
#8057=CARTESIAN_POINT('Ctrl Pts',(-25.4947132936479,-40.3931288343934,-12.9685686515411));
#8058=CARTESIAN_POINT('Ctrl Pts',(-25.5140499583193,-40.3992398560949,-12.9629689318509));
#8059=CARTESIAN_POINT('Ctrl Pts',(-25.5333462492572,-40.4062106358025,-12.957827456873));
#8060=CARTESIAN_POINT('Ctrl Pts',(-25.6216228502034,-40.4423457809586,-12.9363613271609));
#8061=CARTESIAN_POINT('Ctrl Pts',(-25.6876132887253,-40.4822961364568,-12.9265082234151));
#8062=CARTESIAN_POINT('Ctrl Pts',(-25.7903066509656,-40.566973909978,-12.9207060623899));
#8063=CARTESIAN_POINT('Ctrl Pts',(-25.8405715907276,-40.6213280966548,-12.9233352704915));
#8064=CARTESIAN_POINT('Ctrl Pts',(-25.917122840004,-40.7311159995407,-12.9380609672284));
#8065=CARTESIAN_POINT('Ctrl Pts',(-25.9540243905721,-40.80865091286,-12.9548722748242));
#8066=CARTESIAN_POINT('Ctrl Pts',(-25.9740993015691,-40.8782020170072,-12.9741104779038));
#8067=CARTESIAN_POINT('Ctrl Pts',(-25.9746254648793,-40.8800542731245,-12.9746254648785));
#8068=CARTESIAN_POINT('Ctrl Pts',(-25.9751449106247,-40.8819130209658,-12.9751449106239));
#8069=CARTESIAN_POINT('',(-19.2779532868505,-48.1906151732806,-6.27795328684963));
#8070=CARTESIAN_POINT('Origin',(-25.5000000000009,-42.9999999999998,-12.5));
#8071=CARTESIAN_POINT('Origin',(-25.3000000000008,-41.1265633249119,-12.3));
#8072=CARTESIAN_POINT('',(-23.252132248914,-44.2616380591795,-10.2521322489131));
#8073=CARTESIAN_POINT('Origin',(-25.3000000000008,-41.7623867097119,-5.03250545641805));
#8074=CARTESIAN_POINT('Origin',(-25.3000000000008,-40.0518575273329,-24.5839434764093));
#8075=CARTESIAN_POINT('Origin',(-23.7471069957446,-44.2616380591795,-9.75715750208253));
#8076=CARTESIAN_POINT('',(-23.7471069957446,-44.7345512045105,-10.2732516378496));
#8077=CARTESIAN_POINT('Origin',(-12.9999999999988,-42.3065581663145,-12.4980973490459));
#8078=CARTESIAN_POINT('',(-35.9999999999968,-42.8501360376883,-12.));
#8079=CARTESIAN_POINT('Origin',(22.7372947281465,-43.8752363012604,-10.7272442218085));
#8080=CARTESIAN_POINT('',(23.232269474977,-43.8752363012604,-10.2322694749779));
#8081=CARTESIAN_POINT('Origin',(25.4999999999991,-43.700000000001,-12.5));
#8082=CARTESIAN_POINT('',(24.0725896494328,-43.3662659232271,-11.0725896494337));
#8083=CARTESIAN_POINT('Origin',(24.5675643962634,-43.3662659232271,-10.5776149026031));
#8084=CARTESIAN_POINT('',(24.5675643962634,-43.8391790685581,-11.0937090383702));
#8085=CARTESIAN_POINT('Origin',(32.837743194289,35.2934242095088,-12.1522062993728));
#8086=CARTESIAN_POINT('',(39.4738553578947,42.0625566823699,-5.));
#8087=CARTESIAN_POINT('',(32.837743194289,34.8205110641778,-11.6361121636057));
#8088=CARTESIAN_POINT('',(39.0000000000006,42.5585175963847,-5.));
#8089=CARTESIAN_POINT('Origin',(39.9899494936618,43.0986877454155,-5.));
#8090=CARTESIAN_POINT('',(32.3427684474584,35.2934242095088,-11.6572315525422));
#8091=CARTESIAN_POINT('Origin',(38.5000000000006,23.4499999999995,-5.5));
#8092=CARTESIAN_POINT('',(39.0000000000006,42.9665957683552,-5.));
#8093=CARTESIAN_POINT('',(39.0000000000006,23.4499999999995,-5.));
#8094=CARTESIAN_POINT('',(31.5024482730027,34.7844538314756,-12.497551726998));
#8095=CARTESIAN_POINT('Origin',(31.0074735261721,34.7844538314756,-12.0025769801674));
#8096=CARTESIAN_POINT('',(38.5261446421066,43.4625566823699,-5.));
#8097=CARTESIAN_POINT('Origin',(38.0100505063395,42.4264256193243,-5.));
#8098=CARTESIAN_POINT('',(31.0074735261721,35.2573669768066,-12.5186711159345));
#8099=CARTESIAN_POINT('Origin',(27.4712808919005,40.8098360715256,-6.48133139823871));
#8100=CARTESIAN_POINT('',(25.4738553578947,43.4625566823699,-5.));
#8101=CARTESIAN_POINT('',(27.4712808919005,41.2827492168565,-6.9974255340058));
#8102=CARTESIAN_POINT('',(25.0000000000006,42.9665957683551,-5.));
#8103=CARTESIAN_POINT('Origin',(25.9899494936618,42.4264256193243,-5.));
#8104=CARTESIAN_POINT('',(26.9763061450699,40.8098360715256,-6.9763061450693));
#8105=CARTESIAN_POINT('Origin',(14.0000000000108,42.9189788109961,-5.49809734904587));
#8106=CARTESIAN_POINT('',(14.0000000000108,43.4625566823699,-5.));
#8107=CARTESIAN_POINT('Origin',(22.5071524361757,44.7388131856259,-3.49710192983621));
#8108=CARTESIAN_POINT('',(25.4947132936477,41.0055494790739,-5.96856865154111));
#8109=CARTESIAN_POINT('',(25.9751449106245,41.4943336656464,-5.97514491062389));
#8110=CARTESIAN_POINT('Ctrl Pts',(25.4947132936477,41.0055494790739,-5.96856865154112));
#8111=CARTESIAN_POINT('Ctrl Pts',(25.5140499583191,41.0116605007755,-5.9629689318509));
#8112=CARTESIAN_POINT('Ctrl Pts',(25.5333462492571,41.018631280483,-5.95782745687302));
#8113=CARTESIAN_POINT('Ctrl Pts',(25.6216228502032,41.0547664256392,-5.93636132716087));
#8114=CARTESIAN_POINT('Ctrl Pts',(25.6876132887251,41.0947167811374,-5.92650822341514));
#8115=CARTESIAN_POINT('Ctrl Pts',(25.7903066509654,41.1793945546585,-5.92070606238989));
#8116=CARTESIAN_POINT('Ctrl Pts',(25.8405715907274,41.2337487413353,-5.92333527049152));
#8117=CARTESIAN_POINT('Ctrl Pts',(25.9171228400038,41.3435366442213,-5.93806096722837));
#8118=CARTESIAN_POINT('Ctrl Pts',(25.9540243905719,41.4210715575406,-5.95487227482424));
#8119=CARTESIAN_POINT('Ctrl Pts',(25.9740993015689,41.4906226616877,-5.97411047790379));
#8120=CARTESIAN_POINT('Ctrl Pts',(25.9746254648791,41.4924749178051,-5.97462546487847));
#8121=CARTESIAN_POINT('Ctrl Pts',(25.9751449106245,41.4943336656464,-5.97514491062389));
#8122=CARTESIAN_POINT('',(25.0000000000006,42.5585175963847,-5.));
#8123=CARTESIAN_POINT('',(23.0021271830063,44.7388131856259,-3.00212718300562));
#8124=CARTESIAN_POINT('',(24.5261446421066,42.0625566823699,-5.));
#8125=CARTESIAN_POINT('Origin',(24.0100505063395,43.0986877454155,-5.));
#8126=CARTESIAN_POINT('',(22.5071524361757,44.2659000402949,-2.98100779406912));
#8127=CARTESIAN_POINT('Origin',(25.3000000000006,41.762386709711,-5.03250545641798));
#8128=CARTESIAN_POINT('Origin',(25.3000000000006,41.7389839695925,-5.30000000000001));
#8129=CARTESIAN_POINT('',(25.3000000000006,40.9754009396223,-5.99619469809175));
#8130=CARTESIAN_POINT('Origin',(25.3000000000006,41.7393168903708,-5.29619469809175));
#8131=CARTESIAN_POINT('',(25.3000000000007,39.3545212386678,-24.5229344564859));
#8132=CARTESIAN_POINT('',(25.3000000000006,41.0650504210467,-4.97149643649461));
#8133=CARTESIAN_POINT('Origin',(25.3000000000007,40.051857527332,-24.5839434764093));
#8134=CARTESIAN_POINT('Origin',(-11.9999999999892,41.5189788109962,-5.49809734904587));
#8135=CARTESIAN_POINT('',(-24.5261446421053,42.06255668237,-5.));
#8136=CARTESIAN_POINT('',(-11.9999999999892,42.06255668237,-5.));
#8137=CARTESIAN_POINT('',(-26.1480827455383,40.2925218418855,-6.62193810343295));
#8138=CARTESIAN_POINT('',(-11.9999999999892,40.9754009396223,-5.99619469809175));
#8139=CARTESIAN_POINT('Origin',(-26.1480827455383,40.7654349872164,-7.13803223920004));
#8140=CARTESIAN_POINT('',(-24.9999999999994,42.5585175963848,-5.));
#8141=CARTESIAN_POINT('Origin',(-24.0100505063382,43.0986877454156,-5.));
#8142=CARTESIAN_POINT('',(-26.6430574923689,40.7654349872164,-6.64305749236946));
#8143=CARTESIAN_POINT('Origin',(-25.4999999999999,23.4500000000003,-5.5));
#8144=CARTESIAN_POINT('',(-24.9999999999994,42.9665957683559,-5.));
#8145=CARTESIAN_POINT('',(-24.9999999999999,23.4500000000003,-5.));
#8146=CARTESIAN_POINT('',(-27.4833776668247,40.256464609184,-7.48337766682527));
#8147=CARTESIAN_POINT('Origin',(-27.9783524136553,40.256464609184,-6.98840291999469));
#8148=CARTESIAN_POINT('',(-25.4738553578934,43.4625566823707,-5.));
#8149=CARTESIAN_POINT('Origin',(-25.9899494936605,42.4264256193251,-5.));
#8150=CARTESIAN_POINT('',(-27.9783524136553,40.729377754515,-7.50449705576177));
#8151=CARTESIAN_POINT('Origin',(-31.5145450479269,35.337825293819,-11.4955054584114));
#8152=CARTESIAN_POINT('',(-38.5261446421053,43.4625566823711,-5.));
#8153=CARTESIAN_POINT('',(-31.5145450479269,35.8107384391499,-12.0115995941785));
#8154=CARTESIAN_POINT('',(-38.9999999999994,42.9665957683564,-5.));
#8155=CARTESIAN_POINT('Origin',(-38.0100505063382,42.4264256193255,-5.));
#8156=CARTESIAN_POINT('',(-32.0095197947575,35.337825293819,-11.990480205242));
#8157=CARTESIAN_POINT('Origin',(-17.9999999999886,42.9189788109966,-5.49809734904587));
#8158=CARTESIAN_POINT('',(-17.9999999999886,43.4625566823705,-5.));
#8159=CARTESIAN_POINT('Origin',(-33.2664682463539,35.7612955034499,-11.7234812473068));
#8160=CARTESIAN_POINT('',(-38.5052867063524,41.005549479074,-5.96856865154111));
#8161=CARTESIAN_POINT('',(-38.0248550893755,41.4943336656465,-5.97514491062388));
#8162=CARTESIAN_POINT('Ctrl Pts',(-38.5052867063524,41.005549479074,-5.9685686515411));
#8163=CARTESIAN_POINT('Ctrl Pts',(-38.4859500416809,41.0116605007756,-5.96296893185088));
#8164=CARTESIAN_POINT('Ctrl Pts',(-38.466653750743,41.0186312804831,-5.95782745687302));
#8165=CARTESIAN_POINT('Ctrl Pts',(-38.3783771497968,41.0547664256393,-5.93636132716087));
#8166=CARTESIAN_POINT('Ctrl Pts',(-38.3123867112749,41.0947167811375,-5.92650822341513));
#8167=CARTESIAN_POINT('Ctrl Pts',(-38.2096933490347,41.1793945546586,-5.92070606238988));
#8168=CARTESIAN_POINT('Ctrl Pts',(-38.1594284092727,41.2337487413354,-5.92333527049151));
#8169=CARTESIAN_POINT('Ctrl Pts',(-38.0828771599962,41.3435366442214,-5.93806096722835));
#8170=CARTESIAN_POINT('Ctrl Pts',(-38.0459756094281,41.4210715575407,-5.95487227482423));
#8171=CARTESIAN_POINT('Ctrl Pts',(-38.0259006984312,41.4906226616878,-5.97411047790379));
#8172=CARTESIAN_POINT('Ctrl Pts',(-38.0253745351209,41.4924749178052,-5.97462546487847));
#8173=CARTESIAN_POINT('Ctrl Pts',(-38.0248550893755,41.4943336656465,-5.97514491062389));
#8174=CARTESIAN_POINT('',(-38.9999999999994,42.5585175963848,-5.));
#8175=CARTESIAN_POINT('',(-32.7714934995233,35.7612955034499,-11.2285065004762));
#8176=CARTESIAN_POINT('',(-39.4738553578934,42.06255668237,-5.));
#8177=CARTESIAN_POINT('Origin',(-39.9899494936605,43.0986877454156,-5.));
#8178=CARTESIAN_POINT('',(-33.2664682463539,35.2883823581189,-11.2073871115397));
#8179=CARTESIAN_POINT('Origin',(-38.4999999999999,22.7500000000006,-5.5));
#8180=CARTESIAN_POINT('',(-38.9999999999999,22.7500000000006,-5.));
#8181=CARTESIAN_POINT('Origin',(-38.6999999999994,41.7389839695926,-5.30000000000001));
#8182=CARTESIAN_POINT('Origin',(-38.6999999999994,41.7623867097111,-5.03250545641795));
#8183=CARTESIAN_POINT('',(-38.6999999999994,40.9754009396224,-5.99619469809174));
#8184=CARTESIAN_POINT('Origin',(-38.6999999999994,41.7393168903709,-5.29619469809175));
#8185=CARTESIAN_POINT('',(-38.6999999999994,39.3545212386679,-24.5229344564859));
#8186=CARTESIAN_POINT('',(-38.6999999999994,41.0650504210468,-4.97149643649459));
#8187=CARTESIAN_POINT('Origin',(-38.6999999999994,40.0518575273321,-24.5839434764093));
#8188=CARTESIAN_POINT('Origin',(-25.2999999999994,33.3773530501174,-24.));
#8189=CARTESIAN_POINT('Origin',(-25.2999999999994,33.3773530501174,-24.));
#8190=CARTESIAN_POINT('Origin',(-25.9999999999994,41.0642212862613,-4.98097349045873));
#8191=CARTESIAN_POINT('',(-12.9999999999991,39.3545212386678,-24.5229344564859));
#8192=CARTESIAN_POINT('Origin',(-38.6999999999994,33.3773530501174,-24.));
#8193=CARTESIAN_POINT('Origin',(-38.6999999999994,33.3773530501174,-24.));
#8194=CARTESIAN_POINT('Origin',(1.23411826325612E-12,33.3773530501173,-24.));
#8195=CARTESIAN_POINT('',(-48.9999999999985,39.3545212386679,-24.522934456486));
#8196=CARTESIAN_POINT('',(1.24278567843324E-12,39.3545212386678,-24.5229344564859));
#8197=CARTESIAN_POINT('Origin',(-48.9999999999985,33.3773530501174,-24.));
#8198=CARTESIAN_POINT('Origin',(-48.9999999999985,41.0642212862614,-4.98097349045873));
#8199=CARTESIAN_POINT('',(-48.9999999999985,40.9754009396224,-5.99619469809175));
#8200=CARTESIAN_POINT('',(-23.4999999999887,40.9754009396223,-5.99619469809174));
#8201=CARTESIAN_POINT('',(-48.9999999999985,41.4999999999997,0.));
#8202=CARTESIAN_POINT('Origin',(-23.4999999999887,41.5189788109962,-5.49809734904587));
#8203=CARTESIAN_POINT('',(-48.9999999999985,42.0625566823701,-5.));
#8204=CARTESIAN_POINT('',(-23.4999999999887,42.06255668237,-5.));
#8205=CARTESIAN_POINT('',(-48.9999999999985,40.9754009396224,-5.99619469809175));
#8206=CARTESIAN_POINT('Origin',(25.3000000000006,33.3773530501173,-24.));
#8207=CARTESIAN_POINT('Origin',(25.3000000000006,33.3773530501173,-24.));
#8208=CARTESIAN_POINT('Origin',(-12.9999999999991,33.3773530501173,-24.));
#8209=CARTESIAN_POINT('Origin',(25.5000000000007,22.7499999999996,-5.5));
#8210=CARTESIAN_POINT('',(25.0000000000007,22.7499999999996,-5.));
#8211=CARTESIAN_POINT('Origin',(20.0000000000108,41.5189788109961,-5.49809734904587));
#8212=CARTESIAN_POINT('',(48.9999999999997,40.9754009396222,-5.99619469809174));
#8213=CARTESIAN_POINT('',(20.0000000000108,40.9754009396223,-5.99619469809174));
#8214=CARTESIAN_POINT('',(48.9999999999997,42.0625566823699,-5.));
#8215=CARTESIAN_POINT('',(48.9999999999997,40.9754009396222,-5.99619469809174));
#8216=CARTESIAN_POINT('',(20.0000000000108,42.0625566823699,-5.));
#8217=CARTESIAN_POINT('Origin',(25.2999999999991,-33.3773530501182,-24.));
#8218=CARTESIAN_POINT('Origin',(38.6999999999992,-41.7623867097119,-5.03250545641798));
#8219=CARTESIAN_POINT('',(38.6999999999992,-39.7545099871396,-19.9510421409473));
#8220=CARTESIAN_POINT('Origin',(38.6999999999992,-40.4740517430777,-19.7582415085232));
#8221=CARTESIAN_POINT('',(38.6999999999993,-39.3545212386687,-24.5229344564859));
#8222=CARTESIAN_POINT('',(38.6999999999992,-41.0650504210477,-4.97149643649462));
#8223=CARTESIAN_POINT('Origin',(38.6999999999993,-40.0518575273329,-24.5839434764093));
#8224=CARTESIAN_POINT('Origin',(38.6999999999992,-33.3773530501182,-24.));
#8225=CARTESIAN_POINT('Origin',(38.6999999999992,-33.3773530501182,-24.));
#8226=CARTESIAN_POINT('Origin',(24.5000000000012,-33.3773530501182,-24.));
#8227=CARTESIAN_POINT('',(49.0000000000012,-39.3545212386687,-24.522934456486));
#8228=CARTESIAN_POINT('',(24.5000000000012,-39.3545212386687,-24.5229344564859));
#8229=CARTESIAN_POINT('Origin',(49.0000000000012,-33.3773530501182,-24.));
#8230=CARTESIAN_POINT('Origin',(49.0000000000012,-41.0642212862622,-4.98097349045873));
#8231=CARTESIAN_POINT('',(43.2500000000013,-39.7545099871396,-19.9510421409473));
#8232=CARTESIAN_POINT('',(44.3125000000022,-39.7545099871396,-19.9510421409473));
#8233=CARTESIAN_POINT('',(43.2500000000015,-40.9754009396232,-5.99619469809175));
#8234=CARTESIAN_POINT('',(43.2500000000015,-41.2555242109027,-2.79437105614647));
#8235=CARTESIAN_POINT('',(49.0000000000012,-40.9754009396232,-5.99619469809175));
#8236=CARTESIAN_POINT('',(25.5000000000111,-40.9754009396232,-5.99619469809174));
#8237=CARTESIAN_POINT('',(49.0000000000012,-41.5000000000005,0.));
#8238=CARTESIAN_POINT('Origin',(39.6250000000032,-44.8407417371098,-18.5881904510252));
#8239=CARTESIAN_POINT('',(38.0000000000032,-43.2439509401767,-19.0160492555449));
#8240=CARTESIAN_POINT('Origin',(36.0000000000032,-43.2439509401767,-19.0160492555449));
#8241=CARTESIAN_POINT('',(38.0000000000032,-53.5000000000005,-16.2679491924311));
#8242=CARTESIAN_POINT('',(38.0000000000032,-51.6703708685551,-16.7581968406504));
#8243=CARTESIAN_POINT('',(39.0000000000032,-54.5000000000005,-16.));
#8244=CARTESIAN_POINT('Origin',(39.0000000000032,-53.5000000000005,-16.2679491924311));
#8245=CARTESIAN_POINT('',(40.2500000000031,-54.5000000000005,-16.));
#8246=CARTESIAN_POINT('',(41.2500000000032,-54.5000000000005,-16.));
#8247=CARTESIAN_POINT('',(41.2500000000031,-53.5000000000003,-16.2679491924312));
#8248=CARTESIAN_POINT('Origin',(40.2500000000031,-53.5000000000005,-16.2679491924311));
#8249=CARTESIAN_POINT('',(41.2500000000013,-41.8103435755344,-19.4001831911641));
#8250=CARTESIAN_POINT('',(41.2500000000014,-42.3402438496328,-19.2581968406504));
#8251=CARTESIAN_POINT('Origin',(43.2500000000013,-41.8103435755341,-19.4001831911642));
#8252=CARTESIAN_POINT('Origin',(-38.7000000000009,-33.3773530501182,-24.));
#8253=CARTESIAN_POINT('Origin',(-38.7000000000009,-33.3773530501182,-24.));
#8254=CARTESIAN_POINT('Origin',(-39.6249999999968,-44.8407417371098,-18.5881904510252));
#8255=CARTESIAN_POINT('',(-43.2499999999949,-39.7545099871396,-19.9510421409473));
#8256=CARTESIAN_POINT('',(-38.8124999999988,-39.7545099871396,-19.9510421409473));
#8257=CARTESIAN_POINT('',(-41.2499999999949,-41.8103435755344,-19.4001831911641));
#8258=CARTESIAN_POINT('Origin',(-43.2499999999949,-41.8103435755341,-19.4001831911642));
#8259=CARTESIAN_POINT('',(-41.2499999999966,-53.5000000000003,-16.2679491924312));
#8260=CARTESIAN_POINT('',(-41.2499999999964,-51.670370868555,-16.7581968406504));
#8261=CARTESIAN_POINT('',(-40.2499999999967,-54.5000000000005,-16.));
#8262=CARTESIAN_POINT('Origin',(-40.2499999999967,-53.5000000000005,-16.2679491924311));
#8263=CARTESIAN_POINT('',(-38.9999999999968,-54.5000000000005,-16.));
#8264=CARTESIAN_POINT('',(-41.2499999999968,-54.5000000000005,-16.));
#8265=CARTESIAN_POINT('',(-37.9999999999968,-53.5000000000005,-16.2679491924311));
#8266=CARTESIAN_POINT('Origin',(-38.9999999999968,-53.5000000000005,-16.2679491924311));
#8267=CARTESIAN_POINT('',(-37.9999999999968,-43.2439509401752,-19.0160492555453));
#8268=CARTESIAN_POINT('',(-37.9999999999968,-42.3402438496329,-19.2581968406504));
#8269=CARTESIAN_POINT('Origin',(-35.9999999999968,-43.2439509401752,-19.0160492555453));
#8270=CARTESIAN_POINT('Origin',(-38.0000000000009,-41.0642212862622,-4.98097349045873));
#8271=CARTESIAN_POINT('',(-48.9999999999986,-39.3545212386687,-24.5229344564859));
#8272=CARTESIAN_POINT('',(-18.9999999999998,-39.3545212386687,-24.5229344564859));
#8273=CARTESIAN_POINT('',(-48.9999999999986,-40.9754009396232,-5.99619469809175));
#8274=CARTESIAN_POINT('',(-48.9999999999986,-41.5000000000005,0.));
#8275=CARTESIAN_POINT('',(-43.2499999999951,-40.9754009396232,-5.99619469809175));
#8276=CARTESIAN_POINT('',(-17.99999999999,-40.9754009396232,-5.99619469809174));
#8277=CARTESIAN_POINT('',(-43.2499999999951,-41.3314854458416,-1.92613016781189));
#8278=CARTESIAN_POINT('Origin',(-25.3000000000008,-33.3773530501182,-24.));
#8279=CARTESIAN_POINT('Origin',(-41.7499999999924,-25.2499999999972,-5.5));
#8280=CARTESIAN_POINT('',(-42.2499999999955,-45.7679491924317,-5.));
#8281=CARTESIAN_POINT('',(-41.2499999999958,-47.5000000000008,-6.));
#8282=CARTESIAN_POINT('Origin',(-43.2499999999958,-47.5000000000005,-4.));
#8283=CARTESIAN_POINT('',(-41.2499999999951,-43.0701963574578,-6.));
#8284=CARTESIAN_POINT('',(-41.2499999999924,-25.2499999999973,-6.));
#8285=CARTESIAN_POINT('',(-42.2499999999951,-43.0701963574577,-5.));
#8286=CARTESIAN_POINT('',(-41.2499999999951,-43.0701963574578,-6.));
#8287=CARTESIAN_POINT('',(-42.2499999999924,-25.2499999999971,-5.));
#8288=CARTESIAN_POINT('Ctrl Pts',(-43.2499999999951,-40.9754009396232,-5.99619469809175));
#8289=CARTESIAN_POINT('Ctrl Pts',(-42.7945559626145,-40.9754009396232,-5.99619469809175));
#8290=CARTESIAN_POINT('Ctrl Pts',(-41.7314038888266,-41.357334193428,-5.99779532302931));
#8291=CARTESIAN_POINT('Ctrl Pts',(-41.2499999940411,-42.3975810703839,-5.99995002796107));
#8292=CARTESIAN_POINT('Ctrl Pts',(-41.2499999999951,-42.9827078720456,-5.99999819853807));
#8293=CARTESIAN_POINT('Ctrl Pts',(-43.2499999999951,-41.3377861872057,-5.66412979872783));
#8294=CARTESIAN_POINT('Ctrl Pts',(-42.8739224534669,-41.3377861872057,-5.66412979872783));
#8295=CARTESIAN_POINT('Ctrl Pts',(-41.9957094703659,-41.6496867896303,-5.66519688201954));
#8296=CARTESIAN_POINT('Ctrl Pts',(-41.5879054365711,-42.509125215255,-5.66663335197405));
#8297=CARTESIAN_POINT('Ctrl Pts',(-41.5836517890881,-42.9971924531697,-5.66666546569205));
#8298=CARTESIAN_POINT('Ctrl Pts',(-43.2499999999951,-41.7001714347883,-5.33206489936392));
#8299=CARTESIAN_POINT('Ctrl Pts',(-42.9532889443193,-41.7001714347883,-5.33206489936392));
#8300=CARTESIAN_POINT('Ctrl Pts',(-42.2600150519053,-41.9420393858325,-5.33259844100977));
#8301=CARTESIAN_POINT('Ctrl Pts',(-41.925810879101,-42.6206693601261,-5.33331667598702));
#8302=CARTESIAN_POINT('Ctrl Pts',(-41.9173035781812,-43.0116770342937,-5.33333273284602));
#8303=CARTESIAN_POINT('Ctrl Pts',(-43.2499999999951,-42.0625566823708,-5.));
#8304=CARTESIAN_POINT('Ctrl Pts',(-43.0326554351717,-42.0625566823708,-5.));
#8305=CARTESIAN_POINT('Ctrl Pts',(-42.5243206334447,-42.2343919820348,-5.));
#8306=CARTESIAN_POINT('Ctrl Pts',(-42.263716321631,-42.7322135049972,-5.));
#8307=CARTESIAN_POINT('Ctrl Pts',(-42.2509553672743,-43.0261616154178,-5.));
#8308=CARTESIAN_POINT('',(-42.2509553672743,-43.0261616154177,-5.));
#8309=CARTESIAN_POINT('',(-41.2499999999951,-42.9827078720457,-5.9999981967727));
#8310=CARTESIAN_POINT('',(-42.2509553672743,-43.0261616154177,-5.));
#8311=CARTESIAN_POINT('Ctrl Pts',(-41.2499999999951,-42.9827078720456,-5.99999819853807));
#8312=CARTESIAN_POINT('Ctrl Pts',(-41.2499999940411,-42.3975810703839,-5.99995002796107));
#8313=CARTESIAN_POINT('Ctrl Pts',(-41.7314038888266,-41.357334193428,-5.99779532302931));
#8314=CARTESIAN_POINT('Ctrl Pts',(-42.7945559626145,-40.9754009396232,-5.99619469809175));
#8315=CARTESIAN_POINT('Ctrl Pts',(-43.2499999999951,-40.9754009396232,-5.99619469809175));
#8316=CARTESIAN_POINT('',(-43.2499999999951,-42.0625566823708,-5.));
#8317=CARTESIAN_POINT('',(-43.2499999999951,-40.9754009396232,-5.99619469809175));
#8318=CARTESIAN_POINT('Ctrl Pts',(-43.2499999999951,-42.0625566823708,-5.));
#8319=CARTESIAN_POINT('Ctrl Pts',(-43.0326554351717,-42.0625566823708,-5.));
#8320=CARTESIAN_POINT('Ctrl Pts',(-42.5243206334447,-42.2343919820348,-5.));
#8321=CARTESIAN_POINT('Ctrl Pts',(-42.263716321631,-42.7322135049972,-5.));
#8322=CARTESIAN_POINT('Ctrl Pts',(-42.2509553672743,-43.0261616154178,-5.));
#8323=CARTESIAN_POINT('Origin',(-17.99999999999,-41.518978810997,-5.49809734904587));
#8324=CARTESIAN_POINT('',(-48.9999999999986,-42.0625566823708,-5.));
#8325=CARTESIAN_POINT('',(-48.9999999999986,-40.9754009396232,-5.99619469809175));
#8326=CARTESIAN_POINT('',(-17.99999999999,-42.0625566823708,-5.));
#8327=CARTESIAN_POINT('Origin',(-48.9999999999986,-30.5000000000005,-5.49809734904587));
#8328=CARTESIAN_POINT('',(-59.4754009396213,-30.5000000000005,-5.99619469809174));
#8329=CARTESIAN_POINT('',(-60.5625566823689,-30.5000000000005,-5.));
#8330=CARTESIAN_POINT('',(-59.4754009396213,-30.5000000000005,-5.99619469809174));
#8331=CARTESIAN_POINT('Origin',(-48.9999999999986,-30.5000000000005,-5.));
#8332=CARTESIAN_POINT('Origin',(-48.9999999999986,-30.5000000000005,-5.99619469809174));
#8333=CARTESIAN_POINT('Origin',(-60.0189788109951,-13.2500000000005,-5.49809734904587));
#8334=CARTESIAN_POINT('',(-59.4754009396213,30.4999999999996,-5.99619469809175));
#8335=CARTESIAN_POINT('',(-60.562556682369,30.4999999999995,-5.));
#8336=CARTESIAN_POINT('',(-59.4754009396213,30.4999999999996,-5.99619469809175));
#8337=CARTESIAN_POINT('',(-60.562556682369,-13.2500000000005,-5.));
#8338=CARTESIAN_POINT('',(-59.4754009396213,-13.2500000000005,-5.99619469809175));
#8339=CARTESIAN_POINT('Origin',(-48.9999999999985,30.4999999999996,-5.49809734904587));
#8340=CARTESIAN_POINT('Origin',(-48.9999999999985,30.4999999999996,-5.));
#8341=CARTESIAN_POINT('Origin',(-48.9999999999985,30.4999999999996,-5.99619469809175));
#8342=CARTESIAN_POINT('Origin',(48.9999999999997,30.4999999999986,-5.49809734904587));
#8343=CARTESIAN_POINT('',(59.4754009396233,30.4999999999986,-5.99619469809174));
#8344=CARTESIAN_POINT('',(60.562556682371,30.4999999999986,-5.));
#8345=CARTESIAN_POINT('',(59.4754009396233,30.4999999999986,-5.99619469809174));
#8346=CARTESIAN_POINT('Origin',(48.9999999999997,30.4999999999986,-5.));
#8347=CARTESIAN_POINT('Origin',(48.9999999999997,30.4999999999986,-5.99619469809174));
#8348=CARTESIAN_POINT('Origin',(60.0189788109973,17.2499999999992,-5.49809734904587));
#8349=CARTESIAN_POINT('',(59.4754009396234,26.5000000000213,-5.99619469809174));
#8350=CARTESIAN_POINT('',(60.562556682371,26.5000000000213,-5.));
#8351=CARTESIAN_POINT('',(59.4754009396234,26.5000000000213,-5.99619469809174));
#8352=CARTESIAN_POINT('',(60.5625566823711,17.2499999999992,-5.));
#8353=CARTESIAN_POINT('',(59.4754009396234,17.2499999999992,-5.99619469809174));
#8354=CARTESIAN_POINT('Ctrl Pts',(61.4827078720444,24.5000000000213,-5.99999819853807));
#8355=CARTESIAN_POINT('Ctrl Pts',(61.0438627707983,24.4999999955562,-5.99996207060532));
#8356=CARTESIAN_POINT('Ctrl Pts',(59.9987293310079,24.8470476362472,-5.99834743110439));
#8357=CARTESIAN_POINT('Ctrl Pts',(59.4754009396234,25.8927412835142,-5.99619469809175));
#8358=CARTESIAN_POINT('Ctrl Pts',(59.4754009396234,26.5000000000214,-5.99619469809175));
#8359=CARTESIAN_POINT('Ctrl Pts',(61.4971924531687,24.8336517891144,-5.66666546569205));
#8360=CARTESIAN_POINT('Ctrl Pts',(61.1311420247328,24.8368420247268,-5.66664138040355));
#8361=CARTESIAN_POINT('Ctrl Pts',(60.2654027108697,25.1336851981832,-5.66556495406959));
#8362=CARTESIAN_POINT('Ctrl Pts',(59.8377861872059,25.9985632713173,-5.66412979872783));
#8363=CARTESIAN_POINT('Ctrl Pts',(59.8377861872059,26.5000000000213,-5.66412979872783));
#8364=CARTESIAN_POINT('Ctrl Pts',(61.511677034293,25.1673035782074,-5.33333273284602));
#8365=CARTESIAN_POINT('Ctrl Pts',(61.2184212786674,25.1736840538975,-5.33332069020177));
#8366=CARTESIAN_POINT('Ctrl Pts',(60.5320760907315,25.4203227601193,-5.3327824770348));
#8367=CARTESIAN_POINT('Ctrl Pts',(60.2001714347885,26.1043852591205,-5.33206489936392));
#8368=CARTESIAN_POINT('Ctrl Pts',(60.2001714347885,26.5000000000213,-5.33206489936392));
#8369=CARTESIAN_POINT('Ctrl Pts',(61.5261616154172,25.5009553673005,-5.));
#8370=CARTESIAN_POINT('Ctrl Pts',(61.3057005326019,25.5105260830681,-5.));
#8371=CARTESIAN_POINT('Ctrl Pts',(60.7987494705934,25.7069603220553,-5.));
#8372=CARTESIAN_POINT('Ctrl Pts',(60.562556682371,26.2102072469236,-5.));
#8373=CARTESIAN_POINT('Ctrl Pts',(60.562556682371,26.5000000000213,-5.));
#8374=CARTESIAN_POINT('',(61.4827078720445,24.5000000000213,-5.99999819677271));
#8375=CARTESIAN_POINT('',(61.5261616154172,25.5009553673005,-5.));
#8376=CARTESIAN_POINT('',(61.4827078720445,24.5000000000213,-5.99999819677271));
#8377=CARTESIAN_POINT('Ctrl Pts',(61.5261616154172,25.5009553673005,-5.));
#8378=CARTESIAN_POINT('Ctrl Pts',(61.3057005326019,25.5105260830681,-5.));
#8379=CARTESIAN_POINT('Ctrl Pts',(60.7987494705934,25.7069603220553,-5.));
#8380=CARTESIAN_POINT('Ctrl Pts',(60.562556682371,26.2102072469236,-5.));
#8381=CARTESIAN_POINT('Ctrl Pts',(60.562556682371,26.5000000000213,-5.));
#8382=CARTESIAN_POINT('Ctrl Pts',(59.4754009396234,26.5000000000214,-5.99619469809175));
#8383=CARTESIAN_POINT('Ctrl Pts',(59.4754009396234,25.8927412835142,-5.99619469809175));
#8384=CARTESIAN_POINT('Ctrl Pts',(59.9987293310079,24.8470476362472,-5.99834743110439));
#8385=CARTESIAN_POINT('Ctrl Pts',(61.0438627707983,24.4999999955562,-5.99996207060532));
#8386=CARTESIAN_POINT('Ctrl Pts',(61.4827078720444,24.5000000000213,-5.99999819853807));
#8387=CARTESIAN_POINT('Ctrl Pts',(-42.2499999999951,-43.0701963574577,-5.));
#8388=CARTESIAN_POINT('Ctrl Pts',(-42.2499999999951,-43.0555133650577,-5.));
#8389=CARTESIAN_POINT('Ctrl Pts',(-42.2503185631966,-43.0408303737331,-5.));
#8390=CARTESIAN_POINT('Ctrl Pts',(-42.2509553672743,-43.0261616154178,-5.));
#8391=CARTESIAN_POINT('Ctrl Pts',(-41.9166666666618,-43.0701963574577,-5.33333333333333));
#8392=CARTESIAN_POINT('Ctrl Pts',(-41.9166666666618,-43.0506928295817,-5.33333333333333));
#8393=CARTESIAN_POINT('Ctrl Pts',(-41.9168790421294,-43.0311893116897,-5.33333353412394));
#8394=CARTESIAN_POINT('Ctrl Pts',(-41.9173035781812,-43.0116770342938,-5.33333273284602));
#8395=CARTESIAN_POINT('Ctrl Pts',(-41.5833333333284,-43.0701963574578,-5.66666666666667));
#8396=CARTESIAN_POINT('Ctrl Pts',(-41.5833333333284,-43.0458722941057,-5.66666666666667));
#8397=CARTESIAN_POINT('Ctrl Pts',(-41.5834395210623,-43.0215482496463,-5.66666706824788));
#8398=CARTESIAN_POINT('Ctrl Pts',(-41.5836517890881,-42.9971924531698,-5.66666546569205));
#8399=CARTESIAN_POINT('Ctrl Pts',(-41.2499999999951,-43.0701963574578,-6.));
#8400=CARTESIAN_POINT('Ctrl Pts',(-41.2499999999951,-43.0410517586298,-6.));
#8401=CARTESIAN_POINT('Ctrl Pts',(-41.2499999999951,-43.0119071876029,-6.00000060237181));
#8402=CARTESIAN_POINT('Ctrl Pts',(-41.2499999999951,-42.9827078720457,-5.99999819853807));
#8403=CARTESIAN_POINT('Ctrl Pts',(-42.2509553672743,-43.0261616154178,-5.));
#8404=CARTESIAN_POINT('Ctrl Pts',(-42.2503185631966,-43.0408303737331,-5.));
#8405=CARTESIAN_POINT('Ctrl Pts',(-42.2499999999951,-43.0555133650577,-5.));
#8406=CARTESIAN_POINT('Ctrl Pts',(-42.2499999999951,-43.0701963574577,-5.));
#8407=CARTESIAN_POINT('Ctrl Pts',(-41.2499999999951,-43.0701963574578,-6.));
#8408=CARTESIAN_POINT('Ctrl Pts',(-41.2499999999951,-43.0410517586298,-6.));
#8409=CARTESIAN_POINT('Ctrl Pts',(-41.2499999999951,-43.0119071876029,-6.00000060237181));
#8410=CARTESIAN_POINT('Ctrl Pts',(-41.2499999999951,-42.9827078720457,-5.99999819853807));
#8411=CARTESIAN_POINT('Origin',(30.0000000000289,25.0000000000383,-5.5));
#8412=CARTESIAN_POINT('',(77.0000000000338,24.500000000013,-6.));
#8413=CARTESIAN_POINT('',(77.0000000000343,25.500000000013,-5.));
#8414=CARTESIAN_POINT('',(77.0000000000338,24.500000000013,-6.));
#8415=CARTESIAN_POINT('',(61.5701963574572,25.5000000000213,-5.));
#8416=CARTESIAN_POINT('',(30.0000000000292,25.5000000000383,-5.));
#8417=CARTESIAN_POINT('',(61.5701963574566,24.5000000000213,-6.));
#8418=CARTESIAN_POINT('',(61.5701963574572,25.5000000000213,-5.));
#8419=CARTESIAN_POINT('',(30.0000000000286,24.5000000000383,-6.));
#8420=CARTESIAN_POINT('Origin',(77.0000000000333,23.500000000013,-5.5));
#8421=CARTESIAN_POINT('',(78.0000000000333,23.5000000000096,-6.));
#8422=CARTESIAN_POINT('',(78.0000000000391,25.2320508075785,-5.));
#8423=CARTESIAN_POINT('Ctrl Pts',(78.0000000000391,25.2320508075785,-5.));
#8424=CARTESIAN_POINT('Ctrl Pts',(78.0000000000352,24.0773502691992,-6.00000000000001));
#8425=CARTESIAN_POINT('Ctrl Pts',(78.0000000000333,23.5000000000096,-6.00000000000001));
#8426=CARTESIAN_POINT('Origin',(77.0000000000333,23.500000000013,-5.));
#8427=CARTESIAN_POINT('Origin',(77.0000000000333,23.500000000013,-6.));
#8428=CARTESIAN_POINT('Ctrl Pts',(61.5261616154173,25.5009553673005,-5.));
#8429=CARTESIAN_POINT('Ctrl Pts',(61.5408303737326,25.5003185632228,-5.));
#8430=CARTESIAN_POINT('Ctrl Pts',(61.5555133650572,25.5000000000213,-5.));
#8431=CARTESIAN_POINT('Ctrl Pts',(61.5701963574572,25.5000000000213,-5.));
#8432=CARTESIAN_POINT('Ctrl Pts',(61.511677034293,25.1673035782074,-5.33333273284602));
#8433=CARTESIAN_POINT('Ctrl Pts',(61.531189311689,25.1668790421556,-5.33333353412394));
#8434=CARTESIAN_POINT('Ctrl Pts',(61.550692829581,25.1666666666879,-5.33333333333333));
#8435=CARTESIAN_POINT('Ctrl Pts',(61.570196357457,25.1666666666879,-5.33333333333333));
#8436=CARTESIAN_POINT('Ctrl Pts',(61.4971924531688,24.8336517891144,-5.66666546569205));
#8437=CARTESIAN_POINT('Ctrl Pts',(61.5215482496453,24.8334395210885,-5.66666706824788));
#8438=CARTESIAN_POINT('Ctrl Pts',(61.5458722941048,24.8333333333546,-5.66666666666667));
#8439=CARTESIAN_POINT('Ctrl Pts',(61.5701963574568,24.8333333333546,-5.66666666666667));
#8440=CARTESIAN_POINT('Ctrl Pts',(61.4827078720445,24.5000000000213,-5.99999819853807));
#8441=CARTESIAN_POINT('Ctrl Pts',(61.5119071876017,24.5000000000213,-6.00000060237181));
#8442=CARTESIAN_POINT('Ctrl Pts',(61.5410517586286,24.5000000000213,-6.));
#8443=CARTESIAN_POINT('Ctrl Pts',(61.5701963574566,24.5000000000213,-6.));
#8444=CARTESIAN_POINT('Ctrl Pts',(61.5701963574572,25.5000000000213,-5.));
#8445=CARTESIAN_POINT('Ctrl Pts',(61.5555133650572,25.5000000000213,-5.));
#8446=CARTESIAN_POINT('Ctrl Pts',(61.5408303737326,25.5003185632228,-5.));
#8447=CARTESIAN_POINT('Ctrl Pts',(61.5261616154173,25.5009553673005,-5.));
#8448=CARTESIAN_POINT('Ctrl Pts',(61.4827078720445,24.5000000000213,-5.99999819853807));
#8449=CARTESIAN_POINT('Ctrl Pts',(61.5119071876017,24.5000000000213,-6.00000060237181));
#8450=CARTESIAN_POINT('Ctrl Pts',(61.5410517586286,24.5000000000213,-6.));
#8451=CARTESIAN_POINT('Ctrl Pts',(61.5701963574566,24.5000000000213,-6.));
#8452=CARTESIAN_POINT('Origin',(-48.9999999999986,-30.5000000000005,0.));
#8453=CARTESIAN_POINT('',(-57.8545212386668,-30.5000000000005,-24.5229344564859));
#8454=CARTESIAN_POINT('Origin',(-48.9999999999986,-30.5000000000005,-24.5229344564859));
#8455=CARTESIAN_POINT('',(-59.9999999999986,-30.5000000000005,0.));
#8456=CARTESIAN_POINT('Origin',(-43.2499999999951,-43.3238748420251,-2.1004416533072));
#8457=CARTESIAN_POINT('',(-41.2499999999951,-43.3238748420254,-2.1004416533072));
#8458=CARTESIAN_POINT('Origin',(-41.2499999999968,-54.5000000000005,0.));
#8459=CARTESIAN_POINT('',(-41.2499999999957,-47.5000000000008,-1.));
#8460=CARTESIAN_POINT('',(-41.2499999999957,-47.5000000000008,0.));
#8461=CARTESIAN_POINT('',(-41.2499999999966,-53.5000000000003,-1.));
#8462=CARTESIAN_POINT('',(-41.2499999999928,-27.4999999999972,-1.));
#8463=CARTESIAN_POINT('',(-41.2499999999966,-53.5000000000003,0.));
#8464=CARTESIAN_POINT('Origin',(2.00000000002094,3.99999999999953,-5.));
#8465=CARTESIAN_POINT('',(78.0000000000417,25.9999999999557,-5.));
#8466=CARTESIAN_POINT('',(78.0000000000114,17.0000000000065,-5.));
#8467=CARTESIAN_POINT('',(76.0000000000114,27.9999999999886,-5.));
#8468=CARTESIAN_POINT('',(78.0000000000417,25.9999999999557,-5.));
#8469=CARTESIAN_POINT('',(66.9930542154451,27.9999999999924,-5.));
#8470=CARTESIAN_POINT('',(76.0000000000114,27.9999999999886,-5.));
#8471=CARTESIAN_POINT('',(64.9938259692852,29.9444444444376,-5.));
#8472=CARTESIAN_POINT('Origin',(66.9930542154459,29.9999999999924,-5.));
#8473=CARTESIAN_POINT('',(48.9999999999951,45.4999999999995,-5.));
#8474=CARTESIAN_POINT('Origin',(48.9999999999991,29.4999999999995,-5.));
#8475=CARTESIAN_POINT('',(45.2741405216151,45.4999999999995,-5.));
#8476=CARTESIAN_POINT('',(48.9999999999951,45.4999999999995,-5.));
#8477=CARTESIAN_POINT('',(43.4615249475418,46.6547634765181,-5.));
#8478=CARTESIAN_POINT('Origin',(45.2741405216151,47.4999999999995,-5.));
#8479=CARTESIAN_POINT('',(40.5387762609893,52.9226182617402,-5.));
#8480=CARTESIAN_POINT('',(44.0000000000001,45.4999999999995,-5.));
#8481=CARTESIAN_POINT('',(39.6324684739526,53.4999999999995,-5.));
#8482=CARTESIAN_POINT('Origin',(39.6324684739526,52.4999999999995,-5.));
#8483=CARTESIAN_POINT('',(-39.6324684739524,53.4999999999995,-5.));
#8484=CARTESIAN_POINT('',(40.2695387347601,53.4999999999995,-5.));
#8485=CARTESIAN_POINT('',(-40.538776260989,52.9226182617403,-5.));
#8486=CARTESIAN_POINT('Origin',(-39.6324684739524,52.4999999999996,-5.));
#8487=CARTESIAN_POINT('',(-43.4615249475416,46.6547634765181,-5.));
#8488=CARTESIAN_POINT('',(-40.2695387347599,53.4999999999995,-5.));
#8489=CARTESIAN_POINT('',(-45.2741405216149,45.4999999999995,-5.));
#8490=CARTESIAN_POINT('Origin',(-45.2741405216149,47.4999999999995,-5.));
#8491=CARTESIAN_POINT('',(-48.9999999999945,45.4999999999995,-5.));
#8492=CARTESIAN_POINT('',(48.9999999999951,45.4999999999995,-5.));
#8493=CARTESIAN_POINT('',(-64.9999999999986,29.4999999999996,-5.));
#8494=CARTESIAN_POINT('Origin',(-48.9999999999986,29.4999999999996,-5.));
#8495=CARTESIAN_POINT('',(-64.9999999999986,20.9999999999951,-5.));
#8496=CARTESIAN_POINT('',(-64.9999999999986,29.4999999999996,-5.));
#8497=CARTESIAN_POINT('',(-66.9999999999989,18.9999999999951,-5.));
#8498=CARTESIAN_POINT('Origin',(-66.9999999999986,20.9999999999951,-5.));
#8499=CARTESIAN_POINT('',(-72.9999999999996,18.9999999999961,-5.));
#8500=CARTESIAN_POINT('',(-65.,18.9999999999948,-5.));
#8501=CARTESIAN_POINT('',(-73.9999999999998,17.9999999999961,-5.));
#8502=CARTESIAN_POINT('Origin',(-72.9999999999998,17.9999999999961,-5.));
#8503=CARTESIAN_POINT('',(-73.9999999999998,-26.0000000000038,-5.));
#8504=CARTESIAN_POINT('',(-73.9999999999998,18.9999999999963,-5.));
#8505=CARTESIAN_POINT('',(-72.9999999999998,-27.0000000000038,-5.));
#8506=CARTESIAN_POINT('Origin',(-72.9999999999998,-26.0000000000038,-5.));
#8507=CARTESIAN_POINT('',(-66.9999999999986,-27.0000000000038,-5.));
#8508=CARTESIAN_POINT('',(-73.9999999999998,-27.0000000000038,-5.));
#8509=CARTESIAN_POINT('',(-64.9999999999986,-29.0000000000038,-5.));
#8510=CARTESIAN_POINT('Origin',(-66.9999999999986,-29.0000000000038,-5.));
#8511=CARTESIAN_POINT('',(-64.9999999999986,-29.5000000000005,-5.));
#8512=CARTESIAN_POINT('',(-64.9999999999986,29.4999999999996,-5.));
#8513=CARTESIAN_POINT('',(-48.9999999999891,-45.5000000000005,-5.));
#8514=CARTESIAN_POINT('Origin',(-48.9999999999986,-29.5000000000005,-5.));
#8515=CARTESIAN_POINT('',(-43.2499999999958,-45.5000000000005,-5.));
#8516=CARTESIAN_POINT('',(-48.9999999999891,-45.5000000000005,-5.));
#8517=CARTESIAN_POINT('Origin',(-43.2499999999958,-47.5000000000005,-5.));
#8518=CARTESIAN_POINT('Origin',(-38.9999999999968,-53.5000000000005,-12.5));
#8519=CARTESIAN_POINT('',(-38.9999999999968,-54.5000000000005,-13.));
#8520=CARTESIAN_POINT('Ctrl Pts',(-37.2679491924279,-54.5000000000005,-12.));
#8521=CARTESIAN_POINT('Ctrl Pts',(-38.4226497308072,-54.5000000000005,-13.));
#8522=CARTESIAN_POINT('Ctrl Pts',(-38.9999999999968,-54.5000000000005,-13.));
#8523=CARTESIAN_POINT('',(-37.9999999999968,-53.5000000000005,-13.));
#8524=CARTESIAN_POINT('',(-36.9999999999968,-53.5000000000005,-12.));
#8525=CARTESIAN_POINT('Origin',(-38.9999999999968,-53.5000000000005,-13.));
#8526=CARTESIAN_POINT('Origin',(-37.4999999999968,-39.5000000000005,-12.5));
#8527=CARTESIAN_POINT('',(-37.9999999999968,-43.857775712775,-13.));
#8528=CARTESIAN_POINT('',(-36.9999999999968,-43.857775712775,-12.));
#8529=CARTESIAN_POINT('',(-37.9999999999968,-39.5000000000005,-13.));
#8530=CARTESIAN_POINT('Ctrl Pts',(-37.9999999999968,-43.7702872273627,-12.9999981985381));
#8531=CARTESIAN_POINT('Ctrl Pts',(-38.0000000044622,-43.3314421261164,-12.9999620706053));
#8532=CARTESIAN_POINT('Ctrl Pts',(-37.6529392157222,-42.2863166924854,-12.9983473987597));
#8533=CARTESIAN_POINT('Ctrl Pts',(-36.6072587165042,-41.7629802949406,-12.9961946980917));
#8534=CARTESIAN_POINT('Ctrl Pts',(-35.9999999999968,-41.7629802949406,-12.9961946980917));
#8535=CARTESIAN_POINT('Ctrl Pts',(-37.6663482109037,-43.7847718084868,-12.6666654656921));
#8536=CARTESIAN_POINT('Ctrl Pts',(-37.6631579752915,-43.4187213800508,-12.6666413804036));
#8537=CARTESIAN_POINT('Ctrl Pts',(-37.3663044178432,-42.5529889118602,-12.6655649325065));
#8538=CARTESIAN_POINT('Ctrl Pts',(-36.501436728701,-42.1253655425232,-12.6641297987278));
#8539=CARTESIAN_POINT('Ctrl Pts',(-35.9999999999968,-42.1253655425232,-12.6641297987278));
#8540=CARTESIAN_POINT('Ctrl Pts',(-37.3326964218107,-43.7992563896109,-12.333332732846));
#8541=CARTESIAN_POINT('Ctrl Pts',(-37.3263159461208,-43.5060006339852,-12.3333206902018));
#8542=CARTESIAN_POINT('Ctrl Pts',(-37.0796696199642,-42.819661131235,-12.3327824662532));
#8543=CARTESIAN_POINT('Ctrl Pts',(-36.3956147408978,-42.4877507901057,-12.3320648993639));
#8544=CARTESIAN_POINT('Ctrl Pts',(-35.9999999999968,-42.4877507901057,-12.3320648993639));
#8545=CARTESIAN_POINT('Ctrl Pts',(-36.9990446327176,-43.813740970735,-12.));
#8546=CARTESIAN_POINT('Ctrl Pts',(-36.9894739169501,-43.5932798879196,-12.));
#8547=CARTESIAN_POINT('Ctrl Pts',(-36.7930348220852,-43.0863333506098,-12.));
#8548=CARTESIAN_POINT('Ctrl Pts',(-36.2897927530946,-42.8501360376883,-12.));
#8549=CARTESIAN_POINT('Ctrl Pts',(-35.9999999999968,-42.8501360376883,-12.));
#8550=CARTESIAN_POINT('',(-37.9999999999968,-43.7702872273628,-12.9999981967727));
#8551=CARTESIAN_POINT('',(-37.9999999999968,-43.7702872273628,-12.9999981967727));
#8552=CARTESIAN_POINT('Ctrl Pts',(-35.9999999999968,-41.7629802949406,-12.9961946980917));
#8553=CARTESIAN_POINT('Ctrl Pts',(-36.6072587165042,-41.7629802949406,-12.9961946980917));
#8554=CARTESIAN_POINT('Ctrl Pts',(-37.6529392157222,-42.2863166924854,-12.9983473987597));
#8555=CARTESIAN_POINT('Ctrl Pts',(-38.0000000044622,-43.3314421261164,-12.9999620706053));
#8556=CARTESIAN_POINT('Ctrl Pts',(-37.9999999999968,-43.7702872273627,-12.9999981985381));
#8557=CARTESIAN_POINT('Origin',(19.0000000000012,-42.3065581663152,-12.4980973490459));
#8558=CARTESIAN_POINT('',(36.0000000000032,-42.8501360376897,-12.));
#8559=CARTESIAN_POINT('Ctrl Pts',(36.0000000000033,-41.762980294942,-12.9961946980917));
#8560=CARTESIAN_POINT('Ctrl Pts',(36.4554440373838,-41.7629802949421,-12.9961946980917));
#8561=CARTESIAN_POINT('Ctrl Pts',(37.5185768642746,-42.14493207213,-12.9977953823554));
#8562=CARTESIAN_POINT('Ctrl Pts',(38.000000005957,-43.1851604257025,-12.9999500279611));
#8563=CARTESIAN_POINT('Ctrl Pts',(38.0000000000032,-43.7702872273641,-12.9999981985381));
#8564=CARTESIAN_POINT('Ctrl Pts',(36.0000000000033,-42.1253655425246,-12.6641297987278));
#8565=CARTESIAN_POINT('Ctrl Pts',(36.3760775465314,-42.1253655425246,-12.6641297987278));
#8566=CARTESIAN_POINT('Ctrl Pts',(37.2542755249358,-42.4372813813958,-12.6651969215703));
#8567=CARTESIAN_POINT('Ctrl Pts',(37.6620945634271,-43.2967045705736,-12.6666333519741));
#8568=CARTESIAN_POINT('Ctrl Pts',(37.6663482109102,-43.7847718084882,-12.6666654656921));
#8569=CARTESIAN_POINT('Ctrl Pts',(36.0000000000033,-42.4877507901071,-12.3320648993639));
#8570=CARTESIAN_POINT('Ctrl Pts',(36.296711055679,-42.4877507901072,-12.3320648993639));
#8571=CARTESIAN_POINT('Ctrl Pts',(36.9899741855969,-42.7296306906617,-12.3325984607851));
#8572=CARTESIAN_POINT('Ctrl Pts',(37.3241891208972,-43.4082487154448,-12.333316675987));
#8573=CARTESIAN_POINT('Ctrl Pts',(37.3326964218171,-43.7992563896124,-12.333332732846));
#8574=CARTESIAN_POINT('Ctrl Pts',(36.0000000000032,-42.8501360376897,-12.));
#8575=CARTESIAN_POINT('Ctrl Pts',(36.2173445648266,-42.8501360376897,-12.));
#8576=CARTESIAN_POINT('Ctrl Pts',(36.7256728462581,-43.0219799999275,-12.));
#8577=CARTESIAN_POINT('Ctrl Pts',(36.9862836783673,-43.5197928603159,-12.));
#8578=CARTESIAN_POINT('Ctrl Pts',(36.999044632724,-43.8137409707365,-12.));
#8579=CARTESIAN_POINT('',(38.0000000000032,-43.7702872273643,-12.9999981967727));
#8580=CARTESIAN_POINT('',(36.999044632724,-43.8137409707364,-12.));
#8581=CARTESIAN_POINT('Ctrl Pts',(38.0000000000032,-43.7702872273641,-12.9999981985381));
#8582=CARTESIAN_POINT('Ctrl Pts',(38.000000005957,-43.1851604257025,-12.9999500279611));
#8583=CARTESIAN_POINT('Ctrl Pts',(37.5185768642746,-42.14493207213,-12.9977953823554));
#8584=CARTESIAN_POINT('Ctrl Pts',(36.4554440373838,-41.7629802949421,-12.9961946980917));
#8585=CARTESIAN_POINT('Ctrl Pts',(36.0000000000033,-41.762980294942,-12.9961946980917));
#8586=CARTESIAN_POINT('Origin',(-10.4999999999992,-31.281278341186,-12.5));
#8587=CARTESIAN_POINT('',(-9.99999999999919,-31.281278341186,-13.));
#8588=CARTESIAN_POINT('Origin',(37.5000000000032,-49.5000000000005,-12.5));
#8589=CARTESIAN_POINT('',(38.0000000000032,-53.5000000000005,-13.));
#8590=CARTESIAN_POINT('',(37.0000000000032,-53.5000000000005,-12.));
#8591=CARTESIAN_POINT('',(38.0000000000032,-43.8577757127764,-13.));
#8592=CARTESIAN_POINT('',(38.0000000000032,-49.5000000000005,-13.));
#8593=CARTESIAN_POINT('',(38.0000000000032,-43.8577757127764,-13.));
#8594=CARTESIAN_POINT('Origin',(39.0000000000032,-53.5000000000005,-12.5));
#8595=CARTESIAN_POINT('',(39.0000000000032,-54.5000000000005,-13.));
#8596=CARTESIAN_POINT('Ctrl Pts',(39.0000000000032,-54.5000000000005,-13.));
#8597=CARTESIAN_POINT('Ctrl Pts',(38.4226497308136,-54.5000000000005,-13.));
#8598=CARTESIAN_POINT('Ctrl Pts',(37.2679491924343,-54.5000000000005,-12.));
#8599=CARTESIAN_POINT('Origin',(39.0000000000032,-53.5000000000005,-13.));
#8600=CARTESIAN_POINT('Ctrl Pts',(38.0000000000032,-43.7702872273641,-12.9999981985381));
#8601=CARTESIAN_POINT('Ctrl Pts',(38.0000000000032,-43.7994865429214,-13.0000006023718));
#8602=CARTESIAN_POINT('Ctrl Pts',(38.0000000000032,-43.8286311139483,-13.));
#8603=CARTESIAN_POINT('Ctrl Pts',(38.0000000000032,-43.8577757127764,-13.));
#8604=CARTESIAN_POINT('Ctrl Pts',(37.6663482109102,-43.7847718084882,-12.666665465692));
#8605=CARTESIAN_POINT('Ctrl Pts',(37.666560478936,-43.8091276049648,-12.6666670682479));
#8606=CARTESIAN_POINT('Ctrl Pts',(37.6666666666699,-43.8334516494243,-12.6666666666667));
#8607=CARTESIAN_POINT('Ctrl Pts',(37.6666666666699,-43.8577757127764,-12.6666666666667));
#8608=CARTESIAN_POINT('Ctrl Pts',(37.3326964218171,-43.7992563896123,-12.333332732846));
#8609=CARTESIAN_POINT('Ctrl Pts',(37.3331209578689,-43.8187686670083,-12.3333335341239));
#8610=CARTESIAN_POINT('Ctrl Pts',(37.3333333333365,-43.8382721849003,-12.3333333333333));
#8611=CARTESIAN_POINT('Ctrl Pts',(37.3333333333365,-43.8577757127764,-12.3333333333333));
#8612=CARTESIAN_POINT('Ctrl Pts',(36.999044632724,-43.8137409707364,-12.));
#8613=CARTESIAN_POINT('Ctrl Pts',(36.9996814368017,-43.8284097290518,-12.));
#8614=CARTESIAN_POINT('Ctrl Pts',(37.0000000000032,-43.8430927203764,-12.));
#8615=CARTESIAN_POINT('Ctrl Pts',(37.0000000000032,-43.8577757127764,-12.));
#8616=CARTESIAN_POINT('Ctrl Pts',(38.0000000000032,-43.8577757127764,-13.));
#8617=CARTESIAN_POINT('Ctrl Pts',(38.0000000000032,-43.8286311139483,-13.));
#8618=CARTESIAN_POINT('Ctrl Pts',(38.0000000000032,-43.7994865429214,-13.0000006023718));
#8619=CARTESIAN_POINT('Ctrl Pts',(38.0000000000032,-43.7702872273641,-12.9999981985381));
#8620=CARTESIAN_POINT('Ctrl Pts',(-37.9999999999968,-43.857775712775,-13.));
#8621=CARTESIAN_POINT('Ctrl Pts',(-37.9999999999968,-43.8286311139468,-13.));
#8622=CARTESIAN_POINT('Ctrl Pts',(-37.9999999999968,-43.7994865429199,-13.0000006023718));
#8623=CARTESIAN_POINT('Ctrl Pts',(-37.9999999999968,-43.7702872273627,-12.9999981985381));
#8624=CARTESIAN_POINT('Ctrl Pts',(-37.6666666666635,-43.857775712775,-12.6666666666667));
#8625=CARTESIAN_POINT('Ctrl Pts',(-37.6666666666635,-43.8334516494229,-12.6666666666667));
#8626=CARTESIAN_POINT('Ctrl Pts',(-37.6665604789296,-43.8091276049634,-12.6666670682479));
#8627=CARTESIAN_POINT('Ctrl Pts',(-37.6663482109037,-43.7847718084868,-12.666665465692));
#8628=CARTESIAN_POINT('Ctrl Pts',(-37.3333333333301,-43.857775712775,-12.3333333333333));
#8629=CARTESIAN_POINT('Ctrl Pts',(-37.3333333333301,-43.8382721848989,-12.3333333333333));
#8630=CARTESIAN_POINT('Ctrl Pts',(-37.3331209578624,-43.8187686670069,-12.3333335341239));
#8631=CARTESIAN_POINT('Ctrl Pts',(-37.3326964218107,-43.7992563896109,-12.333332732846));
#8632=CARTESIAN_POINT('Ctrl Pts',(-36.9999999999968,-43.857775712775,-12.));
#8633=CARTESIAN_POINT('Ctrl Pts',(-36.9999999999968,-43.8430927203749,-12.));
#8634=CARTESIAN_POINT('Ctrl Pts',(-36.9996814367953,-43.8284097290504,-12.));
#8635=CARTESIAN_POINT('Ctrl Pts',(-36.9990446327176,-43.813740970735,-12.));
#8636=CARTESIAN_POINT('Ctrl Pts',(-37.9999999999968,-43.7702872273627,-12.9999981985381));
#8637=CARTESIAN_POINT('Ctrl Pts',(-37.9999999999968,-43.7994865429199,-13.0000006023718));
#8638=CARTESIAN_POINT('Ctrl Pts',(-37.9999999999968,-43.8286311139468,-13.));
#8639=CARTESIAN_POINT('Ctrl Pts',(-37.9999999999968,-43.857775712775,-13.));
#8640=CARTESIAN_POINT('Origin',(-9.99999999999919,-18.0625566823716,-15.));
#8641=CARTESIAN_POINT('',(-9.99999999999919,-30.0625566823713,-15.));
#8642=CARTESIAN_POINT('Origin',(10.0000000000001,-42.0625566823709,-15.));
#8643=CARTESIAN_POINT('',(10.0000000000001,-30.0625566823712,-15.));
#8644=CARTESIAN_POINT('Origin',(36.0000000000032,-44.7185575555797,-2.16121851549059));
#8645=CARTESIAN_POINT('',(38.0000000000032,-44.7185575555797,-2.16121851549059));
#8646=CARTESIAN_POINT('Origin',(38.0000000000032,-54.5000000000005,0.));
#8647=CARTESIAN_POINT('',(38.0000000000032,-53.5000000000005,0.));
#8648=CARTESIAN_POINT('Origin',(39.0000000000032,-53.5000000000005,0.));
#8649=CARTESIAN_POINT('',(39.0000000000032,-54.5000000000005,0.));
#8650=CARTESIAN_POINT('Origin',(40.0000000000187,18.0000000000187,-5.5));
#8651=CARTESIAN_POINT('',(61.5701963574578,18.5000000000187,-6.));
#8652=CARTESIAN_POINT('',(61.5701963574578,17.5000000000187,-5.));
#8653=CARTESIAN_POINT('',(61.5701963574578,18.5000000000187,-6.));
#8654=CARTESIAN_POINT('',(77.0000000000198,17.5000000000187,-5.));
#8655=CARTESIAN_POINT('',(40.0000000000187,17.5000000000187,-5.));
#8656=CARTESIAN_POINT('',(77.0000000000198,18.5000000000187,-6.));
#8657=CARTESIAN_POINT('',(77.0000000000198,17.5000000000187,-5.));
#8658=CARTESIAN_POINT('',(40.0000000000187,18.5000000000187,-6.));
#8659=CARTESIAN_POINT('Origin',(77.0000000000198,19.5000000000187,-5.5));
#8660=CARTESIAN_POINT('',(78.000000000014,17.7679491924465,-5.));
#8661=CARTESIAN_POINT('',(78.0000000000198,19.5000000000154,-6.));
#8662=CARTESIAN_POINT('Ctrl Pts',(78.0000000000198,19.5000000000154,-6.));
#8663=CARTESIAN_POINT('Ctrl Pts',(78.0000000000179,18.9226497308257,-6.));
#8664=CARTESIAN_POINT('Ctrl Pts',(78.000000000014,17.7679491924465,-5.));
#8665=CARTESIAN_POINT('Origin',(77.0000000000198,19.5000000000187,-6.));
#8666=CARTESIAN_POINT('Origin',(77.0000000000198,19.5000000000187,-5.));
#8667=CARTESIAN_POINT('Ctrl Pts',(41.2500000000015,-42.9827078720456,-5.99999819853807));
#8668=CARTESIAN_POINT('Ctrl Pts',(41.2499999955361,-42.5438627707993,-5.99996207060532));
#8669=CARTESIAN_POINT('Ctrl Pts',(41.5970388126127,-41.4987239580998,-5.99834745281082));
#8670=CARTESIAN_POINT('Ctrl Pts',(42.642741283494,-40.9754009396232,-5.99619469809175));
#8671=CARTESIAN_POINT('Ctrl Pts',(43.2500000000015,-40.9754009396232,-5.99619469809175));
#8672=CARTESIAN_POINT('Ctrl Pts',(41.5836517890946,-42.9971924531696,-5.66666546569205));
#8673=CARTESIAN_POINT('Ctrl Pts',(41.5868420247068,-42.6311420247336,-5.66664138040355));
#8674=CARTESIAN_POINT('Ctrl Pts',(41.8836782294988,-41.7653981167606,-5.66556496854055));
#8675=CARTESIAN_POINT('Ctrl Pts',(42.7485632712973,-41.3377861872057,-5.66412979872783));
#8676=CARTESIAN_POINT('Ctrl Pts',(43.2500000000015,-41.3377861872057,-5.66412979872783));
#8677=CARTESIAN_POINT('Ctrl Pts',(41.9173035781876,-43.0116770342937,-5.33333273284602));
#8678=CARTESIAN_POINT('Ctrl Pts',(41.9236840538775,-42.718421278668,-5.33332069020177));
#8679=CARTESIAN_POINT('Ctrl Pts',(42.1703176463849,-42.0320722754214,-5.33278248427027));
#8680=CARTESIAN_POINT('Ctrl Pts',(42.8543852591005,-41.7001714347883,-5.33206489936392));
#8681=CARTESIAN_POINT('Ctrl Pts',(43.2500000000015,-41.7001714347883,-5.33206489936392));
#8682=CARTESIAN_POINT('Ctrl Pts',(42.2509553672807,-43.0261616154177,-5.));
#8683=CARTESIAN_POINT('Ctrl Pts',(42.2605260830482,-42.8057005326023,-5.));
#8684=CARTESIAN_POINT('Ctrl Pts',(42.4569570632709,-42.2987464340823,-5.));
#8685=CARTESIAN_POINT('Ctrl Pts',(42.9602072469037,-42.0625566823708,-5.));
#8686=CARTESIAN_POINT('Ctrl Pts',(43.2500000000015,-42.0625566823708,-5.));
#8687=CARTESIAN_POINT('',(41.2500000000015,-42.9827078720457,-5.9999981967727));
#8688=CARTESIAN_POINT('',(42.2509553672807,-43.0261616154177,-5.));
#8689=CARTESIAN_POINT('',(41.2500000000015,-42.9827078720457,-5.9999981967727));
#8690=CARTESIAN_POINT('',(43.2500000000015,-42.0625566823708,-5.));
#8691=CARTESIAN_POINT('Ctrl Pts',(42.2509553672807,-43.0261616154177,-5.));
#8692=CARTESIAN_POINT('Ctrl Pts',(42.2605260830482,-42.8057005326023,-5.));
#8693=CARTESIAN_POINT('Ctrl Pts',(42.4569570632709,-42.2987464340823,-5.));
#8694=CARTESIAN_POINT('Ctrl Pts',(42.9602072469037,-42.0625566823708,-5.));
#8695=CARTESIAN_POINT('Ctrl Pts',(43.2500000000015,-42.0625566823708,-5.));
#8696=CARTESIAN_POINT('',(43.2500000000015,-42.0625566823708,-5.));
#8697=CARTESIAN_POINT('Ctrl Pts',(43.2500000000015,-40.9754009396232,-5.99619469809175));
#8698=CARTESIAN_POINT('Ctrl Pts',(42.642741283494,-40.9754009396232,-5.99619469809175));
#8699=CARTESIAN_POINT('Ctrl Pts',(41.5970388126127,-41.4987239580998,-5.99834745281082));
#8700=CARTESIAN_POINT('Ctrl Pts',(41.2499999955361,-42.5438627707993,-5.99996207060532));
#8701=CARTESIAN_POINT('Ctrl Pts',(41.2500000000015,-42.9827078720456,-5.99999819853807));
#8702=CARTESIAN_POINT('Origin',(25.5000000000111,-41.518978810997,-5.49809734904587));
#8703=CARTESIAN_POINT('',(49.0000000000012,-42.0625566823708,-5.));
#8704=CARTESIAN_POINT('',(25.5000000000111,-42.0625566823708,-5.));
#8705=CARTESIAN_POINT('',(49.0000000000012,-42.0625566823708,-5.));
#8706=CARTESIAN_POINT('Origin',(49.0000000000012,-30.5000000000007,-5.49809734904587));
#8707=CARTESIAN_POINT('',(60.5625566823713,-30.5000000000007,-5.));
#8708=CARTESIAN_POINT('Origin',(49.0000000000012,-30.5000000000007,-5.));
#8709=CARTESIAN_POINT('',(59.4754009396237,-30.5000000000007,-5.99619469809175));
#8710=CARTESIAN_POINT('',(60.5625566823713,-30.5000000000007,-5.));
#8711=CARTESIAN_POINT('Origin',(49.0000000000012,-30.5000000000007,-5.99619469809175));
#8712=CARTESIAN_POINT('Origin',(60.0189788109973,17.2499999999992,-5.49809734904587));
#8713=CARTESIAN_POINT('',(60.5625566823711,16.5000000000187,-5.));
#8714=CARTESIAN_POINT('',(60.5625566823711,17.2499999999992,-5.));
#8715=CARTESIAN_POINT('',(59.4754009396234,16.5000000000187,-5.99619469809174));
#8716=CARTESIAN_POINT('',(60.5625566823711,16.5000000000187,-5.));
#8717=CARTESIAN_POINT('',(59.4754009396234,17.2499999999992,-5.99619469809174));
#8718=CARTESIAN_POINT('Ctrl Pts',(59.4754009396234,16.5000000000187,-5.99619469809175));
#8719=CARTESIAN_POINT('Ctrl Pts',(59.4754009396234,16.9554440373992,-5.99619469809175));
#8720=CARTESIAN_POINT('Ctrl Pts',(59.8573147878222,18.0186162747659,-5.99779526087764));
#8721=CARTESIAN_POINT('Ctrl Pts',(60.8975810703839,18.5000000059725,-5.99995002796107));
#8722=CARTESIAN_POINT('Ctrl Pts',(61.4827078720455,18.5000000000187,-5.99999819853807));
#8723=CARTESIAN_POINT('Ctrl Pts',(59.837786187206,16.5000000000187,-5.66412979872783));
#8724=CARTESIAN_POINT('Ctrl Pts',(59.837786187206,16.8760775465468,-5.66412979872783));
#8725=CARTESIAN_POINT('Ctrl Pts',(60.1496708275096,17.7543062489806,-5.66519684058509));
#8726=CARTESIAN_POINT('Ctrl Pts',(61.009125215255,18.1620945634426,-5.66663335197405));
#8727=CARTESIAN_POINT('Ctrl Pts',(61.4971924531696,18.1663482109256,-5.66666546569205));
#8728=CARTESIAN_POINT('Ctrl Pts',(60.2001714347885,16.5000000000187,-5.33206489936392));
#8729=CARTESIAN_POINT('Ctrl Pts',(60.2001714347885,16.7967110556944,-5.33206489936392));
#8730=CARTESIAN_POINT('Ctrl Pts',(60.4420268671969,17.4899962231952,-5.33259842029255));
#8731=CARTESIAN_POINT('Ctrl Pts',(61.1206693601262,17.8241891209127,-5.33331667598702));
#8732=CARTESIAN_POINT('Ctrl Pts',(61.5116770342937,17.8326964218326,-5.33333273284602));
#8733=CARTESIAN_POINT('Ctrl Pts',(60.5625566823711,16.5000000000187,-5.));
#8734=CARTESIAN_POINT('Ctrl Pts',(60.5625566823711,16.717344564842,-5.));
#8735=CARTESIAN_POINT('Ctrl Pts',(60.7343829068843,17.2256861974099,-5.));
#8736=CARTESIAN_POINT('Ctrl Pts',(61.2322135049973,17.4862836783828,-5.));
#8737=CARTESIAN_POINT('Ctrl Pts',(61.5261616154178,17.4990446327395,-5.));
#8738=CARTESIAN_POINT('',(61.5261616154178,17.4990446327395,-5.));
#8739=CARTESIAN_POINT('',(61.4827078720456,18.5000000000187,-5.9999981967727));
#8740=CARTESIAN_POINT('',(61.5261616154178,17.4990446327395,-5.));
#8741=CARTESIAN_POINT('Ctrl Pts',(61.4827078720455,18.5000000000187,-5.99999819853807));
#8742=CARTESIAN_POINT('Ctrl Pts',(60.8975810703839,18.5000000059725,-5.99995002796107));
#8743=CARTESIAN_POINT('Ctrl Pts',(59.8573147878222,18.0186162747659,-5.99779526087764));
#8744=CARTESIAN_POINT('Ctrl Pts',(59.4754009396234,16.9554440373992,-5.99619469809175));
#8745=CARTESIAN_POINT('Ctrl Pts',(59.4754009396234,16.5000000000187,-5.99619469809175));
#8746=CARTESIAN_POINT('Ctrl Pts',(60.5625566823711,16.5000000000187,-5.));
#8747=CARTESIAN_POINT('Ctrl Pts',(60.5625566823711,16.717344564842,-5.));
#8748=CARTESIAN_POINT('Ctrl Pts',(60.7343829068843,17.2256861974099,-5.));
#8749=CARTESIAN_POINT('Ctrl Pts',(61.2322135049973,17.4862836783828,-5.));
#8750=CARTESIAN_POINT('Ctrl Pts',(61.5261616154178,17.4990446327395,-5.));
#8751=CARTESIAN_POINT('Origin',(41.7499999999973,-15.2499999999975,-5.5));
#8752=CARTESIAN_POINT('',(41.2500000000022,-47.5000000000008,-6.));
#8753=CARTESIAN_POINT('',(42.2500000000019,-45.7679491924318,-5.));
#8754=CARTESIAN_POINT('Origin',(43.2500000000022,-47.5000000000005,-4.));
#8755=CARTESIAN_POINT('',(42.2500000000015,-43.0701963574577,-5.));
#8756=CARTESIAN_POINT('',(42.2499999999973,-15.2499999999974,-5.));
#8757=CARTESIAN_POINT('',(41.2500000000015,-43.0701963574578,-6.));
#8758=CARTESIAN_POINT('',(42.2500000000015,-43.0701963574577,-5.));
#8759=CARTESIAN_POINT('',(41.2499999999974,-15.2499999999975,-6.));
#8760=CARTESIAN_POINT('Ctrl Pts',(42.2509553672807,-43.0261616154178,-5.));
#8761=CARTESIAN_POINT('Ctrl Pts',(42.250318563203,-43.0408303737331,-5.));
#8762=CARTESIAN_POINT('Ctrl Pts',(42.2500000000015,-43.0555133650577,-5.));
#8763=CARTESIAN_POINT('Ctrl Pts',(42.2500000000015,-43.0701963574577,-5.));
#8764=CARTESIAN_POINT('Ctrl Pts',(41.9173035781876,-43.0116770342938,-5.33333273284602));
#8765=CARTESIAN_POINT('Ctrl Pts',(41.9168790421358,-43.0311893116897,-5.33333353412394));
#8766=CARTESIAN_POINT('Ctrl Pts',(41.9166666666682,-43.0506928295817,-5.33333333333333));
#8767=CARTESIAN_POINT('Ctrl Pts',(41.9166666666682,-43.0701963574577,-5.33333333333333));
#8768=CARTESIAN_POINT('Ctrl Pts',(41.5836517890945,-42.9971924531697,-5.66666546569205));
#8769=CARTESIAN_POINT('Ctrl Pts',(41.5834395210687,-43.0215482496463,-5.66666706824788));
#8770=CARTESIAN_POINT('Ctrl Pts',(41.5833333333348,-43.0458722941057,-5.66666666666667));
#8771=CARTESIAN_POINT('Ctrl Pts',(41.5833333333348,-43.0701963574578,-5.66666666666667));
#8772=CARTESIAN_POINT('Ctrl Pts',(41.2500000000015,-42.9827078720457,-5.99999819853807));
#8773=CARTESIAN_POINT('Ctrl Pts',(41.2500000000015,-43.0119071876029,-6.00000060237181));
#8774=CARTESIAN_POINT('Ctrl Pts',(41.2500000000015,-43.0410517586297,-6.));
#8775=CARTESIAN_POINT('Ctrl Pts',(41.2500000000015,-43.0701963574578,-6.));
#8776=CARTESIAN_POINT('Ctrl Pts',(42.2500000000015,-43.0701963574577,-5.));
#8777=CARTESIAN_POINT('Ctrl Pts',(42.2500000000015,-43.0555133650577,-5.));
#8778=CARTESIAN_POINT('Ctrl Pts',(42.250318563203,-43.0408303737331,-5.));
#8779=CARTESIAN_POINT('Ctrl Pts',(42.2509553672807,-43.0261616154178,-5.));
#8780=CARTESIAN_POINT('Ctrl Pts',(41.2500000000015,-42.9827078720457,-5.99999819853807));
#8781=CARTESIAN_POINT('Ctrl Pts',(41.2500000000015,-43.0119071876029,-6.00000060237181));
#8782=CARTESIAN_POINT('Ctrl Pts',(41.2500000000015,-43.0410517586297,-6.));
#8783=CARTESIAN_POINT('Ctrl Pts',(41.2500000000015,-43.0701963574578,-6.));
#8784=CARTESIAN_POINT('Ctrl Pts',(61.5701963574578,17.5000000000187,-5.));
#8785=CARTESIAN_POINT('Ctrl Pts',(61.5555133650578,17.5000000000187,-5.));
#8786=CARTESIAN_POINT('Ctrl Pts',(61.5408303737332,17.4996814368172,-5.));
#8787=CARTESIAN_POINT('Ctrl Pts',(61.5261616154179,17.4990446327395,-5.));
#8788=CARTESIAN_POINT('Ctrl Pts',(61.5701963574578,17.833333333352,-5.33333333333333));
#8789=CARTESIAN_POINT('Ctrl Pts',(61.5506928295817,17.833333333352,-5.33333333333333));
#8790=CARTESIAN_POINT('Ctrl Pts',(61.5311893116898,17.8331209578844,-5.33333353412394));
#8791=CARTESIAN_POINT('Ctrl Pts',(61.5116770342938,17.8326964218326,-5.33333273284602));
#8792=CARTESIAN_POINT('Ctrl Pts',(61.5701963574578,18.1666666666854,-5.66666666666667));
#8793=CARTESIAN_POINT('Ctrl Pts',(61.5458722941057,18.1666666666854,-5.66666666666667));
#8794=CARTESIAN_POINT('Ctrl Pts',(61.5215482496463,18.1665604789515,-5.66666706824788));
#8795=CARTESIAN_POINT('Ctrl Pts',(61.4971924531697,18.1663482109256,-5.66666546569205));
#8796=CARTESIAN_POINT('Ctrl Pts',(61.5701963574578,18.5000000000187,-6.));
#8797=CARTESIAN_POINT('Ctrl Pts',(61.5410517586297,18.5000000000187,-6.));
#8798=CARTESIAN_POINT('Ctrl Pts',(61.5119071876028,18.5000000000187,-6.00000060237181));
#8799=CARTESIAN_POINT('Ctrl Pts',(61.4827078720456,18.5000000000187,-5.99999819853807));
#8800=CARTESIAN_POINT('Ctrl Pts',(61.5261616154179,17.4990446327395,-5.));
#8801=CARTESIAN_POINT('Ctrl Pts',(61.5408303737332,17.4996814368172,-5.));
#8802=CARTESIAN_POINT('Ctrl Pts',(61.5555133650578,17.5000000000187,-5.));
#8803=CARTESIAN_POINT('Ctrl Pts',(61.5701963574578,17.5000000000187,-5.));
#8804=CARTESIAN_POINT('Ctrl Pts',(61.5701963574578,18.5000000000187,-6.));
#8805=CARTESIAN_POINT('Ctrl Pts',(61.5410517586297,18.5000000000187,-6.));
#8806=CARTESIAN_POINT('Ctrl Pts',(61.5119071876028,18.5000000000187,-6.00000060237181));
#8807=CARTESIAN_POINT('Ctrl Pts',(61.4827078720456,18.5000000000187,-5.99999819853807));
#8808=CARTESIAN_POINT('Origin',(2.00000000002094,3.99999999999953,-5.));
#8809=CARTESIAN_POINT('',(43.2500000000022,-45.5000000000005,-5.));
#8810=CARTESIAN_POINT('Origin',(43.2500000000022,-47.5000000000005,-5.));
#8811=CARTESIAN_POINT('',(48.9999999999955,-45.5000000000005,-5.));
#8812=CARTESIAN_POINT('',(-48.9999999999891,-45.5000000000005,-5.));
#8813=CARTESIAN_POINT('',(65.000000000001,-29.5,-5.));
#8814=CARTESIAN_POINT('Origin',(49.000000000001,-29.5000000000005,-5.));
#8815=CARTESIAN_POINT('',(65.0000000000009,-29.0000000000104,-5.));
#8816=CARTESIAN_POINT('',(65.000000000001,-29.5,-5.));
#8817=CARTESIAN_POINT('',(66.9999999999999,-27.0000000000103,-5.));
#8818=CARTESIAN_POINT('Origin',(67.0000000000009,-29.0000000000104,-5.));
#8819=CARTESIAN_POINT('',(73.0000000000005,-27.0000000000073,-5.));
#8820=CARTESIAN_POINT('',(74.,-27.0000000000068,-5.));
#8821=CARTESIAN_POINT('',(74.,-26.0000000000073,-5.));
#8822=CARTESIAN_POINT('Origin',(73.,-26.0000000000073,-5.));
#8823=CARTESIAN_POINT('',(74.,12.9999999999886,-5.));
#8824=CARTESIAN_POINT('',(74.,18.9999999999886,-5.));
#8825=CARTESIAN_POINT('',(76.0000000000123,14.9999999999886,-5.));
#8826=CARTESIAN_POINT('Origin',(76.,12.9999999999886,-5.));
#8827=CARTESIAN_POINT('',(78.0000000000114,17.0000000000065,-5.));
#8828=CARTESIAN_POINT('',(76.0000000000123,14.9999999999886,-5.));
#8829=CARTESIAN_POINT('',(78.0000000000114,17.0000000000065,-5.));
#8830=CARTESIAN_POINT('Origin',(78.4999999999971,12.7499999998491,-0.5));
#8831=CARTESIAN_POINT('',(79.00000000001,16.5857864376348,0.));
#8832=CARTESIAN_POINT('',(79.0000000000431,26.414213562327,0.));
#8833=CARTESIAN_POINT('',(78.9999999999971,12.7499999998474,0.));
#8834=CARTESIAN_POINT('',(78.0000000000417,25.9999999999557,-1.));
#8835=CARTESIAN_POINT('',(79.0000000000431,26.414213562327,0.));
#8836=CARTESIAN_POINT('',(78.0000000000114,17.0000000000065,-1.));
#8837=CARTESIAN_POINT('',(77.9999999999971,12.7499999998507,-1.));
#8838=CARTESIAN_POINT('',(79.00000000001,16.5857864376348,0.));
#8839=CARTESIAN_POINT('Origin',(55.1035533907826,-6.60355339062809,-0.5));
#8840=CARTESIAN_POINT('',(76.0000000000123,14.9999999999886,-1.));
#8841=CARTESIAN_POINT('',(54.7500000001877,-6.25000000003649,-1.));
#8842=CARTESIAN_POINT('',(76.3507010341036,13.9364874717034,0.));
#8843=CARTESIAN_POINT('Ctrl Pts',(76.0000000000123,14.9999999999886,-1.));
#8844=CARTESIAN_POINT('Ctrl Pts',(76.1340269264687,14.6764303764138,-0.676430376426014));
#8845=CARTESIAN_POINT('Ctrl Pts',(76.272950004953,14.2950427018407,-0.308515114615683));
#8846=CARTESIAN_POINT('Ctrl Pts',(76.3507010341036,13.9364874717034,-6.52256026967279E-15));
#8847=CARTESIAN_POINT('',(55.4571067813775,-6.9571067812197,0.));
#8848=CARTESIAN_POINT('Origin',(65.1035533906271,39.6035533905747,-0.5));
#8849=CARTESIAN_POINT('',(76.4142135623851,28.9999999999884,0.));
#8850=CARTESIAN_POINT('',(65.4571067812206,39.9571067811678,0.));
#8851=CARTESIAN_POINT('',(76.0000000000114,27.9999999999886,-1.));
#8852=CARTESIAN_POINT('',(76.4142135623851,28.9999999999884,0.));
#8853=CARTESIAN_POINT('',(64.7500000000336,39.2499999999817,-1.));
#8854=CARTESIAN_POINT('Origin',(33.7500000000115,28.5000000000064,-0.5));
#8855=CARTESIAN_POINT('',(66.9930542154455,28.9999999999924,0.));
#8856=CARTESIAN_POINT('',(33.7500000000117,29.0000000000064,0.));
#8857=CARTESIAN_POINT('',(66.9930542154451,27.9999999999924,-1.));
#8858=CARTESIAN_POINT('',(66.9930542154455,28.9999999999924,0.));
#8859=CARTESIAN_POINT('',(33.7500000000113,28.0000000000064,-1.));
#8860=CARTESIAN_POINT('Origin',(66.9930542154459,29.9999999999924,-0.5));
#8861=CARTESIAN_POINT('',(65.9934400923655,29.972222222215,0.));
#8862=CARTESIAN_POINT('',(64.9938259692852,29.9444444444376,-1.));
#8863=CARTESIAN_POINT('',(65.9934400923655,29.972222222215,0.));
#8864=CARTESIAN_POINT('Origin',(66.9930542154459,29.9999999999924,-1.));
#8865=CARTESIAN_POINT('Origin',(66.9930542154459,29.9999999999924,0.));
#8866=CARTESIAN_POINT('Origin',(48.9999999999991,29.4999999999995,-0.5));
#8867=CARTESIAN_POINT('',(48.9999999999948,46.4999999999995,0.));
#8868=CARTESIAN_POINT('Origin',(48.9999999999991,29.4999999999995,0.));
#8869=CARTESIAN_POINT('',(48.9999999999951,45.4999999999995,-1.));
#8870=CARTESIAN_POINT('',(48.9999999999948,46.4999999999995,0.));
#8871=CARTESIAN_POINT('Origin',(48.9999999999991,29.4999999999995,-1.));
#8872=CARTESIAN_POINT('Origin',(23.2500000000058,45.9999999999995,-0.5));
#8873=CARTESIAN_POINT('',(45.2741405216151,46.4999999999995,0.));
#8874=CARTESIAN_POINT('',(23.2500000000058,46.4999999999995,0.));
#8875=CARTESIAN_POINT('',(45.2741405216151,45.4999999999995,-1.));
#8876=CARTESIAN_POINT('',(45.2741405216151,46.4999999999995,0.));
#8877=CARTESIAN_POINT('',(23.2500000000058,45.4999999999995,-1.));
#8878=CARTESIAN_POINT('Origin',(45.2741405216151,47.4999999999995,-0.5));
#8879=CARTESIAN_POINT('',(44.3678327345785,47.0773817382588,0.));
#8880=CARTESIAN_POINT('',(43.4615249475418,46.6547634765181,-1.));
#8881=CARTESIAN_POINT('',(44.3678327345785,47.0773817382588,0.));
#8882=CARTESIAN_POINT('Origin',(45.2741405216151,47.4999999999995,-1.));
#8883=CARTESIAN_POINT('Origin',(45.2741405216151,47.4999999999995,0.));
#8884=CARTESIAN_POINT('Origin',(47.6913558072656,38.766962716832,-0.5));
#8885=CARTESIAN_POINT('',(41.4450840480259,53.3452365234809,0.));
#8886=CARTESIAN_POINT('',(48.1445097007839,38.9782718477024,0.));
#8887=CARTESIAN_POINT('',(40.5387762609893,52.9226182617402,-1.));
#8888=CARTESIAN_POINT('',(41.4450840480259,53.3452365234809,0.));
#8889=CARTESIAN_POINT('',(47.2382019137472,38.5556535859616,-1.));
#8890=CARTESIAN_POINT('Origin',(39.6324684739526,52.4999999999995,-0.5));
#8891=CARTESIAN_POINT('',(39.6324684739527,54.4999999999995,0.));
#8892=CARTESIAN_POINT('',(39.6324684739526,53.4999999999995,-1.));
#8893=CARTESIAN_POINT('',(39.6324684739527,54.4999999999995,0.));
#8894=CARTESIAN_POINT('Origin',(39.6324684739526,52.4999999999995,-1.));
#8895=CARTESIAN_POINT('Origin',(39.6324684739526,52.4999999999995,0.));
#8896=CARTESIAN_POINT('Origin',(-18.8847693673742,53.9999999999995,-0.5));
#8897=CARTESIAN_POINT('',(-39.6324684739524,54.4999999999995,0.));
#8898=CARTESIAN_POINT('',(-18.8847693673742,54.4999999999995,0.));
#8899=CARTESIAN_POINT('',(-39.6324684739524,53.4999999999995,-1.));
#8900=CARTESIAN_POINT('',(-39.6324684739524,54.4999999999995,0.));
#8901=CARTESIAN_POINT('',(-18.8847693673742,53.4999999999995,-1.));
#8902=CARTESIAN_POINT('Origin',(-39.6324684739524,52.4999999999996,-0.5));
#8903=CARTESIAN_POINT('',(-41.4450840480257,53.3452365234809,0.));
#8904=CARTESIAN_POINT('',(-40.538776260989,52.9226182617403,-1.));
#8905=CARTESIAN_POINT('',(-41.4450840480257,53.3452365234809,0.));
#8906=CARTESIAN_POINT('Origin',(-39.6324684739524,52.4999999999996,-1.));
#8907=CARTESIAN_POINT('Origin',(-39.6324684739524,52.4999999999996,0.));
#8908=CARTESIAN_POINT('Origin',(-49.1100709519915,35.7245182707349,-0.5));
#8909=CARTESIAN_POINT('',(-44.3678327345782,47.0773817382588,0.));
#8910=CARTESIAN_POINT('',(-49.5632248455098,35.9358274016053,0.));
#8911=CARTESIAN_POINT('',(-43.4615249475416,46.6547634765181,-1.));
#8912=CARTESIAN_POINT('',(-44.3678327345782,47.0773817382588,0.));
#8913=CARTESIAN_POINT('',(-48.6569170584731,35.5132091398646,-1.));
#8914=CARTESIAN_POINT('Origin',(-45.2741405216149,47.4999999999995,-0.5));
#8915=CARTESIAN_POINT('',(-45.2741405216149,46.4999999999995,0.));
#8916=CARTESIAN_POINT('',(-45.2741405216149,45.4999999999995,-1.));
#8917=CARTESIAN_POINT('',(-45.2741405216149,46.4999999999995,0.));
#8918=CARTESIAN_POINT('Origin',(-45.2741405216149,47.4999999999995,-1.));
#8919=CARTESIAN_POINT('Origin',(-45.2741405216149,47.4999999999995,0.));
#8920=CARTESIAN_POINT('Origin',(-23.2499999999916,45.9999999999995,-0.5));
#8921=CARTESIAN_POINT('',(-48.9999999999945,46.4999999999995,0.));
#8922=CARTESIAN_POINT('',(-23.2499999999916,46.4999999999995,0.));
#8923=CARTESIAN_POINT('',(-48.9999999999945,45.4999999999995,-1.));
#8924=CARTESIAN_POINT('',(-48.9999999999945,46.4999999999995,0.));
#8925=CARTESIAN_POINT('',(-23.2499999999916,45.4999999999995,-1.));
#8926=CARTESIAN_POINT('Origin',(-48.9999999999986,29.4999999999996,-0.5));
#8927=CARTESIAN_POINT('',(-65.9999999999986,29.4999999999996,0.));
#8928=CARTESIAN_POINT('Origin',(-48.9999999999986,29.4999999999996,0.));
#8929=CARTESIAN_POINT('',(-64.9999999999986,29.4999999999996,-1.));
#8930=CARTESIAN_POINT('',(-65.9999999999986,29.4999999999996,0.));
#8931=CARTESIAN_POINT('Origin',(-48.9999999999986,29.4999999999996,-1.));
#8932=CARTESIAN_POINT('Origin',(-65.4999999999986,9.24999999999715,-0.5));
#8933=CARTESIAN_POINT('',(-65.9999999999986,20.9999999999951,0.));
#8934=CARTESIAN_POINT('',(-65.9999999999986,9.24999999999715,0.));
#8935=CARTESIAN_POINT('',(-64.9999999999986,20.9999999999951,-1.));
#8936=CARTESIAN_POINT('',(-65.9999999999986,20.9999999999951,0.));
#8937=CARTESIAN_POINT('',(-64.9999999999986,9.24999999999715,-1.));
#8938=CARTESIAN_POINT('Origin',(-66.9999999999986,20.9999999999951,-0.5));
#8939=CARTESIAN_POINT('',(-66.9999999999987,19.9999999999951,0.));
#8940=CARTESIAN_POINT('',(-66.9999999999989,18.9999999999951,-1.));
#8941=CARTESIAN_POINT('',(-66.9999999999987,19.9999999999951,0.));
#8942=CARTESIAN_POINT('Origin',(-66.9999999999986,20.9999999999951,-1.));
#8943=CARTESIAN_POINT('Origin',(-66.9999999999986,20.9999999999951,0.));
#8944=CARTESIAN_POINT('Origin',(-35.7499999999925,19.4999999999898,-0.5));
#8945=CARTESIAN_POINT('',(-72.9999999999994,19.9999999999961,0.));
#8946=CARTESIAN_POINT('',(-35.7499999999924,19.9999999999898,0.));
#8947=CARTESIAN_POINT('',(-72.9999999999996,18.9999999999961,-1.));
#8948=CARTESIAN_POINT('',(-72.9999999999994,19.9999999999961,0.));
#8949=CARTESIAN_POINT('',(-35.7499999999925,18.9999999999898,-1.));
#8950=CARTESIAN_POINT('Origin',(-72.9999999999998,17.9999999999961,-0.5));
#8951=CARTESIAN_POINT('',(-74.9999999999998,17.9999999999961,0.));
#8952=CARTESIAN_POINT('',(-73.9999999999998,17.9999999999961,-1.));
#8953=CARTESIAN_POINT('',(-74.9999999999998,17.9999999999961,0.));
#8954=CARTESIAN_POINT('Origin',(-72.9999999999998,17.9999999999961,-1.));
#8955=CARTESIAN_POINT('Origin',(-72.9999999999998,17.9999999999961,0.));
#8956=CARTESIAN_POINT('Origin',(-74.4999999999998,-13.7500000000021,-0.5));
#8957=CARTESIAN_POINT('',(-74.9999999999998,-26.0000000000038,0.));
#8958=CARTESIAN_POINT('',(-74.9999999999998,-13.7500000000021,0.));
#8959=CARTESIAN_POINT('',(-73.9999999999998,-26.0000000000038,-1.));
#8960=CARTESIAN_POINT('',(-74.9999999999998,-26.0000000000038,0.));
#8961=CARTESIAN_POINT('',(-73.9999999999998,-13.7500000000021,-1.));
#8962=CARTESIAN_POINT('Origin',(-72.9999999999998,-26.0000000000038,-0.5));
#8963=CARTESIAN_POINT('',(-72.9999999999998,-28.0000000000038,0.));
#8964=CARTESIAN_POINT('',(-72.9999999999998,-27.0000000000038,-1.));
#8965=CARTESIAN_POINT('',(-72.9999999999998,-28.0000000000038,0.));
#8966=CARTESIAN_POINT('Origin',(-72.9999999999998,-26.0000000000038,-1.));
#8967=CARTESIAN_POINT('Origin',(-72.9999999999998,-26.0000000000038,0.));
#8968=CARTESIAN_POINT('Origin',(-31.2499999999943,-27.5000000000038,-0.5));
#8969=CARTESIAN_POINT('',(-66.9999999999986,-28.0000000000038,0.));
#8970=CARTESIAN_POINT('',(-31.2499999999943,-28.0000000000038,0.));
#8971=CARTESIAN_POINT('',(-66.9999999999986,-27.0000000000038,-1.));
#8972=CARTESIAN_POINT('',(-66.9999999999986,-28.0000000000038,0.));
#8973=CARTESIAN_POINT('',(-31.2499999999943,-27.0000000000038,-1.));
#8974=CARTESIAN_POINT('Origin',(-66.9999999999986,-29.0000000000038,-0.5));
#8975=CARTESIAN_POINT('',(-65.9999999999986,-29.0000000000038,0.));
#8976=CARTESIAN_POINT('',(-64.9999999999986,-29.0000000000038,-1.));
#8977=CARTESIAN_POINT('',(-65.9999999999986,-29.0000000000038,0.));
#8978=CARTESIAN_POINT('Origin',(-66.9999999999986,-29.0000000000038,-1.));
#8979=CARTESIAN_POINT('Origin',(-66.9999999999986,-29.0000000000038,0.));
#8980=CARTESIAN_POINT('Origin',(-65.4999999999986,-15.0000000000005,-0.5));
#8981=CARTESIAN_POINT('',(-65.9999999999986,-29.5000000000005,0.));
#8982=CARTESIAN_POINT('',(-65.9999999999986,-15.0000000000005,0.));
#8983=CARTESIAN_POINT('',(-64.9999999999986,-29.5000000000005,-1.));
#8984=CARTESIAN_POINT('',(-65.9999999999986,-29.5000000000005,0.));
#8985=CARTESIAN_POINT('',(-64.9999999999986,-15.0000000000005,-1.));
#8986=CARTESIAN_POINT('Origin',(-48.9999999999986,-29.5000000000005,-0.5));
#8987=CARTESIAN_POINT('',(-48.9999999999885,-46.5000000000005,0.));
#8988=CARTESIAN_POINT('Origin',(-48.9999999999986,-29.5000000000005,0.));
#8989=CARTESIAN_POINT('',(-48.9999999999891,-45.5000000000005,-1.));
#8990=CARTESIAN_POINT('',(-48.9999999999885,-46.5000000000005,0.));
#8991=CARTESIAN_POINT('Origin',(-48.9999999999986,-29.5000000000005,-1.));
#8992=CARTESIAN_POINT('Origin',(25.7500000000034,-46.0000000000005,-0.5));
#8993=CARTESIAN_POINT('',(-43.2499999999958,-46.5000000000005,0.));
#8994=CARTESIAN_POINT('',(25.7500000000034,-46.5000000000005,0.));
#8995=CARTESIAN_POINT('',(-43.2499999999958,-45.5000000000005,-1.));
#8996=CARTESIAN_POINT('',(-43.2499999999958,-46.5000000000005,0.));
#8997=CARTESIAN_POINT('',(25.7500000000034,-45.5000000000005,-1.));
#8998=CARTESIAN_POINT('Origin',(-43.2499999999958,-47.5000000000005,-0.5));
#8999=CARTESIAN_POINT('',(-42.2499999999958,-47.5000000000006,0.));
#9000=CARTESIAN_POINT('',(-42.2499999999958,-47.5000000000006,0.));
#9001=CARTESIAN_POINT('Origin',(-43.2499999999958,-47.5000000000005,-1.));
#9002=CARTESIAN_POINT('Origin',(-43.2499999999958,-47.5000000000005,0.));
#9003=CARTESIAN_POINT('Origin',(-41.7499999999928,-27.4999999999971,-0.5));
#9004=CARTESIAN_POINT('',(-42.2499999999966,-53.5000000000002,0.));
#9005=CARTESIAN_POINT('',(-42.2499999999928,-27.4999999999971,0.));
#9006=CARTESIAN_POINT('',(-42.2499999999966,-53.5000000000002,0.));
#9007=CARTESIAN_POINT('Origin',(-40.2499999999967,-53.5000000000005,-0.5));
#9008=CARTESIAN_POINT('',(-40.2499999999967,-55.5000000000005,0.));
#9009=CARTESIAN_POINT('',(-40.2499999999967,-54.5000000000005,-1.));
#9010=CARTESIAN_POINT('',(-40.2499999999967,-55.5000000000005,0.));
#9011=CARTESIAN_POINT('Origin',(-40.2499999999967,-53.5000000000005,-1.));
#9012=CARTESIAN_POINT('Origin',(-40.2499999999967,-53.5000000000005,0.));
#9013=CARTESIAN_POINT('Origin',(20.2500000000073,-55.0000000000005,-0.5));
#9014=CARTESIAN_POINT('',(40.2500000000031,-55.5000000000005,0.));
#9015=CARTESIAN_POINT('',(20.2500000000073,-55.5000000000005,0.));
#9016=CARTESIAN_POINT('',(40.2500000000031,-54.5000000000005,-1.));
#9017=CARTESIAN_POINT('',(40.2500000000031,-55.5000000000005,0.));
#9018=CARTESIAN_POINT('',(20.2500000000073,-54.5000000000005,-1.));
#9019=CARTESIAN_POINT('Origin',(40.2500000000031,-53.5000000000005,-0.5));
#9020=CARTESIAN_POINT('',(42.2500000000031,-53.5000000000002,0.));
#9021=CARTESIAN_POINT('',(41.2500000000031,-53.5000000000003,-1.));
#9022=CARTESIAN_POINT('',(42.2500000000031,-53.5000000000002,0.));
#9023=CARTESIAN_POINT('Origin',(40.2500000000031,-53.5000000000005,-1.));
#9024=CARTESIAN_POINT('Origin',(40.2500000000031,-53.5000000000005,0.));
#9025=CARTESIAN_POINT('Origin',(41.7499999999977,-17.4999999999975,-0.5));
#9026=CARTESIAN_POINT('',(42.2500000000022,-47.5000000000006,0.));
#9027=CARTESIAN_POINT('',(42.2499999999977,-17.4999999999974,0.));
#9028=CARTESIAN_POINT('',(41.2500000000022,-47.5000000000008,-1.));
#9029=CARTESIAN_POINT('',(42.2500000000022,-47.5000000000006,0.));
#9030=CARTESIAN_POINT('',(41.2499999999977,-17.4999999999976,-1.));
#9031=CARTESIAN_POINT('Origin',(43.2500000000022,-47.5000000000005,-0.5));
#9032=CARTESIAN_POINT('',(43.2500000000022,-46.5000000000005,0.));
#9033=CARTESIAN_POINT('',(43.2500000000022,-45.5000000000005,-1.));
#9034=CARTESIAN_POINT('',(43.2500000000022,-46.5000000000005,0.));
#9035=CARTESIAN_POINT('Origin',(43.2500000000022,-47.5000000000005,-1.));
#9036=CARTESIAN_POINT('Origin',(43.2500000000022,-47.5000000000005,0.));
#9037=CARTESIAN_POINT('Origin',(25.7500000000034,-46.0000000000005,-0.5));
#9038=CARTESIAN_POINT('',(48.9999999999955,-46.5000000000005,0.));
#9039=CARTESIAN_POINT('',(25.7500000000034,-46.5000000000005,0.));
#9040=CARTESIAN_POINT('',(48.9999999999955,-45.5000000000005,-1.));
#9041=CARTESIAN_POINT('',(48.9999999999955,-46.5000000000005,0.));
#9042=CARTESIAN_POINT('',(25.7500000000034,-45.5000000000005,-1.));
#9043=CARTESIAN_POINT('Origin',(49.000000000001,-29.5000000000005,-0.5));
#9044=CARTESIAN_POINT('',(66.000000000001,-29.5,0.));
#9045=CARTESIAN_POINT('Origin',(49.000000000001,-29.5000000000005,0.));
#9046=CARTESIAN_POINT('',(65.000000000001,-29.5,-1.));
#9047=CARTESIAN_POINT('',(66.000000000001,-29.5,0.));
#9048=CARTESIAN_POINT('Origin',(49.000000000001,-29.5000000000005,-1.));
#9049=CARTESIAN_POINT('Origin',(65.5000000000005,-13.7500000000049,-0.5));
#9050=CARTESIAN_POINT('',(66.0000000000009,-29.0000000000104,0.));
#9051=CARTESIAN_POINT('',(66.0000000000005,-13.7500000000049,0.));
#9052=CARTESIAN_POINT('',(65.0000000000009,-29.0000000000104,-1.));
#9053=CARTESIAN_POINT('',(66.0000000000009,-29.0000000000104,0.));
#9054=CARTESIAN_POINT('',(65.0000000000005,-13.750000000005,-1.));
#9055=CARTESIAN_POINT('Origin',(67.0000000000009,-29.0000000000104,-0.5));
#9056=CARTESIAN_POINT('',(67.0000000000004,-28.0000000000104,0.));
#9057=CARTESIAN_POINT('',(66.9999999999999,-27.0000000000103,-1.));
#9058=CARTESIAN_POINT('',(67.0000000000004,-28.0000000000104,0.));
#9059=CARTESIAN_POINT('Origin',(67.0000000000009,-29.0000000000104,-1.));
#9060=CARTESIAN_POINT('Origin',(67.0000000000009,-29.0000000000104,0.));
#9061=CARTESIAN_POINT('Origin',(38.2500000000128,-27.5000000000251,-0.5));
#9062=CARTESIAN_POINT('',(73.0000000000011,-28.0000000000073,0.));
#9063=CARTESIAN_POINT('',(38.250000000013,-28.0000000000251,0.));
#9064=CARTESIAN_POINT('',(73.0000000000005,-27.0000000000073,-1.));
#9065=CARTESIAN_POINT('',(73.0000000000011,-28.0000000000073,0.));
#9066=CARTESIAN_POINT('',(38.2500000000125,-27.0000000000251,-1.));
#9067=CARTESIAN_POINT('Origin',(73.,-26.0000000000073,-0.5));
#9068=CARTESIAN_POINT('',(75.,-26.0000000000073,0.));
#9069=CARTESIAN_POINT('',(74.,-26.0000000000073,-1.));
#9070=CARTESIAN_POINT('',(75.,-26.0000000000073,0.));
#9071=CARTESIAN_POINT('Origin',(73.,-26.0000000000073,-1.));
#9072=CARTESIAN_POINT('Origin',(73.,-26.0000000000073,0.));
#9073=CARTESIAN_POINT('Origin',(74.5,7.24999999999406,-0.5));
#9074=CARTESIAN_POINT('',(75.,12.9999999999886,0.));
#9075=CARTESIAN_POINT('',(75.,7.24999999999406,0.));
#9076=CARTESIAN_POINT('',(74.,12.9999999999886,-1.));
#9077=CARTESIAN_POINT('',(75.,12.9999999999886,0.));
#9078=CARTESIAN_POINT('',(74.,7.24999999999406,-1.));
#9079=CARTESIAN_POINT('Origin',(76.,12.9999999999886,-0.5));
#9080=CARTESIAN_POINT('Origin',(76.,12.9999999999886,-1.));
#9081=CARTESIAN_POINT('Origin',(76.,12.9999999999886,0.));
#9082=CARTESIAN_POINT('Origin',(-66.9999999999986,-29.0000000000038,0.));
#9083=CARTESIAN_POINT('',(-64.9999999999986,-29.0000000000038,0.));
#9084=CARTESIAN_POINT('',(-66.9999999999986,-27.0000000000038,0.));
#9085=CARTESIAN_POINT('Origin',(-64.9999999999986,-29.5000000000005,0.));
#9086=CARTESIAN_POINT('',(-64.9999999999986,-29.5000000000005,0.));
#9087=CARTESIAN_POINT('Origin',(-48.9999999999986,-29.5000000000005,0.));
#9088=CARTESIAN_POINT('',(-48.9999999999891,-45.5000000000005,0.));
#9089=CARTESIAN_POINT('Origin',(48.9999999999955,-45.5000000000005,0.));
#9090=CARTESIAN_POINT('',(-43.2499999999958,-45.5000000000005,0.));
#9091=CARTESIAN_POINT('Origin',(-43.2499999999958,-47.5000000000005,0.));
#9092=CARTESIAN_POINT('Origin',(-40.2499999999967,-53.5000000000005,0.));
#9093=CARTESIAN_POINT('',(-40.2499999999967,-54.5000000000005,0.));
#9094=CARTESIAN_POINT('Origin',(38.0000000000032,-54.5000000000005,0.));
#9095=CARTESIAN_POINT('',(40.2500000000031,-54.5000000000005,0.));
#9096=CARTESIAN_POINT('',(-38.9999999999968,-54.5000000000005,0.));
#9097=CARTESIAN_POINT('Origin',(40.2500000000031,-53.5000000000005,0.));
#9098=CARTESIAN_POINT('',(41.2500000000031,-53.5000000000003,0.));
#9099=CARTESIAN_POINT('Origin',(41.2500000000002,-34.5000000000005,0.));
#9100=CARTESIAN_POINT('',(41.2500000000015,-43.2479136070865,-2.96868254164178));
#9101=CARTESIAN_POINT('',(41.2500000000022,-47.5000000000008,0.));
#9102=CARTESIAN_POINT('Origin',(43.2500000000022,-47.5000000000005,0.));
#9103=CARTESIAN_POINT('',(43.2500000000022,-45.5000000000005,0.));
#9104=CARTESIAN_POINT('Origin',(48.9999999999955,-45.5000000000005,0.));
#9105=CARTESIAN_POINT('',(48.9999999999955,-45.5000000000005,0.));
#9106=CARTESIAN_POINT('Origin',(49.000000000001,-29.5000000000005,0.));
#9107=CARTESIAN_POINT('',(65.000000000001,-29.5,0.));
#9108=CARTESIAN_POINT('Origin',(65.0000000000009,-27.0000000000114,0.));
#9109=CARTESIAN_POINT('',(65.0000000000009,-29.0000000000104,0.));
#9110=CARTESIAN_POINT('Origin',(67.0000000000009,-29.0000000000104,0.));
#9111=CARTESIAN_POINT('',(66.9999999999999,-27.0000000000103,0.));
#9112=CARTESIAN_POINT('Origin',(74.,-27.0000000000068,0.));
#9113=CARTESIAN_POINT('',(73.0000000000005,-27.0000000000073,0.));
#9114=CARTESIAN_POINT('Origin',(73.,-26.0000000000073,0.));
#9115=CARTESIAN_POINT('',(74.,-26.0000000000073,0.));
#9116=CARTESIAN_POINT('Origin',(74.,14.9999999999886,0.));
#9117=CARTESIAN_POINT('',(74.,12.9999999999886,0.));
#9118=CARTESIAN_POINT('Origin',(76.,12.9999999999886,0.));
#9119=CARTESIAN_POINT('',(76.0000000000123,14.9999999999886,0.));
#9120=CARTESIAN_POINT('Origin',(78.0000000000114,17.0000000000065,0.));
#9121=CARTESIAN_POINT('',(78.0000000000114,17.0000000000065,0.));
#9122=CARTESIAN_POINT('Origin',(78.0000000000417,25.9999999999557,0.));
#9123=CARTESIAN_POINT('',(78.0000000000417,25.9999999999557,0.));
#9124=CARTESIAN_POINT('',(78.0000000000333,23.5000000000096,-12.));
#9125=CARTESIAN_POINT('',(78.0000000000333,23.5000000000096,0.));
#9126=CARTESIAN_POINT('',(78.0000000000198,19.5000000000154,-12.));
#9127=CARTESIAN_POINT('',(78.0000000000114,17.0000000000065,-12.));
#9128=CARTESIAN_POINT('',(78.0000000000198,19.5000000000154,0.));
#9129=CARTESIAN_POINT('Origin',(2.5000000000114,-0.500000000000469,0.));
#9130=CARTESIAN_POINT('',(-84.9999999999886,51.4999999999995,0.));
#9131=CARTESIAN_POINT('',(-77.9999999999886,58.4999999999995,0.));
#9132=CARTESIAN_POINT('Origin',(-77.9999999999886,51.4999999999995,0.));
#9133=CARTESIAN_POINT('',(-84.9999999999886,-52.5000000000005,0.));
#9134=CARTESIAN_POINT('',(-84.9999999999886,58.4999999999995,0.));
#9135=CARTESIAN_POINT('',(-77.9999999999886,-59.5000000000005,0.));
#9136=CARTESIAN_POINT('Origin',(-77.9999999999886,-52.5000000000005,0.));
#9137=CARTESIAN_POINT('',(83.0000000000114,-59.5000000000005,0.));
#9138=CARTESIAN_POINT('',(-84.9999999999886,-59.5000000000005,0.));
#9139=CARTESIAN_POINT('',(90.0000000000114,-52.5000000000005,0.));
#9140=CARTESIAN_POINT('Origin',(83.0000000000114,-52.5000000000005,0.));
#9141=CARTESIAN_POINT('',(90.0000000000114,51.4999999999995,0.));
#9142=CARTESIAN_POINT('',(90.0000000000114,-59.5000000000005,0.));
#9143=CARTESIAN_POINT('',(83.0000000000114,58.4999999999995,0.));
#9144=CARTESIAN_POINT('Origin',(83.0000000000114,51.4999999999995,0.));
#9145=CARTESIAN_POINT('',(90.0000000000114,58.4999999999995,0.));
#9146=CARTESIAN_POINT('Origin',(-38.9999999999968,-53.5000000000005,0.));
#9147=CARTESIAN_POINT('',(-37.9999999999968,-53.5000000000005,0.));
#9148=CARTESIAN_POINT('Origin',(-37.9999999999968,-34.5000000000005,0.));
#9149=CARTESIAN_POINT('',(-37.9999999999968,-44.6425963206393,-3.02945940382518));
#9150=CARTESIAN_POINT('Origin',(77.0000000000198,19.5000000000187,0.));
#9151=CARTESIAN_POINT('',(77.0000000000198,18.5000000000187,-12.4663076581534));
#9152=CARTESIAN_POINT('Origin',(77.0000000000198,19.5000000000187,-12.466307658155));
#9153=CARTESIAN_POINT('',(77.0000000000198,18.5000000000187,0.));
#9154=CARTESIAN_POINT('Origin',(78.0000000000165,18.5000000000187,0.));
#9155=CARTESIAN_POINT('',(60.232939449735,18.5000000000187,-20.2849163974998));
#9156=CARTESIAN_POINT('',(75.7665943941995,18.5000000000187,-13.0414541377587));
#9157=CARTESIAN_POINT('',(61.8428651507602,18.5000000000187,-1.88338143122281));
#9158=CARTESIAN_POINT('Origin',(77.0000000000333,23.500000000013,0.));
#9159=CARTESIAN_POINT('',(77.0000000000338,24.500000000013,-12.4663076581563));
#9160=CARTESIAN_POINT('',(77.0000000000338,24.500000000013,0.));
#9161=CARTESIAN_POINT('Origin',(77.0000000000333,23.500000000013,-12.466307658155));
#9162=CARTESIAN_POINT('Origin',(68.9369221296705,21.5000000000172,-16.2261826174021));
#9163=CARTESIAN_POINT('',(60.232939449733,24.500000000022,-20.2849163975101));
#9164=CARTESIAN_POINT('',(67.5526563457747,24.500000000018,-16.8716763533594));
#9165=CARTESIAN_POINT('',(58.1399112704768,26.500000000022,-21.2609114662347));
#9166=CARTESIAN_POINT('Origin',(60.2329394497338,26.500000000022,-20.2849163975129));
#9167=CARTESIAN_POINT('',(58.1399112704783,16.5000000000187,-21.2609114662183));
#9168=CARTESIAN_POINT('',(58.1399112704769,25.9999999999896,-21.2609114662338));
#9169=CARTESIAN_POINT('Origin',(60.2329394497353,16.5000000000187,-20.2849163974965));
#9170=CARTESIAN_POINT('Origin',(58.0000000000253,24.5000000000232,0.));
#9171=CARTESIAN_POINT('',(61.7669039158201,24.5000000000212,-2.75162231955712));
#9172=CARTESIAN_POINT('Origin',(-72.9999999999998,-26.0000000000038,0.));
#9173=CARTESIAN_POINT('',(-72.9999999999998,-27.0000000000038,0.));
#9174=CARTESIAN_POINT('',(-73.9999999999998,-26.0000000000038,0.));
#9175=CARTESIAN_POINT('Origin',(-64.9999999999999,-27.0000000000038,0.));
#9176=CARTESIAN_POINT('Origin',(-72.9999999999998,17.9999999999961,0.));
#9177=CARTESIAN_POINT('',(-73.9999999999998,17.9999999999961,0.));
#9178=CARTESIAN_POINT('',(-72.9999999999996,18.9999999999961,0.));
#9179=CARTESIAN_POINT('Origin',(-73.9999999999998,-27.0000000000038,0.));
#9180=CARTESIAN_POINT('Origin',(-39.6324684739524,52.4999999999996,0.));
#9181=CARTESIAN_POINT('',(-40.538776260989,52.9226182617403,0.));
#9182=CARTESIAN_POINT('',(-39.6324684739524,53.4999999999995,0.));
#9183=CARTESIAN_POINT('Origin',(-40.2695387347599,53.4999999999995,0.));
#9184=CARTESIAN_POINT('',(39.6324684739526,53.4999999999995,0.));
#9185=CARTESIAN_POINT('Origin',(39.6324684739526,52.4999999999995,0.));
#9186=CARTESIAN_POINT('',(40.5387762609893,52.9226182617402,0.));
#9187=CARTESIAN_POINT('Origin',(40.2695387347601,53.4999999999995,0.));
#9188=CARTESIAN_POINT('',(43.4615249475418,46.6547634765181,0.));
#9189=CARTESIAN_POINT('Origin',(-66.9999999999986,20.9999999999951,0.));
#9190=CARTESIAN_POINT('',(-66.9999999999989,18.9999999999951,0.));
#9191=CARTESIAN_POINT('',(-64.9999999999986,20.9999999999951,0.));
#9192=CARTESIAN_POINT('Origin',(-73.9999999999998,18.9999999999963,0.));
#9193=CARTESIAN_POINT('Origin',(61.8428651507602,16.5000000000187,-1.88338143122281));
#9194=CARTESIAN_POINT('',(59.8504757545767,16.5000000000187,-1.7090699457275));
#9195=CARTESIAN_POINT('Origin',(59.5642212862623,30.4999999999986,-4.98097349045873));
#9196=CARTESIAN_POINT('',(57.8545212386688,30.4999999999986,-24.5229344564859));
#9197=CARTESIAN_POINT('',(60.0000000000006,30.4999999999986,0.));
#9198=CARTESIAN_POINT('',(57.8545212386692,-30.5000000000007,-24.5229344564859));
#9199=CARTESIAN_POINT('',(57.8545212386689,15.2499999999994,-24.5229344564859));
#9200=CARTESIAN_POINT('',(60.000000000001,-30.5000000000007,0.));
#9201=CARTESIAN_POINT('',(59.7745145196377,26.5000000000212,-2.57731083406181));
#9202=CARTESIAN_POINT('Origin',(61.7669039158212,26.5000000000212,-2.75162231955712));
#9203=CARTESIAN_POINT('Origin',(66.9930542154459,29.9999999999924,0.));
#9204=CARTESIAN_POINT('',(64.9938259692852,29.9444444444376,0.));
#9205=CARTESIAN_POINT('',(66.9930542154451,27.9999999999924,0.));
#9206=CARTESIAN_POINT('Origin',(48.9999999999991,29.4999999999995,0.));
#9207=CARTESIAN_POINT('',(48.9999999999951,45.4999999999995,0.));
#9208=CARTESIAN_POINT('Origin',(45.2741405216151,47.4999999999995,0.));
#9209=CARTESIAN_POINT('',(45.2741405216151,45.4999999999995,0.));
#9210=CARTESIAN_POINT('Origin',(-45.2741405216149,47.4999999999995,0.));
#9211=CARTESIAN_POINT('',(-45.2741405216149,45.4999999999995,0.));
#9212=CARTESIAN_POINT('',(-43.4615249475416,46.6547634765181,0.));
#9213=CARTESIAN_POINT('Origin',(-48.9999999999945,45.4999999999995,0.));
#9214=CARTESIAN_POINT('',(-48.9999999999945,45.4999999999995,0.));
#9215=CARTESIAN_POINT('Origin',(43.2500000000015,-43.2479136070862,-2.96868254164178));
#9216=CARTESIAN_POINT('Origin',(-35.9999999999968,-44.6425963206393,-3.02945940382518));
#9217=CARTESIAN_POINT('Origin',(2.09793142691976E-13,-30.0625566823713,
-15.));
#9218=CARTESIAN_POINT('Origin',(-18.9999999999998,-33.3773530501182,-24.));
#9219=CARTESIAN_POINT('Origin',(-48.9999999999986,-33.3773530501182,-24.));
#9220=CARTESIAN_POINT('Ctrl Pts',(-48.9999999999986,-39.3545212386687,-24.5229344564859));
#9221=CARTESIAN_POINT('Ctrl Pts',(-57.8545212386668,-39.3545212386687,-24.5229344564859));
#9222=CARTESIAN_POINT('Ctrl Pts',(-57.8545212386668,-30.5000000000005,-24.5229344564859));
#9223=CARTESIAN_POINT('Ctrl Pts',(-48.9999999999986,-38.8753400942228,-30.));
#9224=CARTESIAN_POINT('Ctrl Pts',(-57.3753400942209,-38.8753400942228,-30.));
#9225=CARTESIAN_POINT('Ctrl Pts',(-57.3753400942209,-30.5000000000005,-30.));
#9226=CARTESIAN_POINT('Ctrl Pts',(-48.9999999999986,-33.3773530501182,-30.));
#9227=CARTESIAN_POINT('Ctrl Pts',(-51.8773530501163,-33.3773530501182,-30.));
#9228=CARTESIAN_POINT('Ctrl Pts',(-51.8773530501163,-30.5000000000005,-30.));
#9229=CARTESIAN_POINT('Origin',(-51.8773530501163,-30.5000000000005,-24.));
#9230=CARTESIAN_POINT('Origin',(-51.8773530501163,-15.2500000000003,-24.));
#9231=CARTESIAN_POINT('',(-57.8545212386668,30.4999999999996,-24.5229344564859));
#9232=CARTESIAN_POINT('Origin',(-51.8773530501163,30.4999999999996,-24.));
#9233=CARTESIAN_POINT('',(-57.8545212386668,-15.2500000000003,-24.5229344564859));
#9234=CARTESIAN_POINT('Ctrl Pts',(-57.8545212386668,30.4999999999996,-24.5229344564859));
#9235=CARTESIAN_POINT('Ctrl Pts',(-57.8545212386668,39.3545212386679,-24.5229344564859));
#9236=CARTESIAN_POINT('Ctrl Pts',(-48.9999999999985,39.3545212386679,-24.5229344564859));
#9237=CARTESIAN_POINT('Ctrl Pts',(-57.3753400942209,30.4999999999996,-30.));
#9238=CARTESIAN_POINT('Ctrl Pts',(-57.3753400942209,38.8753400942219,-30.));
#9239=CARTESIAN_POINT('Ctrl Pts',(-48.9999999999985,38.8753400942219,-30.));
#9240=CARTESIAN_POINT('Ctrl Pts',(-51.8773530501163,30.4999999999996,-30.));
#9241=CARTESIAN_POINT('Ctrl Pts',(-51.8773530501163,33.3773530501174,-30.));
#9242=CARTESIAN_POINT('Ctrl Pts',(-48.9999999999985,33.3773530501174,-30.));
#9243=CARTESIAN_POINT('Origin',(-48.9999999999985,30.4999999999996,-24.522934456486));
#9244=CARTESIAN_POINT('Ctrl Pts',(48.9999999999997,39.3545212386677,-24.5229344564859));
#9245=CARTESIAN_POINT('Ctrl Pts',(57.8545212386688,39.3545212386677,-24.5229344564859));
#9246=CARTESIAN_POINT('Ctrl Pts',(57.8545212386688,30.4999999999986,-24.5229344564859));
#9247=CARTESIAN_POINT('Ctrl Pts',(48.9999999999997,38.8753400942218,-30.));
#9248=CARTESIAN_POINT('Ctrl Pts',(57.3753400942229,38.8753400942218,-30.));
#9249=CARTESIAN_POINT('Ctrl Pts',(57.3753400942229,30.4999999999986,-30.));
#9250=CARTESIAN_POINT('Ctrl Pts',(48.9999999999997,33.3773530501173,-30.));
#9251=CARTESIAN_POINT('Ctrl Pts',(51.8773530501184,33.3773530501173,-30.));
#9252=CARTESIAN_POINT('Ctrl Pts',(51.8773530501184,30.4999999999986,-30.));
#9253=CARTESIAN_POINT('',(48.9999999999997,39.3545212386677,-24.5229344564859));
#9254=CARTESIAN_POINT('Origin',(48.9999999999997,33.3773530501173,-24.));
#9255=CARTESIAN_POINT('Origin',(51.8773530501184,30.4999999999986,-24.));
#9256=CARTESIAN_POINT('Origin',(48.9999999999997,30.4999999999986,-24.5229344564859));
#9257=CARTESIAN_POINT('Origin',(51.8773530501185,15.2499999999994,-24.));
#9258=CARTESIAN_POINT('Origin',(51.8773530501187,-30.5000000000007,-24.));
#9259=CARTESIAN_POINT('Ctrl Pts',(57.8545212386692,-30.5000000000007,-24.5229344564859));
#9260=CARTESIAN_POINT('Ctrl Pts',(57.8545212386692,-39.3545212386687,-24.5229344564859));
#9261=CARTESIAN_POINT('Ctrl Pts',(49.0000000000012,-39.3545212386687,-24.5229344564859));
#9262=CARTESIAN_POINT('Ctrl Pts',(57.3753400942232,-30.5000000000007,-30.));
#9263=CARTESIAN_POINT('Ctrl Pts',(57.3753400942232,-38.8753400942227,-30.));
#9264=CARTESIAN_POINT('Ctrl Pts',(49.0000000000012,-38.8753400942227,-30.));
#9265=CARTESIAN_POINT('Ctrl Pts',(51.8773530501187,-30.5000000000007,-30.));
#9266=CARTESIAN_POINT('Ctrl Pts',(51.8773530501187,-33.3773530501182,-30.));
#9267=CARTESIAN_POINT('Ctrl Pts',(49.0000000000012,-33.3773530501182,-30.));
#9268=CARTESIAN_POINT('Origin',(49.0000000000012,-30.5000000000007,-24.522934456486));
#9269=CARTESIAN_POINT('Origin',(38.0000000000006,33.3773530501173,-24.));
#9270=CARTESIAN_POINT('',(38.0000000000006,39.3545212386678,-24.5229344564859));
#9271=CARTESIAN_POINT('Origin',(49.0000000000012,-30.5000000000007,0.));
#9272=CARTESIAN_POINT('Origin',(38.0000000000006,41.0642212862613,-4.98097349045873));
#9273=CARTESIAN_POINT('',(48.9999999999997,41.4999999999995,0.));
#9274=CARTESIAN_POINT('Origin',(48.9999999999997,30.4999999999986,0.));
#9275=CARTESIAN_POINT('Origin',(-48.9999999999985,30.4999999999996,0.));
#9276=CARTESIAN_POINT('',(-59.9999999999986,30.4999999999996,0.));
#9277=CARTESIAN_POINT('Origin',(-59.5642212862603,-30.5000000000005,-4.98097349045873));
#9278=CARTESIAN_POINT('Origin',(76.0000000000114,27.9999999999886,0.));
#9279=CARTESIAN_POINT('',(76.0000000000114,27.9999999999886,0.));
#9280=CARTESIAN_POINT('Origin',(64.9999999999992,27.9999999999932,0.));
#9281=CARTESIAN_POINT('Origin',(44.0000000000001,45.4999999999995,0.));
#9282=CARTESIAN_POINT('Origin',(-43.9999999999999,45.4999999999995,0.));
#9283=CARTESIAN_POINT('Origin',(-48.9999999999986,29.4999999999996,0.));
#9284=CARTESIAN_POINT('',(-64.9999999999986,29.4999999999996,0.));
#9285=CARTESIAN_POINT('Origin',(-64.9999999999986,18.9999999999948,0.));
#9286=CARTESIAN_POINT('Origin',(-77.9999999999886,51.4999999999995,0.));
#9287=CARTESIAN_POINT('',(-77.9999999999886,58.4999999999995,-35.));
#9288=CARTESIAN_POINT('',(-84.9999999999886,51.4999999999996,-35.));
#9289=CARTESIAN_POINT('Origin',(-77.9999999999886,51.4999999999995,-35.));
#9290=CARTESIAN_POINT('',(-84.9999999999886,51.4999999999995,0.));
#9291=CARTESIAN_POINT('',(-77.9999999999886,58.4999999999995,0.));
#9292=CARTESIAN_POINT('Origin',(-84.9999999999886,-59.5000000000005,0.));
#9293=CARTESIAN_POINT('',(-84.9999999999886,-52.5000000000005,-35.));
#9294=CARTESIAN_POINT('',(-84.9999999999886,-30.0000000000005,-35.));
#9295=CARTESIAN_POINT('',(-84.9999999999886,-52.5000000000005,0.));
#9296=CARTESIAN_POINT('Origin',(2.5000000000114,-0.500000000000469,-35.));
#9297=CARTESIAN_POINT('',(83.0000000000114,58.4999999999995,-35.));
#9298=CARTESIAN_POINT('',(-41.2499999999886,58.4999999999995,-35.));
#9299=CARTESIAN_POINT('',(90.0000000000114,51.4999999999995,-35.));
#9300=CARTESIAN_POINT('Origin',(83.0000000000114,51.4999999999995,-35.));
#9301=CARTESIAN_POINT('',(90.0000000000114,-52.5000000000005,-35.));
#9302=CARTESIAN_POINT('',(90.0000000000114,28.9999999999995,-35.));
#9303=CARTESIAN_POINT('',(83.0000000000114,-59.5000000000005,-35.));
#9304=CARTESIAN_POINT('Origin',(83.0000000000114,-52.5000000000005,-35.));
#9305=CARTESIAN_POINT('',(-77.9999999999886,-59.5000000000005,-35.));
#9306=CARTESIAN_POINT('',(46.2500000000114,-59.5000000000005,-35.));
#9307=CARTESIAN_POINT('Origin',(-77.9999999999886,-52.5000000000005,-35.));
#9308=CARTESIAN_POINT('Origin',(-77.9999999999886,-52.5000000000005,0.));
#9309=CARTESIAN_POINT('',(-77.9999999999886,-59.5000000000005,0.));
#9310=CARTESIAN_POINT('Origin',(90.0000000000114,-59.5000000000005,0.));
#9311=CARTESIAN_POINT('',(83.0000000000114,-59.5000000000005,0.));
#9312=CARTESIAN_POINT('Origin',(83.0000000000114,-52.5000000000005,0.));
#9313=CARTESIAN_POINT('',(90.0000000000114,-52.5000000000005,0.));
#9314=CARTESIAN_POINT('Origin',(90.0000000000114,58.4999999999995,0.));
#9315=CARTESIAN_POINT('',(90.0000000000114,51.4999999999995,0.));
#9316=CARTESIAN_POINT('Origin',(83.0000000000114,51.4999999999995,0.));
#9317=CARTESIAN_POINT('',(83.0000000000114,58.4999999999995,0.));
#9318=CARTESIAN_POINT('Origin',(-84.9999999999886,58.4999999999995,0.));
#9319=UNCERTAINTY_MEASURE_WITH_UNIT(LENGTH_MEASURE(0.01),#9323,
'DISTANCE_ACCURACY_VALUE',
'Maximum model space distance between geometric entities at asserted c
onnectivities');
#9320=UNCERTAINTY_MEASURE_WITH_UNIT(LENGTH_MEASURE(0.01),#9323,
'DISTANCE_ACCURACY_VALUE',
'Maximum model space distance between geometric entities at asserted c
onnectivities');
#9321=(
GEOMETRIC_REPRESENTATION_CONTEXT(3)
GLOBAL_UNCERTAINTY_ASSIGNED_CONTEXT((#9319))
GLOBAL_UNIT_ASSIGNED_CONTEXT((#9323,#9325,#9326))
REPRESENTATION_CONTEXT('','3D')
);
#9322=(
GEOMETRIC_REPRESENTATION_CONTEXT(3)
GLOBAL_UNCERTAINTY_ASSIGNED_CONTEXT((#9320))
GLOBAL_UNIT_ASSIGNED_CONTEXT((#9323,#9325,#9326))
REPRESENTATION_CONTEXT('','3D')
);
#9323=(
LENGTH_UNIT()
NAMED_UNIT(*)
SI_UNIT(.MILLI.,.METRE.)
);
#9324=(
LENGTH_UNIT()
NAMED_UNIT(*)
SI_UNIT($,.METRE.)
);
#9325=(
NAMED_UNIT(*)
PLANE_ANGLE_UNIT()
SI_UNIT($,.RADIAN.)
);
#9326=(
NAMED_UNIT(*)
SI_UNIT($,.STERADIAN.)
SOLID_ANGLE_UNIT()
);
#9327=SHAPE_DEFINITION_REPRESENTATION(#9328,#9329);
#9328=PRODUCT_DEFINITION_SHAPE('',$,#9331);
#9329=SHAPE_REPRESENTATION('',(#4709),#9321);
#9330=PRODUCT_DEFINITION_CONTEXT('part definition',#9335,'design');
#9331=PRODUCT_DEFINITION('Insert','Insert',#9332,#9330);
#9332=PRODUCT_DEFINITION_FORMATION('',$,#9337);
#9333=PRODUCT_RELATED_PRODUCT_CATEGORY('Insert','Insert',(#9337));
#9334=APPLICATION_PROTOCOL_DEFINITION('international standard',
'automotive_design',2009,#9335);
#9335=APPLICATION_CONTEXT(
'Core Data for Automotive Mechanical Design Process');
#9336=PRODUCT_CONTEXT('part definition',#9335,'mechanical');
#9337=PRODUCT('Insert','Insert',$,(#9336));
#9338=PRESENTATION_STYLE_ASSIGNMENT((#9339));
#9339=SURFACE_STYLE_USAGE(.BOTH.,#9340);
#9340=SURFACE_SIDE_STYLE('',(#9341));
#9341=SURFACE_STYLE_FILL_AREA(#9342);
#9342=FILL_AREA_STYLE('Steel - Satin',(#9343));
#9343=FILL_AREA_STYLE_COLOUR('Steel - Satin',#9344);
#9344=COLOUR_RGB('Steel - Satin',0.627450980392157,0.627450980392157,0.627450980392157);
ENDSEC;
END-ISO-10303-21;
